id,patient_text,relative_text,severity
001,I feel disconnected from people,Behavior appears normal,10
002,I feel worried about everything,Mood fluctuates frequently,2
003,I feel anxious most of the day,Seems happy and social,9
004,I feel fine and stable,Seems happy and social,1
005,I feel tired and hopeless,Mood fluctuates frequently,4
006,I feel fine and stable,Actively interacts with family,10
007,I feel disconnected from people,Behavior appears normal,8
008,I feel disconnected from people,Mood fluctuates frequently,1
009,I feel worried about everything,Actively interacts with family,9
010,I feel stressed and overwhelmed,She seems withdrawn and quiet,6
011,I feel worried about everything,Behavior appears normal,1
012,I feel stressed and overwhelmed,Behavior appears normal,10
013,I feel motivated and energetic,No major change noticed,8
014,I feel calm and normal,She seems withdrawn and quiet,10
015,I feel stressed and overwhelmed,Appears emotionally distant,6
016,I feel disconnected from people,Shows signs of irritability,5
017,I feel worried about everything,Seems happy and social,6
018,I feel emotionally numb,Behavior appears normal,3
019,I feel worried about everything,Seems happy and social,10
020,I feel worried about everything,Seems happy and social,6
021,I feel tired and hopeless,Appears emotionally distant,4
022,I feel calm and normal,No major change noticed,8
023,I feel tired and hopeless,No major change noticed,5
024,I feel stressed and overwhelmed,Mood fluctuates frequently,6
025,I feel emotionally numb,Seems happy and social,10
026,I feel motivated and energetic,Mood fluctuates frequently,2
027,I feel anxious most of the day,Shows signs of irritability,6
028,I feel stressed and overwhelmed,Appears emotionally distant,6
029,I feel emotionally numb,She seems withdrawn and quiet,10
030,I feel sad without any clear reason,Seems happy and social,5
031,I feel worried about everything,He avoids family and sleeps a lot,9
032,I feel sad without any clear reason,He avoids family and sleeps a lot,5
033,I feel worried about everything,She seems withdrawn and quiet,9
034,I feel tired and hopeless,Behavior appears normal,2
035,I feel calm and normal,Appears emotionally distant,10
036,I feel fine and stable,Shows signs of irritability,3
037,I feel emotionally numb,Often prefers to stay alone,7
038,I feel calm and normal,She seems withdrawn and quiet,10
039,I feel anxious most of the day,Often prefers to stay alone,3
040,I feel anxious most of the day,He avoids family and sleeps a lot,7
041,I feel worried about everything,Appears emotionally distant,8
042,I feel tired and hopeless,She seems withdrawn and quiet,3
043,I feel stressed and overwhelmed,Actively interacts with family,1
044,I feel emotionally numb,Appears emotionally distant,3
045,I feel stressed and overwhelmed,No major change noticed,5
046,I feel emotionally numb,She seems withdrawn and quiet,9
047,I feel stressed and overwhelmed,No major change noticed,4
048,I feel motivated and energetic,Seems happy and social,6
049,I feel fine and stable,No major change noticed,6
050,I feel anxious most of the day,Actively interacts with family,5
051,I feel fine and stable,Actively interacts with family,7
052,I feel calm and normal,He avoids family and sleeps a lot,9
053,I feel fine and stable,Mood fluctuates frequently,5
054,I feel emotionally numb,Often prefers to stay alone,7
055,I feel fine and stable,Often prefers to stay alone,8
056,I feel fine and stable,Behavior appears normal,4
057,I feel motivated and energetic,No major change noticed,8
058,I feel motivated and energetic,Mood fluctuates frequently,2
059,I feel disconnected from people,Often prefers to stay alone,9
060,I feel anxious most of the day,Shows signs of irritability,10
061,I feel motivated and energetic,She seems withdrawn and quiet,8
062,I feel stressed and overwhelmed,Appears emotionally distant,9
063,I feel sad without any clear reason,Often prefers to stay alone,1
064,I feel calm and normal,She seems withdrawn and quiet,2
065,I feel fine and stable,Shows signs of irritability,10
066,I feel disconnected from people,Actively interacts with family,9
067,I feel worried about everything,Seems happy and social,3
068,I feel motivated and energetic,Appears emotionally distant,6
069,I feel worried about everything,She seems withdrawn and quiet,10
070,I feel anxious most of the day,Behavior appears normal,9
071,I feel fine and stable,Often prefers to stay alone,5
072,I feel worried about everything,Appears emotionally distant,10
073,I feel stressed and overwhelmed,No major change noticed,3
074,I feel disconnected from people,Actively interacts with family,4
075,I feel emotionally numb,Seems happy and social,3
076,I feel disconnected from people,Mood fluctuates frequently,4
077,I feel anxious most of the day,Seems happy and social,8
078,I feel emotionally numb,Seems happy and social,9
079,I feel emotionally numb,Appears emotionally distant,6
080,I feel fine and stable,No major change noticed,4
081,I feel fine and stable,Often prefers to stay alone,3
082,I feel emotionally numb,He avoids family and sleeps a lot,4
083,I feel tired and hopeless,He avoids family and sleeps a lot,9
084,I feel stressed and overwhelmed,No major change noticed,10
085,I feel anxious most of the day,Actively interacts with family,10
086,I feel fine and stable,Mood fluctuates frequently,7
087,I feel fine and stable,He avoids family and sleeps a lot,9
088,I feel sad without any clear reason,Actively interacts with family,3
089,I feel emotionally numb,Mood fluctuates frequently,8
090,I feel emotionally numb,Behavior appears normal,1
091,I feel worried about everything,Behavior appears normal,2
092,I feel fine and stable,Seems happy and social,8
093,I feel sad without any clear reason,Mood fluctuates frequently,3
094,I feel stressed and overwhelmed,Mood fluctuates frequently,2
095,I feel sad without any clear reason,Shows signs of irritability,9
096,I feel emotionally numb,She seems withdrawn and quiet,5
097,I feel tired and hopeless,Often prefers to stay alone,8
098,I feel fine and stable,Shows signs of irritability,1
099,I feel disconnected from people,Often prefers to stay alone,10
100,I feel worried about everything,Actively interacts with family,7
101,I feel emotionally numb,Shows signs of irritability,9
102,I feel calm and normal,Seems happy and social,9
103,I feel worried about everything,Seems happy and social,10
104,I feel emotionally numb,Actively interacts with family,3
105,I feel fine and stable,She seems withdrawn and quiet,10
106,I feel fine and stable,Mood fluctuates frequently,1
107,I feel tired and hopeless,No major change noticed,9
108,I feel motivated and energetic,Behavior appears normal,6
109,I feel worried about everything,Behavior appears normal,9
110,I feel emotionally numb,Shows signs of irritability,7
111,I feel worried about everything,He avoids family and sleeps a lot,1
112,I feel stressed and overwhelmed,Appears emotionally distant,10
113,I feel worried about everything,She seems withdrawn and quiet,6
114,I feel sad without any clear reason,Shows signs of irritability,8
115,I feel calm and normal,Appears emotionally distant,6
116,I feel anxious most of the day,No major change noticed,6
117,I feel tired and hopeless,Shows signs of irritability,1
118,I feel worried about everything,Often prefers to stay alone,2
119,I feel sad without any clear reason,Behavior appears normal,4
120,I feel disconnected from people,No major change noticed,6
121,I feel worried about everything,He avoids family and sleeps a lot,2
122,I feel sad without any clear reason,Often prefers to stay alone,10
123,I feel anxious most of the day,Mood fluctuates frequently,2
124,I feel calm and normal,He avoids family and sleeps a lot,3
125,I feel tired and hopeless,She seems withdrawn and quiet,8
126,I feel stressed and overwhelmed,Actively interacts with family,6
127,I feel fine and stable,Appears emotionally distant,10
128,I feel disconnected from people,Often prefers to stay alone,1
129,I feel motivated and energetic,Mood fluctuates frequently,8
130,I feel calm and normal,Shows signs of irritability,6
131,I feel worried about everything,Seems happy and social,9
132,I feel calm and normal,Mood fluctuates frequently,7
133,I feel anxious most of the day,No major change noticed,1
134,I feel worried about everything,Seems happy and social,2
135,I feel worried about everything,She seems withdrawn and quiet,7
136,I feel calm and normal,Mood fluctuates frequently,8
137,I feel emotionally numb,He avoids family and sleeps a lot,1
138,I feel disconnected from people,Shows signs of irritability,4
139,I feel stressed and overwhelmed,Appears emotionally distant,10
140,I feel motivated and energetic,No major change noticed,7
141,I feel worried about everything,She seems withdrawn and quiet,3
142,I feel calm and normal,Often prefers to stay alone,6
143,I feel worried about everything,No major change noticed,3
144,I feel fine and stable,No major change noticed,2
145,I feel motivated and energetic,Often prefers to stay alone,8
146,I feel sad without any clear reason,Mood fluctuates frequently,5
147,I feel stressed and overwhelmed,Actively interacts with family,2
148,I feel fine and stable,Behavior appears normal,1
149,I feel disconnected from people,Behavior appears normal,2
150,I feel sad without any clear reason,Appears emotionally distant,7
151,I feel emotionally numb,Often prefers to stay alone,7
152,I feel worried about everything,Mood fluctuates frequently,9
153,I feel emotionally numb,He avoids family and sleeps a lot,9
154,I feel stressed and overwhelmed,No major change noticed,10
155,I feel stressed and overwhelmed,He avoids family and sleeps a lot,7
156,I feel emotionally numb,Often prefers to stay alone,9
157,I feel stressed and overwhelmed,Mood fluctuates frequently,7
158,I feel calm and normal,Mood fluctuates frequently,4
159,I feel worried about everything,Actively interacts with family,8
160,I feel motivated and energetic,Seems happy and social,4
161,I feel stressed and overwhelmed,No major change noticed,4
162,I feel anxious most of the day,He avoids family and sleeps a lot,6
163,I feel sad without any clear reason,Often prefers to stay alone,3
164,I feel tired and hopeless,Actively interacts with family,2
165,I feel disconnected from people,Often prefers to stay alone,1
166,I feel fine and stable,Often prefers to stay alone,3
167,I feel disconnected from people,She seems withdrawn and quiet,9
168,I feel motivated and energetic,Behavior appears normal,5
169,I feel emotionally numb,Behavior appears normal,4
170,I feel sad without any clear reason,No major change noticed,9
171,I feel motivated and energetic,Appears emotionally distant,8
172,I feel emotionally numb,She seems withdrawn and quiet,7
173,I feel calm and normal,Appears emotionally distant,5
174,I feel motivated and energetic,Seems happy and social,3
175,I feel worried about everything,Actively interacts with family,9
176,I feel motivated and energetic,Often prefers to stay alone,6
177,I feel fine and stable,He avoids family and sleeps a lot,6
178,I feel anxious most of the day,He avoids family and sleeps a lot,9
179,I feel anxious most of the day,Appears emotionally distant,4
180,I feel stressed and overwhelmed,Actively interacts with family,9
181,I feel motivated and energetic,Often prefers to stay alone,4
182,I feel fine and stable,Often prefers to stay alone,3
183,I feel fine and stable,She seems withdrawn and quiet,4
184,I feel sad without any clear reason,Often prefers to stay alone,1
185,I feel calm and normal,Seems happy and social,6
186,I feel stressed and overwhelmed,Shows signs of irritability,6
187,I feel motivated and energetic,Often prefers to stay alone,7
188,I feel worried about everything,Often prefers to stay alone,3
189,I feel disconnected from people,Actively interacts with family,3
190,I feel anxious most of the day,Actively interacts with family,4
191,I feel emotionally numb,She seems withdrawn and quiet,5
192,I feel worried about everything,No major change noticed,4
193,I feel emotionally numb,Often prefers to stay alone,8
194,I feel motivated and energetic,She seems withdrawn and quiet,1
195,I feel emotionally numb,He avoids family and sleeps a lot,9
196,I feel disconnected from people,Seems happy and social,1
197,I feel tired and hopeless,Behavior appears normal,4
198,I feel worried about everything,Often prefers to stay alone,10
199,I feel worried about everything,Appears emotionally distant,4
200,I feel anxious most of the day,Mood fluctuates frequently,5
201,I feel tired and hopeless,Appears emotionally distant,1
202,I feel stressed and overwhelmed,She seems withdrawn and quiet,1
203,I feel worried about everything,Seems happy and social,4
204,I feel tired and hopeless,Often prefers to stay alone,2
205,I feel fine and stable,No major change noticed,2
206,I feel motivated and energetic,Behavior appears normal,7
207,I feel tired and hopeless,Behavior appears normal,9
208,I feel anxious most of the day,Seems happy and social,4
209,I feel worried about everything,No major change noticed,5
210,I feel sad without any clear reason,Seems happy and social,9
211,I feel worried about everything,Shows signs of irritability,8
212,I feel emotionally numb,Behavior appears normal,10
213,I feel fine and stable,Behavior appears normal,1
214,I feel motivated and energetic,Often prefers to stay alone,9
215,I feel motivated and energetic,No major change noticed,5
216,I feel sad without any clear reason,She seems withdrawn and quiet,7
217,I feel stressed and overwhelmed,He avoids family and sleeps a lot,1
218,I feel anxious most of the day,Often prefers to stay alone,2
219,I feel anxious most of the day,Behavior appears normal,10
220,I feel sad without any clear reason,Often prefers to stay alone,5
221,I feel tired and hopeless,Appears emotionally distant,2
222,I feel anxious most of the day,Seems happy and social,3
223,I feel disconnected from people,Appears emotionally distant,4
224,I feel emotionally numb,Mood fluctuates frequently,2
225,I feel motivated and energetic,No major change noticed,1
226,I feel anxious most of the day,Seems happy and social,10
227,I feel stressed and overwhelmed,No major change noticed,9
228,I feel worried about everything,Seems happy and social,6
229,I feel tired and hopeless,Often prefers to stay alone,2
230,I feel emotionally numb,Shows signs of irritability,7
231,I feel calm and normal,Mood fluctuates frequently,7
232,I feel worried about everything,No major change noticed,5
233,I feel stressed and overwhelmed,Mood fluctuates frequently,9
234,I feel anxious most of the day,Seems happy and social,1
235,I feel disconnected from people,He avoids family and sleeps a lot,10
236,I feel stressed and overwhelmed,Actively interacts with family,6
237,I feel anxious most of the day,No major change noticed,6
238,I feel tired and hopeless,Mood fluctuates frequently,6
239,I feel stressed and overwhelmed,She seems withdrawn and quiet,10
240,I feel emotionally numb,She seems withdrawn and quiet,8
241,I feel emotionally numb,She seems withdrawn and quiet,9
242,I feel worried about everything,Seems happy and social,2
243,I feel fine and stable,Mood fluctuates frequently,6
244,I feel anxious most of the day,She seems withdrawn and quiet,5
245,I feel anxious most of the day,Shows signs of irritability,7
246,I feel stressed and overwhelmed,Mood fluctuates frequently,4
247,I feel calm and normal,She seems withdrawn and quiet,7
248,I feel motivated and energetic,Often prefers to stay alone,5
249,I feel stressed and overwhelmed,Appears emotionally distant,7
250,I feel disconnected from people,He avoids family and sleeps a lot,3
251,I feel stressed and overwhelmed,Shows signs of irritability,2
252,I feel anxious most of the day,Appears emotionally distant,6
253,I feel calm and normal,Seems happy and social,10
254,I feel disconnected from people,He avoids family and sleeps a lot,9
255,I feel fine and stable,Mood fluctuates frequently,8
256,I feel worried about everything,Actively interacts with family,9
257,I feel calm and normal,No major change noticed,1
258,I feel fine and stable,Actively interacts with family,5
259,I feel emotionally numb,Appears emotionally distant,9
260,I feel anxious most of the day,No major change noticed,1
261,I feel anxious most of the day,Appears emotionally distant,8
262,I feel sad without any clear reason,Mood fluctuates frequently,10
263,I feel motivated and energetic,Often prefers to stay alone,8
264,I feel sad without any clear reason,She seems withdrawn and quiet,6
265,I feel worried about everything,Mood fluctuates frequently,4
266,I feel motivated and energetic,He avoids family and sleeps a lot,7
267,I feel disconnected from people,Appears emotionally distant,1
268,I feel emotionally numb,Behavior appears normal,5
269,I feel emotionally numb,She seems withdrawn and quiet,6
270,I feel stressed and overwhelmed,Seems happy and social,9
271,I feel calm and normal,Appears emotionally distant,9
272,I feel worried about everything,Often prefers to stay alone,2
273,I feel motivated and energetic,He avoids family and sleeps a lot,1
274,I feel tired and hopeless,Often prefers to stay alone,4
275,I feel motivated and energetic,Actively interacts with family,8
276,I feel fine and stable,Behavior appears normal,6
277,I feel anxious most of the day,Behavior appears normal,7
278,I feel fine and stable,Actively interacts with family,8
279,I feel worried about everything,Appears emotionally distant,3
280,I feel motivated and energetic,No major change noticed,1
281,I feel worried about everything,She seems withdrawn and quiet,3
282,I feel fine and stable,Behavior appears normal,5
283,I feel disconnected from people,Behavior appears normal,6
284,I feel emotionally numb,Appears emotionally distant,6
285,I feel disconnected from people,Seems happy and social,5
286,I feel stressed and overwhelmed,Seems happy and social,4
287,I feel calm and normal,Actively interacts with family,1
288,I feel fine and stable,Actively interacts with family,4
289,I feel calm and normal,Behavior appears normal,8
290,I feel stressed and overwhelmed,Behavior appears normal,1
291,I feel stressed and overwhelmed,Shows signs of irritability,1
292,I feel motivated and energetic,Seems happy and social,1
293,I feel calm and normal,She seems withdrawn and quiet,5
294,I feel emotionally numb,Appears emotionally distant,5
295,I feel motivated and energetic,Behavior appears normal,1
296,I feel motivated and energetic,Mood fluctuates frequently,2
297,I feel fine and stable,Seems happy and social,4
298,I feel disconnected from people,Appears emotionally distant,10
299,I feel disconnected from people,No major change noticed,10
300,I feel motivated and energetic,Seems happy and social,3
301,I feel emotionally numb,No major change noticed,7
302,I feel disconnected from people,Shows signs of irritability,5
303,I feel sad without any clear reason,Actively interacts with family,10
304,I feel motivated and energetic,Seems happy and social,8
305,I feel anxious most of the day,Shows signs of irritability,2
306,I feel anxious most of the day,No major change noticed,5
307,I feel fine and stable,Actively interacts with family,4
308,I feel stressed and overwhelmed,He avoids family and sleeps a lot,1
309,I feel calm and normal,She seems withdrawn and quiet,2
310,I feel anxious most of the day,He avoids family and sleeps a lot,4
311,I feel sad without any clear reason,Seems happy and social,2
312,I feel fine and stable,Appears emotionally distant,4
313,I feel motivated and energetic,Behavior appears normal,8
314,I feel calm and normal,Often prefers to stay alone,2
315,I feel stressed and overwhelmed,Shows signs of irritability,5
316,I feel calm and normal,Shows signs of irritability,9
317,I feel calm and normal,Behavior appears normal,6
318,I feel worried about everything,She seems withdrawn and quiet,10
319,I feel calm and normal,Shows signs of irritability,3
320,I feel sad without any clear reason,Actively interacts with family,2
321,I feel sad without any clear reason,Seems happy and social,1
322,I feel fine and stable,Often prefers to stay alone,7
323,I feel worried about everything,Often prefers to stay alone,4
324,I feel anxious most of the day,Behavior appears normal,2
325,I feel emotionally numb,Seems happy and social,8
326,I feel worried about everything,Actively interacts with family,7
327,I feel worried about everything,Behavior appears normal,1
328,I feel sad without any clear reason,Behavior appears normal,8
329,I feel emotionally numb,Actively interacts with family,4
330,I feel stressed and overwhelmed,She seems withdrawn and quiet,2
331,I feel disconnected from people,No major change noticed,1
332,I feel worried about everything,Actively interacts with family,2
333,I feel tired and hopeless,He avoids family and sleeps a lot,7
334,I feel sad without any clear reason,She seems withdrawn and quiet,4
335,I feel worried about everything,Often prefers to stay alone,1
336,I feel tired and hopeless,Mood fluctuates frequently,10
337,I feel motivated and energetic,Appears emotionally distant,4
338,I feel anxious most of the day,Mood fluctuates frequently,2
339,I feel sad without any clear reason,Appears emotionally distant,1
340,I feel sad without any clear reason,Seems happy and social,10
341,I feel calm and normal,No major change noticed,5
342,I feel sad without any clear reason,Shows signs of irritability,7
343,I feel calm and normal,Seems happy and social,3
344,I feel fine and stable,No major change noticed,5
345,I feel stressed and overwhelmed,He avoids family and sleeps a lot,2
346,I feel sad without any clear reason,Seems happy and social,6
347,I feel fine and stable,Seems happy and social,9
348,I feel motivated and energetic,Shows signs of irritability,1
349,I feel fine and stable,Appears emotionally distant,9
350,I feel sad without any clear reason,Appears emotionally distant,5
351,I feel calm and normal,Appears emotionally distant,2
352,I feel motivated and energetic,She seems withdrawn and quiet,9
353,I feel sad without any clear reason,No major change noticed,6
354,I feel calm and normal,Often prefers to stay alone,4
355,I feel fine and stable,He avoids family and sleeps a lot,1
356,I feel anxious most of the day,Often prefers to stay alone,3
357,I feel motivated and energetic,He avoids family and sleeps a lot,5
358,I feel tired and hopeless,She seems withdrawn and quiet,10
359,I feel sad without any clear reason,Often prefers to stay alone,9
360,I feel worried about everything,Often prefers to stay alone,7
361,I feel fine and stable,Actively interacts with family,5
362,I feel worried about everything,She seems withdrawn and quiet,5
363,I feel tired and hopeless,She seems withdrawn and quiet,10
364,I feel motivated and energetic,Shows signs of irritability,1
365,I feel emotionally numb,Behavior appears normal,1
366,I feel stressed and overwhelmed,Shows signs of irritability,9
367,I feel tired and hopeless,Mood fluctuates frequently,7
368,I feel worried about everything,He avoids family and sleeps a lot,3
369,I feel tired and hopeless,Actively interacts with family,6
370,I feel fine and stable,Often prefers to stay alone,4
371,I feel motivated and energetic,Behavior appears normal,1
372,I feel stressed and overwhelmed,Often prefers to stay alone,5
373,I feel tired and hopeless,Shows signs of irritability,1
374,I feel disconnected from people,Shows signs of irritability,3
375,I feel anxious most of the day,She seems withdrawn and quiet,6
376,I feel sad without any clear reason,No major change noticed,2
377,I feel sad without any clear reason,He avoids family and sleeps a lot,3
378,I feel motivated and energetic,Behavior appears normal,5
379,I feel tired and hopeless,Seems happy and social,7
380,I feel calm and normal,Appears emotionally distant,1
381,I feel fine and stable,Actively interacts with family,4
382,I feel disconnected from people,Often prefers to stay alone,2
383,I feel calm and normal,Behavior appears normal,3
384,I feel disconnected from people,Behavior appears normal,3
385,I feel emotionally numb,Mood fluctuates frequently,4
386,I feel worried about everything,Actively interacts with family,9
387,I feel emotionally numb,Often prefers to stay alone,5
388,I feel motivated and energetic,No major change noticed,7
389,I feel sad without any clear reason,She seems withdrawn and quiet,4
390,I feel calm and normal,Behavior appears normal,5
391,I feel calm and normal,He avoids family and sleeps a lot,2
392,I feel disconnected from people,Appears emotionally distant,10
393,I feel fine and stable,Actively interacts with family,10
394,I feel motivated and energetic,Often prefers to stay alone,3
395,I feel stressed and overwhelmed,Mood fluctuates frequently,4
396,I feel tired and hopeless,He avoids family and sleeps a lot,7
397,I feel calm and normal,Behavior appears normal,6
398,I feel motivated and energetic,Actively interacts with family,4
399,I feel anxious most of the day,She seems withdrawn and quiet,5
400,I feel calm and normal,Appears emotionally distant,8
401,I feel tired and hopeless,Appears emotionally distant,10
402,I feel emotionally numb,He avoids family and sleeps a lot,1
403,I feel disconnected from people,Often prefers to stay alone,3
404,I feel anxious most of the day,Actively interacts with family,10
405,I feel tired and hopeless,Actively interacts with family,5
406,I feel emotionally numb,Often prefers to stay alone,5
407,I feel stressed and overwhelmed,Shows signs of irritability,4
408,I feel anxious most of the day,No major change noticed,6
409,I feel sad without any clear reason,Mood fluctuates frequently,7
410,I feel tired and hopeless,Seems happy and social,1
411,I feel disconnected from people,No major change noticed,7
412,I feel calm and normal,No major change noticed,9
413,I feel motivated and energetic,Shows signs of irritability,1
414,I feel motivated and energetic,Appears emotionally distant,4
415,I feel stressed and overwhelmed,Seems happy and social,6
416,I feel tired and hopeless,Seems happy and social,6
417,I feel worried about everything,No major change noticed,3
418,I feel anxious most of the day,Appears emotionally distant,9
419,I feel tired and hopeless,No major change noticed,5
420,I feel tired and hopeless,Mood fluctuates frequently,9
421,I feel disconnected from people,He avoids family and sleeps a lot,5
422,I feel sad without any clear reason,She seems withdrawn and quiet,5
423,I feel disconnected from people,Often prefers to stay alone,7
424,I feel worried about everything,Often prefers to stay alone,7
425,I feel anxious most of the day,No major change noticed,4
426,I feel anxious most of the day,She seems withdrawn and quiet,1
427,I feel tired and hopeless,Seems happy and social,6
428,I feel tired and hopeless,Mood fluctuates frequently,2
429,I feel calm and normal,He avoids family and sleeps a lot,3
430,I feel disconnected from people,She seems withdrawn and quiet,10
431,I feel motivated and energetic,He avoids family and sleeps a lot,1
432,I feel disconnected from people,Actively interacts with family,9
433,I feel fine and stable,Behavior appears normal,5
434,I feel sad without any clear reason,She seems withdrawn and quiet,1
435,I feel motivated and energetic,Mood fluctuates frequently,2
436,I feel tired and hopeless,No major change noticed,3
437,I feel motivated and energetic,Actively interacts with family,5
438,I feel tired and hopeless,Often prefers to stay alone,10
439,I feel worried about everything,Appears emotionally distant,6
440,I feel fine and stable,Behavior appears normal,4
441,I feel emotionally numb,Shows signs of irritability,8
442,I feel tired and hopeless,Appears emotionally distant,3
443,I feel fine and stable,He avoids family and sleeps a lot,4
444,I feel disconnected from people,Seems happy and social,2
445,I feel stressed and overwhelmed,Seems happy and social,7
446,I feel disconnected from people,No major change noticed,2
447,I feel fine and stable,She seems withdrawn and quiet,6
448,I feel calm and normal,Appears emotionally distant,8
449,I feel motivated and energetic,Mood fluctuates frequently,5
450,I feel fine and stable,She seems withdrawn and quiet,2
451,I feel fine and stable,No major change noticed,7
452,I feel disconnected from people,Behavior appears normal,9
453,I feel calm and normal,Shows signs of irritability,4
454,I feel disconnected from people,Seems happy and social,5
455,I feel worried about everything,No major change noticed,3
456,I feel anxious most of the day,No major change noticed,4
457,I feel sad without any clear reason,Mood fluctuates frequently,10
458,I feel anxious most of the day,Appears emotionally distant,9
459,I feel worried about everything,Shows signs of irritability,9
460,I feel calm and normal,Shows signs of irritability,4
461,I feel motivated and energetic,Mood fluctuates frequently,8
462,I feel motivated and energetic,Appears emotionally distant,5
463,I feel motivated and energetic,Seems happy and social,3
464,I feel sad without any clear reason,Actively interacts with family,7
465,I feel calm and normal,Seems happy and social,3
466,I feel motivated and energetic,No major change noticed,4
467,I feel calm and normal,He avoids family and sleeps a lot,2
468,I feel fine and stable,Actively interacts with family,3
469,I feel anxious most of the day,Behavior appears normal,5
470,I feel worried about everything,Behavior appears normal,2
471,I feel calm and normal,Shows signs of irritability,1
472,I feel anxious most of the day,Often prefers to stay alone,10
473,I feel tired and hopeless,Actively interacts with family,10
474,I feel tired and hopeless,She seems withdrawn and quiet,7
475,I feel motivated and energetic,Mood fluctuates frequently,6
476,I feel sad without any clear reason,He avoids family and sleeps a lot,4
477,I feel anxious most of the day,Behavior appears normal,9
478,I feel fine and stable,Mood fluctuates frequently,1
479,I feel calm and normal,Shows signs of irritability,7
480,I feel disconnected from people,He avoids family and sleeps a lot,10
481,I feel disconnected from people,Actively interacts with family,10
482,I feel sad without any clear reason,Actively interacts with family,6
483,I feel fine and stable,Behavior appears normal,3
484,I feel calm and normal,Mood fluctuates frequently,7
485,I feel fine and stable,Actively interacts with family,4
486,I feel emotionally numb,Actively interacts with family,5
487,I feel disconnected from people,She seems withdrawn and quiet,9
488,I feel stressed and overwhelmed,Seems happy and social,8
489,I feel calm and normal,Seems happy and social,10
490,I feel anxious most of the day,Seems happy and social,3
491,I feel calm and normal,Often prefers to stay alone,2
492,I feel disconnected from people,He avoids family and sleeps a lot,2
493,I feel tired and hopeless,Mood fluctuates frequently,10
494,I feel fine and stable,Often prefers to stay alone,7
495,I feel fine and stable,Appears emotionally distant,10
496,I feel worried about everything,Seems happy and social,2
497,I feel anxious most of the day,She seems withdrawn and quiet,2
498,I feel worried about everything,Often prefers to stay alone,10
499,I feel calm and normal,Actively interacts with family,5
500,I feel stressed and overwhelmed,Mood fluctuates frequently,4
501,I feel sad without any clear reason,Behavior appears normal,5
502,I feel motivated and energetic,Mood fluctuates frequently,6
503,I feel worried about everything,He avoids family and sleeps a lot,9
504,I feel stressed and overwhelmed,Appears emotionally distant,10
505,I feel sad without any clear reason,Appears emotionally distant,6
506,I feel worried about everything,Behavior appears normal,10
507,I feel motivated and energetic,Often prefers to stay alone,6
508,I feel motivated and energetic,Seems happy and social,9
509,I feel disconnected from people,Actively interacts with family,6
510,I feel sad without any clear reason,She seems withdrawn and quiet,4
511,I feel fine and stable,Seems happy and social,3
512,I feel emotionally numb,Seems happy and social,2
513,I feel emotionally numb,Appears emotionally distant,6
514,I feel worried about everything,Actively interacts with family,2
515,I feel tired and hopeless,Shows signs of irritability,5
516,I feel tired and hopeless,He avoids family and sleeps a lot,2
517,I feel motivated and energetic,Behavior appears normal,3
518,I feel calm and normal,Seems happy and social,8
519,I feel fine and stable,Behavior appears normal,6
520,I feel calm and normal,Shows signs of irritability,8
521,I feel stressed and overwhelmed,Appears emotionally distant,8
522,I feel anxious most of the day,Actively interacts with family,4
523,I feel sad without any clear reason,He avoids family and sleeps a lot,5
524,I feel sad without any clear reason,Seems happy and social,9
525,I feel anxious most of the day,Actively interacts with family,2
526,I feel fine and stable,Mood fluctuates frequently,9
527,I feel worried about everything,Actively interacts with family,2
528,I feel stressed and overwhelmed,She seems withdrawn and quiet,10
529,I feel disconnected from people,Seems happy and social,4
530,I feel emotionally numb,No major change noticed,2
531,I feel motivated and energetic,He avoids family and sleeps a lot,2
532,I feel calm and normal,Shows signs of irritability,5
533,I feel stressed and overwhelmed,Behavior appears normal,2
534,I feel fine and stable,Seems happy and social,5
535,I feel emotionally numb,No major change noticed,6
536,I feel fine and stable,Shows signs of irritability,5
537,I feel worried about everything,Often prefers to stay alone,2
538,I feel calm and normal,Often prefers to stay alone,1
539,I feel sad without any clear reason,Actively interacts with family,8
540,I feel emotionally numb,Seems happy and social,9
541,I feel disconnected from people,Appears emotionally distant,6
542,I feel disconnected from people,Often prefers to stay alone,4
543,I feel anxious most of the day,Mood fluctuates frequently,1
544,I feel emotionally numb,He avoids family and sleeps a lot,8
545,I feel calm and normal,Appears emotionally distant,10
546,I feel calm and normal,Often prefers to stay alone,10
547,I feel emotionally numb,She seems withdrawn and quiet,8
548,I feel fine and stable,Mood fluctuates frequently,1
549,I feel calm and normal,No major change noticed,7
550,I feel stressed and overwhelmed,Often prefers to stay alone,1
551,I feel tired and hopeless,Often prefers to stay alone,8
552,I feel sad without any clear reason,He avoids family and sleeps a lot,7
553,I feel sad without any clear reason,Behavior appears normal,4
554,I feel disconnected from people,Actively interacts with family,4
555,I feel tired and hopeless,Appears emotionally distant,7
556,I feel calm and normal,Behavior appears normal,1
557,I feel motivated and energetic,No major change noticed,5
558,I feel calm and normal,She seems withdrawn and quiet,2
559,I feel disconnected from people,Appears emotionally distant,1
560,I feel stressed and overwhelmed,Actively interacts with family,7
561,I feel anxious most of the day,Mood fluctuates frequently,7
562,I feel stressed and overwhelmed,No major change noticed,2
563,I feel calm and normal,Behavior appears normal,6
564,I feel sad without any clear reason,No major change noticed,5
565,I feel worried about everything,Actively interacts with family,10
566,I feel motivated and energetic,Behavior appears normal,3
567,I feel worried about everything,Behavior appears normal,8
568,I feel fine and stable,Appears emotionally distant,8
569,I feel disconnected from people,Actively interacts with family,9
570,I feel motivated and energetic,He avoids family and sleeps a lot,3
571,I feel emotionally numb,Seems happy and social,5
572,I feel fine and stable,He avoids family and sleeps a lot,7
573,I feel calm and normal,He avoids family and sleeps a lot,5
574,I feel sad without any clear reason,Appears emotionally distant,9
575,I feel emotionally numb,Often prefers to stay alone,2
576,I feel anxious most of the day,Actively interacts with family,5
577,I feel motivated and energetic,Actively interacts with family,7
578,I feel fine and stable,He avoids family and sleeps a lot,10
579,I feel tired and hopeless,Often prefers to stay alone,1
580,I feel emotionally numb,Shows signs of irritability,5
581,I feel emotionally numb,She seems withdrawn and quiet,3
582,I feel calm and normal,Mood fluctuates frequently,3
583,I feel tired and hopeless,Actively interacts with family,6
584,I feel sad without any clear reason,Mood fluctuates frequently,8
585,I feel fine and stable,Seems happy and social,10
586,I feel stressed and overwhelmed,Behavior appears normal,6
587,I feel worried about everything,Often prefers to stay alone,2
588,I feel tired and hopeless,Often prefers to stay alone,4
589,I feel calm and normal,Behavior appears normal,10
590,I feel worried about everything,Often prefers to stay alone,9
591,I feel emotionally numb,Appears emotionally distant,8
592,I feel motivated and energetic,Behavior appears normal,10
593,I feel anxious most of the day,Often prefers to stay alone,3
594,I feel calm and normal,Appears emotionally distant,5
595,I feel motivated and energetic,He avoids family and sleeps a lot,10
596,I feel motivated and energetic,Seems happy and social,4
597,I feel tired and hopeless,No major change noticed,10
598,I feel disconnected from people,Behavior appears normal,6
599,I feel emotionally numb,Appears emotionally distant,4
600,I feel fine and stable,Shows signs of irritability,6
601,I feel worried about everything,Behavior appears normal,4
602,I feel sad without any clear reason,Seems happy and social,8
603,I feel disconnected from people,Shows signs of irritability,3
604,I feel sad without any clear reason,Mood fluctuates frequently,2
605,I feel stressed and overwhelmed,No major change noticed,10
606,I feel sad without any clear reason,Seems happy and social,2
607,I feel disconnected from people,Actively interacts with family,4
608,I feel motivated and energetic,Behavior appears normal,2
609,I feel tired and hopeless,Actively interacts with family,6
610,I feel stressed and overwhelmed,Appears emotionally distant,8
611,I feel worried about everything,Mood fluctuates frequently,7
612,I feel calm and normal,She seems withdrawn and quiet,6
613,I feel disconnected from people,Seems happy and social,3
614,I feel emotionally numb,Seems happy and social,6
615,I feel emotionally numb,Often prefers to stay alone,4
616,I feel fine and stable,Often prefers to stay alone,10
617,I feel disconnected from people,Appears emotionally distant,10
618,I feel worried about everything,Often prefers to stay alone,1
619,I feel stressed and overwhelmed,No major change noticed,8
620,I feel anxious most of the day,Mood fluctuates frequently,1
621,I feel disconnected from people,Shows signs of irritability,1
622,I feel emotionally numb,Shows signs of irritability,1
623,I feel worried about everything,No major change noticed,8
624,I feel stressed and overwhelmed,Mood fluctuates frequently,5
625,I feel disconnected from people,Mood fluctuates frequently,3
626,I feel disconnected from people,She seems withdrawn and quiet,4
627,I feel motivated and energetic,She seems withdrawn and quiet,10
628,I feel disconnected from people,She seems withdrawn and quiet,7
629,I feel worried about everything,Mood fluctuates frequently,1
630,I feel emotionally numb,Mood fluctuates frequently,7
631,I feel disconnected from people,No major change noticed,4
632,I feel emotionally numb,Behavior appears normal,3
633,I feel stressed and overwhelmed,Mood fluctuates frequently,1
634,I feel motivated and energetic,Actively interacts with family,8
635,I feel calm and normal,Seems happy and social,6
636,I feel emotionally numb,Appears emotionally distant,4
637,I feel worried about everything,Behavior appears normal,1
638,I feel stressed and overwhelmed,Actively interacts with family,6
639,I feel sad without any clear reason,Appears emotionally distant,10
640,I feel worried about everything,Often prefers to stay alone,10
641,I feel emotionally numb,She seems withdrawn and quiet,10
642,I feel sad without any clear reason,Shows signs of irritability,2
643,I feel tired and hopeless,Shows signs of irritability,4
644,I feel tired and hopeless,Often prefers to stay alone,7
645,I feel emotionally numb,Seems happy and social,7
646,I feel emotionally numb,She seems withdrawn and quiet,5
647,I feel emotionally numb,He avoids family and sleeps a lot,8
648,I feel calm and normal,Behavior appears normal,7
649,I feel stressed and overwhelmed,Actively interacts with family,6
650,I feel calm and normal,Shows signs of irritability,4
651,I feel worried about everything,Appears emotionally distant,3
652,I feel fine and stable,Often prefers to stay alone,4
653,I feel calm and normal,He avoids family and sleeps a lot,6
654,I feel calm and normal,Actively interacts with family,1
655,I feel fine and stable,Seems happy and social,8
656,I feel motivated and energetic,Mood fluctuates frequently,10
657,I feel motivated and energetic,Mood fluctuates frequently,4
658,I feel tired and hopeless,Appears emotionally distant,7
659,I feel tired and hopeless,She seems withdrawn and quiet,9
660,I feel tired and hopeless,Mood fluctuates frequently,1
661,I feel sad without any clear reason,Seems happy and social,5
662,I feel tired and hopeless,Shows signs of irritability,2
663,I feel calm and normal,Behavior appears normal,9
664,I feel stressed and overwhelmed,Actively interacts with family,9
665,I feel stressed and overwhelmed,Often prefers to stay alone,10
666,I feel tired and hopeless,Shows signs of irritability,8
667,I feel stressed and overwhelmed,She seems withdrawn and quiet,3
668,I feel tired and hopeless,Actively interacts with family,8
669,I feel anxious most of the day,Shows signs of irritability,5
670,I feel sad without any clear reason,No major change noticed,5
671,I feel emotionally numb,Mood fluctuates frequently,5
672,I feel sad without any clear reason,She seems withdrawn and quiet,6
673,I feel disconnected from people,She seems withdrawn and quiet,5
674,I feel motivated and energetic,She seems withdrawn and quiet,1
675,I feel fine and stable,Actively interacts with family,3
676,I feel anxious most of the day,Appears emotionally distant,3
677,I feel calm and normal,Often prefers to stay alone,1
678,I feel stressed and overwhelmed,Appears emotionally distant,8
679,I feel fine and stable,Often prefers to stay alone,2
680,I feel disconnected from people,Appears emotionally distant,5
681,I feel fine and stable,Seems happy and social,2
682,I feel anxious most of the day,Shows signs of irritability,6
683,I feel sad without any clear reason,Appears emotionally distant,2
684,I feel sad without any clear reason,Behavior appears normal,3
685,I feel disconnected from people,Often prefers to stay alone,7
686,I feel worried about everything,Actively interacts with family,4
687,I feel emotionally numb,Mood fluctuates frequently,6
688,I feel stressed and overwhelmed,She seems withdrawn and quiet,8
689,I feel fine and stable,She seems withdrawn and quiet,9
690,I feel emotionally numb,She seems withdrawn and quiet,4
691,I feel anxious most of the day,Behavior appears normal,6
692,I feel tired and hopeless,Mood fluctuates frequently,3
693,I feel worried about everything,She seems withdrawn and quiet,9
694,I feel anxious most of the day,Actively interacts with family,8
695,I feel motivated and energetic,Actively interacts with family,2
696,I feel stressed and overwhelmed,Often prefers to stay alone,1
697,I feel anxious most of the day,Actively interacts with family,6
698,I feel sad without any clear reason,Shows signs of irritability,5
699,I feel tired and hopeless,Appears emotionally distant,10
700,I feel emotionally numb,Actively interacts with family,2
701,I feel worried about everything,Actively interacts with family,1
702,I feel disconnected from people,No major change noticed,9
703,I feel motivated and energetic,Behavior appears normal,8
704,I feel tired and hopeless,Often prefers to stay alone,5
705,I feel motivated and energetic,Seems happy and social,5
706,I feel calm and normal,She seems withdrawn and quiet,6
707,I feel tired and hopeless,She seems withdrawn and quiet,5
708,I feel sad without any clear reason,He avoids family and sleeps a lot,9
709,I feel stressed and overwhelmed,He avoids family and sleeps a lot,2
710,I feel worried about everything,Seems happy and social,5
711,I feel sad without any clear reason,He avoids family and sleeps a lot,1
712,I feel anxious most of the day,She seems withdrawn and quiet,5
713,I feel stressed and overwhelmed,Shows signs of irritability,4
714,I feel stressed and overwhelmed,Seems happy and social,4
715,I feel sad without any clear reason,No major change noticed,4
716,I feel tired and hopeless,Seems happy and social,3
717,I feel calm and normal,Seems happy and social,5
718,I feel anxious most of the day,No major change noticed,9
719,I feel emotionally numb,Shows signs of irritability,7
720,I feel worried about everything,Shows signs of irritability,4
721,I feel fine and stable,Appears emotionally distant,1
722,I feel sad without any clear reason,Mood fluctuates frequently,4
723,I feel fine and stable,She seems withdrawn and quiet,4
724,I feel disconnected from people,No major change noticed,7
725,I feel worried about everything,She seems withdrawn and quiet,4
726,I feel tired and hopeless,Behavior appears normal,3
727,I feel fine and stable,Shows signs of irritability,6
728,I feel tired and hopeless,He avoids family and sleeps a lot,2
729,I feel sad without any clear reason,Actively interacts with family,7
730,I feel tired and hopeless,Seems happy and social,2
731,I feel disconnected from people,Seems happy and social,8
732,I feel tired and hopeless,Actively interacts with family,8
733,I feel sad without any clear reason,No major change noticed,9
734,I feel stressed and overwhelmed,Appears emotionally distant,7
735,I feel tired and hopeless,She seems withdrawn and quiet,10
736,I feel sad without any clear reason,No major change noticed,7
737,I feel disconnected from people,He avoids family and sleeps a lot,4
738,I feel sad without any clear reason,Often prefers to stay alone,6
739,I feel fine and stable,Seems happy and social,5
740,I feel emotionally numb,Behavior appears normal,7
741,I feel calm and normal,Behavior appears normal,8
742,I feel fine and stable,Shows signs of irritability,3
743,I feel worried about everything,Often prefers to stay alone,4
744,I feel tired and hopeless,Mood fluctuates frequently,3
745,I feel fine and stable,Seems happy and social,8
746,I feel worried about everything,Shows signs of irritability,3
747,I feel stressed and overwhelmed,No major change noticed,5
748,I feel disconnected from people,Actively interacts with family,9
749,I feel fine and stable,She seems withdrawn and quiet,8
750,I feel anxious most of the day,Actively interacts with family,6
751,I feel calm and normal,Actively interacts with family,9
752,I feel tired and hopeless,She seems withdrawn and quiet,5
753,I feel anxious most of the day,She seems withdrawn and quiet,10
754,I feel emotionally numb,She seems withdrawn and quiet,8
755,I feel motivated and energetic,Mood fluctuates frequently,7
756,I feel anxious most of the day,He avoids family and sleeps a lot,1
757,I feel tired and hopeless,She seems withdrawn and quiet,10
758,I feel sad without any clear reason,He avoids family and sleeps a lot,10
759,I feel disconnected from people,Behavior appears normal,2
760,I feel anxious most of the day,Behavior appears normal,7
761,I feel motivated and energetic,Shows signs of irritability,10
762,I feel motivated and energetic,Appears emotionally distant,6
763,I feel anxious most of the day,Behavior appears normal,4
764,I feel anxious most of the day,Shows signs of irritability,5
765,I feel fine and stable,Appears emotionally distant,6
766,I feel anxious most of the day,He avoids family and sleeps a lot,2
767,I feel fine and stable,No major change noticed,8
768,I feel worried about everything,Mood fluctuates frequently,6
769,I feel fine and stable,Mood fluctuates frequently,10
770,I feel worried about everything,Often prefers to stay alone,1
771,I feel worried about everything,No major change noticed,1
772,I feel motivated and energetic,Mood fluctuates frequently,5
773,I feel disconnected from people,He avoids family and sleeps a lot,8
774,I feel disconnected from people,No major change noticed,2
775,I feel fine and stable,She seems withdrawn and quiet,2
776,I feel worried about everything,Shows signs of irritability,1
777,I feel anxious most of the day,Shows signs of irritability,5
778,I feel emotionally numb,Seems happy and social,3
779,I feel motivated and energetic,No major change noticed,7
780,I feel calm and normal,Often prefers to stay alone,2
781,I feel calm and normal,Seems happy and social,9
782,I feel stressed and overwhelmed,Seems happy and social,7
783,I feel anxious most of the day,Actively interacts with family,7
784,I feel emotionally numb,Shows signs of irritability,6
785,I feel tired and hopeless,Mood fluctuates frequently,1
786,I feel tired and hopeless,He avoids family and sleeps a lot,6
787,I feel disconnected from people,No major change noticed,9
788,I feel worried about everything,No major change noticed,5
789,I feel fine and stable,He avoids family and sleeps a lot,6
790,I feel sad without any clear reason,She seems withdrawn and quiet,8
791,I feel disconnected from people,He avoids family and sleeps a lot,2
792,I feel motivated and energetic,Often prefers to stay alone,10
793,I feel worried about everything,She seems withdrawn and quiet,3
794,I feel fine and stable,Seems happy and social,3
795,I feel disconnected from people,Behavior appears normal,6
796,I feel worried about everything,She seems withdrawn and quiet,3
797,I feel stressed and overwhelmed,She seems withdrawn and quiet,2
798,I feel worried about everything,No major change noticed,5
799,I feel stressed and overwhelmed,Shows signs of irritability,10
800,I feel stressed and overwhelmed,She seems withdrawn and quiet,2
801,I feel disconnected from people,Shows signs of irritability,9
802,I feel emotionally numb,She seems withdrawn and quiet,5
803,I feel calm and normal,Actively interacts with family,2
804,I feel motivated and energetic,Often prefers to stay alone,6
805,I feel tired and hopeless,He avoids family and sleeps a lot,5
806,I feel calm and normal,Seems happy and social,5
807,I feel anxious most of the day,Actively interacts with family,6
808,I feel calm and normal,Often prefers to stay alone,9
809,I feel tired and hopeless,Often prefers to stay alone,10
810,I feel worried about everything,Actively interacts with family,3
811,I feel emotionally numb,Seems happy and social,9
812,I feel worried about everything,Mood fluctuates frequently,3
813,I feel fine and stable,Appears emotionally distant,6
814,I feel sad without any clear reason,Shows signs of irritability,6
815,I feel anxious most of the day,She seems withdrawn and quiet,2
816,I feel tired and hopeless,He avoids family and sleeps a lot,7
817,I feel worried about everything,Behavior appears normal,1
818,I feel calm and normal,No major change noticed,2
819,I feel emotionally numb,No major change noticed,10
820,I feel disconnected from people,Actively interacts with family,10
821,I feel calm and normal,Appears emotionally distant,7
822,I feel worried about everything,He avoids family and sleeps a lot,2
823,I feel fine and stable,Behavior appears normal,1
824,I feel sad without any clear reason,He avoids family and sleeps a lot,8
825,I feel calm and normal,Appears emotionally distant,8
826,I feel calm and normal,Mood fluctuates frequently,6
827,I feel emotionally numb,No major change noticed,2
828,I feel tired and hopeless,He avoids family and sleeps a lot,2
829,I feel tired and hopeless,Seems happy and social,3
830,I feel tired and hopeless,He avoids family and sleeps a lot,1
831,I feel emotionally numb,Shows signs of irritability,8
832,I feel calm and normal,Seems happy and social,4
833,I feel sad without any clear reason,Behavior appears normal,4
834,I feel stressed and overwhelmed,Seems happy and social,3
835,I feel worried about everything,Often prefers to stay alone,5
836,I feel sad without any clear reason,Appears emotionally distant,9
837,I feel anxious most of the day,Behavior appears normal,7
838,I feel calm and normal,Actively interacts with family,1
839,I feel worried about everything,Appears emotionally distant,1
840,I feel sad without any clear reason,No major change noticed,4
841,I feel stressed and overwhelmed,No major change noticed,7
842,I feel worried about everything,Actively interacts with family,1
843,I feel anxious most of the day,Mood fluctuates frequently,10
844,I feel emotionally numb,Shows signs of irritability,6
845,I feel tired and hopeless,Seems happy and social,4
846,I feel emotionally numb,Shows signs of irritability,2
847,I feel fine and stable,She seems withdrawn and quiet,3
848,I feel sad without any clear reason,She seems withdrawn and quiet,4
849,I feel anxious most of the day,Seems happy and social,6
850,I feel sad without any clear reason,Appears emotionally distant,4
851,I feel fine and stable,Often prefers to stay alone,7
852,I feel worried about everything,Mood fluctuates frequently,4
853,I feel worried about everything,Mood fluctuates frequently,2
854,I feel emotionally numb,No major change noticed,9
855,I feel sad without any clear reason,Seems happy and social,4
856,I feel calm and normal,No major change noticed,8
857,I feel anxious most of the day,Mood fluctuates frequently,6
858,I feel fine and stable,Seems happy and social,7
859,I feel tired and hopeless,Seems happy and social,5
860,I feel anxious most of the day,She seems withdrawn and quiet,8
861,I feel motivated and energetic,Actively interacts with family,8
862,I feel disconnected from people,Shows signs of irritability,4
863,I feel calm and normal,Behavior appears normal,10
864,I feel emotionally numb,Often prefers to stay alone,8
865,I feel stressed and overwhelmed,No major change noticed,5
866,I feel tired and hopeless,She seems withdrawn and quiet,6
867,I feel stressed and overwhelmed,Seems happy and social,10
868,I feel disconnected from people,He avoids family and sleeps a lot,6
869,I feel anxious most of the day,No major change noticed,1
870,I feel anxious most of the day,He avoids family and sleeps a lot,3
871,I feel fine and stable,Seems happy and social,4
872,I feel worried about everything,Shows signs of irritability,5
873,I feel motivated and energetic,Often prefers to stay alone,10
874,I feel fine and stable,Seems happy and social,6
875,I feel stressed and overwhelmed,Mood fluctuates frequently,6
876,I feel fine and stable,Actively interacts with family,5
877,I feel motivated and energetic,No major change noticed,7
878,I feel tired and hopeless,He avoids family and sleeps a lot,1
879,I feel anxious most of the day,Appears emotionally distant,4
880,I feel anxious most of the day,Often prefers to stay alone,1
881,I feel fine and stable,She seems withdrawn and quiet,2
882,I feel sad without any clear reason,No major change noticed,5
883,I feel tired and hopeless,Actively interacts with family,10
884,I feel disconnected from people,Actively interacts with family,2
885,I feel motivated and energetic,Often prefers to stay alone,2
886,I feel emotionally numb,She seems withdrawn and quiet,6
887,I feel tired and hopeless,He avoids family and sleeps a lot,6
888,I feel sad without any clear reason,She seems withdrawn and quiet,1
889,I feel stressed and overwhelmed,Mood fluctuates frequently,8
890,I feel emotionally numb,She seems withdrawn and quiet,9
891,I feel disconnected from people,Mood fluctuates frequently,4
892,I feel worried about everything,Behavior appears normal,10
893,I feel fine and stable,No major change noticed,10
894,I feel emotionally numb,No major change noticed,2
895,I feel stressed and overwhelmed,She seems withdrawn and quiet,6
896,I feel motivated and energetic,Behavior appears normal,10
897,I feel disconnected from people,Appears emotionally distant,1
898,I feel fine and stable,Shows signs of irritability,10
899,I feel calm and normal,Appears emotionally distant,2
900,I feel anxious most of the day,Mood fluctuates frequently,6
901,I feel fine and stable,She seems withdrawn and quiet,10
902,I feel emotionally numb,Behavior appears normal,7
903,I feel anxious most of the day,Mood fluctuates frequently,9
904,I feel stressed and overwhelmed,She seems withdrawn and quiet,6
905,I feel calm and normal,Appears emotionally distant,4
906,I feel sad without any clear reason,No major change noticed,8
907,I feel fine and stable,He avoids family and sleeps a lot,9
908,I feel emotionally numb,Often prefers to stay alone,1
909,I feel sad without any clear reason,Behavior appears normal,2
910,I feel worried about everything,No major change noticed,7
911,I feel anxious most of the day,Behavior appears normal,6
912,I feel fine and stable,He avoids family and sleeps a lot,4
913,I feel fine and stable,Seems happy and social,1
914,I feel stressed and overwhelmed,Seems happy and social,5
915,I feel worried about everything,No major change noticed,9
916,I feel worried about everything,Behavior appears normal,2
917,I feel motivated and energetic,Shows signs of irritability,1
918,I feel calm and normal,Mood fluctuates frequently,2
919,I feel anxious most of the day,Mood fluctuates frequently,10
920,I feel worried about everything,Seems happy and social,7
921,I feel disconnected from people,Seems happy and social,10
922,I feel anxious most of the day,Often prefers to stay alone,2
923,I feel sad without any clear reason,Appears emotionally distant,3
924,I feel motivated and energetic,Actively interacts with family,1
925,I feel calm and normal,Often prefers to stay alone,5
926,I feel tired and hopeless,Appears emotionally distant,4
927,I feel calm and normal,Seems happy and social,4
928,I feel worried about everything,Mood fluctuates frequently,8
929,I feel stressed and overwhelmed,Appears emotionally distant,10
930,I feel stressed and overwhelmed,Mood fluctuates frequently,7
931,I feel disconnected from people,Seems happy and social,6
932,I feel worried about everything,She seems withdrawn and quiet,10
933,I feel sad without any clear reason,She seems withdrawn and quiet,7
934,I feel emotionally numb,He avoids family and sleeps a lot,10
935,I feel disconnected from people,Appears emotionally distant,8
936,I feel emotionally numb,He avoids family and sleeps a lot,3
937,I feel motivated and energetic,Appears emotionally distant,1
938,I feel disconnected from people,He avoids family and sleeps a lot,6
939,I feel stressed and overwhelmed,Seems happy and social,7
940,I feel disconnected from people,Seems happy and social,6
941,I feel tired and hopeless,He avoids family and sleeps a lot,6
942,I feel anxious most of the day,Actively interacts with family,5
943,I feel sad without any clear reason,Behavior appears normal,6
944,I feel stressed and overwhelmed,Mood fluctuates frequently,2
945,I feel stressed and overwhelmed,Actively interacts with family,10
946,I feel emotionally numb,Shows signs of irritability,8
947,I feel motivated and energetic,Seems happy and social,6
948,I feel tired and hopeless,No major change noticed,10
949,I feel disconnected from people,Behavior appears normal,10
950,I feel sad without any clear reason,He avoids family and sleeps a lot,2
951,I feel tired and hopeless,Appears emotionally distant,5
952,I feel motivated and energetic,Behavior appears normal,4
953,I feel worried about everything,Seems happy and social,10
954,I feel worried about everything,He avoids family and sleeps a lot,1
955,I feel disconnected from people,She seems withdrawn and quiet,2
956,I feel motivated and energetic,Behavior appears normal,6
957,I feel anxious most of the day,Seems happy and social,8
958,I feel anxious most of the day,No major change noticed,1
959,I feel stressed and overwhelmed,Appears emotionally distant,8
960,I feel tired and hopeless,Often prefers to stay alone,2
961,I feel anxious most of the day,Shows signs of irritability,7
962,I feel tired and hopeless,She seems withdrawn and quiet,4
963,I feel fine and stable,She seems withdrawn and quiet,10
964,I feel worried about everything,He avoids family and sleeps a lot,1
965,I feel sad without any clear reason,Mood fluctuates frequently,5
966,I feel sad without any clear reason,Mood fluctuates frequently,9
967,I feel worried about everything,Shows signs of irritability,1
968,I feel sad without any clear reason,Actively interacts with family,1
969,I feel anxious most of the day,Shows signs of irritability,7
970,I feel anxious most of the day,Actively interacts with family,9
971,I feel emotionally numb,She seems withdrawn and quiet,3
972,I feel calm and normal,No major change noticed,4
973,I feel emotionally numb,Seems happy and social,9
974,I feel anxious most of the day,Actively interacts with family,1
975,I feel emotionally numb,No major change noticed,8
976,I feel anxious most of the day,She seems withdrawn and quiet,2
977,I feel calm and normal,He avoids family and sleeps a lot,6
978,I feel motivated and energetic,He avoids family and sleeps a lot,2
979,I feel sad without any clear reason,He avoids family and sleeps a lot,6
980,I feel emotionally numb,No major change noticed,10
981,I feel fine and stable,Seems happy and social,5
982,I feel disconnected from people,He avoids family and sleeps a lot,3
983,I feel fine and stable,He avoids family and sleeps a lot,10
984,I feel calm and normal,Mood fluctuates frequently,2
985,I feel calm and normal,Actively interacts with family,10
986,I feel disconnected from people,He avoids family and sleeps a lot,1
987,I feel disconnected from people,Behavior appears normal,2
988,I feel emotionally numb,Appears emotionally distant,1
989,I feel sad without any clear reason,She seems withdrawn and quiet,5
990,I feel sad without any clear reason,Shows signs of irritability,1
991,I feel motivated and energetic,He avoids family and sleeps a lot,9
992,I feel emotionally numb,Often prefers to stay alone,2
993,I feel calm and normal,Behavior appears normal,4
994,I feel sad without any clear reason,No major change noticed,4
995,I feel fine and stable,Behavior appears normal,3
996,I feel stressed and overwhelmed,He avoids family and sleeps a lot,5
997,I feel motivated and energetic,Mood fluctuates frequently,7
998,I feel worried about everything,Often prefers to stay alone,5
999,I feel anxious most of the day,Often prefers to stay alone,6
1000,I feel calm and normal,Behavior appears normal,4
1001,I feel anxious most of the day,Often prefers to stay alone,3
1002,I feel stressed and overwhelmed,No major change noticed,5
1003,I feel stressed and overwhelmed,She seems withdrawn and quiet,2
1004,I feel tired and hopeless,Mood fluctuates frequently,2
1005,I feel calm and normal,She seems withdrawn and quiet,2
1006,I feel stressed and overwhelmed,She seems withdrawn and quiet,6
1007,I feel tired and hopeless,She seems withdrawn and quiet,10
1008,I feel disconnected from people,Seems happy and social,7
1009,I feel anxious most of the day,Often prefers to stay alone,1
1010,I feel emotionally numb,She seems withdrawn and quiet,6
1011,I feel motivated and energetic,Behavior appears normal,5
1012,I feel tired and hopeless,Often prefers to stay alone,7
1013,I feel sad without any clear reason,He avoids family and sleeps a lot,8
1014,I feel motivated and energetic,Often prefers to stay alone,5
1015,I feel sad without any clear reason,Behavior appears normal,7
1016,I feel calm and normal,Shows signs of irritability,9
1017,I feel worried about everything,She seems withdrawn and quiet,4
1018,I feel disconnected from people,Shows signs of irritability,1
1019,I feel tired and hopeless,Actively interacts with family,4
1020,I feel worried about everything,Appears emotionally distant,3
1021,I feel worried about everything,Behavior appears normal,2
1022,I feel anxious most of the day,No major change noticed,7
1023,I feel fine and stable,No major change noticed,8
1024,I feel anxious most of the day,She seems withdrawn and quiet,6
1025,I feel motivated and energetic,Shows signs of irritability,4
1026,I feel stressed and overwhelmed,He avoids family and sleeps a lot,8
1027,I feel worried about everything,Appears emotionally distant,1
1028,I feel disconnected from people,Shows signs of irritability,9
1029,I feel tired and hopeless,Actively interacts with family,3
1030,I feel fine and stable,Seems happy and social,8
1031,I feel calm and normal,No major change noticed,6
1032,I feel sad without any clear reason,Mood fluctuates frequently,5
1033,I feel tired and hopeless,She seems withdrawn and quiet,5
1034,I feel stressed and overwhelmed,Behavior appears normal,9
1035,I feel disconnected from people,She seems withdrawn and quiet,2
1036,I feel anxious most of the day,Actively interacts with family,5
1037,I feel tired and hopeless,Appears emotionally distant,1
1038,I feel disconnected from people,Often prefers to stay alone,9
1039,I feel emotionally numb,Actively interacts with family,6
1040,I feel calm and normal,Often prefers to stay alone,8
1041,I feel motivated and energetic,Often prefers to stay alone,6
1042,I feel tired and hopeless,Seems happy and social,1
1043,I feel emotionally numb,No major change noticed,4
1044,I feel anxious most of the day,Actively interacts with family,7
1045,I feel calm and normal,Appears emotionally distant,2
1046,I feel disconnected from people,Shows signs of irritability,3
1047,I feel anxious most of the day,Actively interacts with family,8
1048,I feel tired and hopeless,Seems happy and social,6
1049,I feel tired and hopeless,No major change noticed,1
1050,I feel worried about everything,She seems withdrawn and quiet,2
1051,I feel fine and stable,Often prefers to stay alone,3
1052,I feel emotionally numb,She seems withdrawn and quiet,5
1053,I feel fine and stable,Behavior appears normal,8
1054,I feel emotionally numb,Behavior appears normal,1
1055,I feel fine and stable,Appears emotionally distant,3
1056,I feel fine and stable,Behavior appears normal,5
1057,I feel calm and normal,Actively interacts with family,1
1058,I feel worried about everything,She seems withdrawn and quiet,1
1059,I feel sad without any clear reason,Appears emotionally distant,3
1060,I feel emotionally numb,Shows signs of irritability,7
1061,I feel motivated and energetic,Shows signs of irritability,4
1062,I feel fine and stable,He avoids family and sleeps a lot,4
1063,I feel stressed and overwhelmed,Behavior appears normal,9
1064,I feel sad without any clear reason,Mood fluctuates frequently,4
1065,I feel disconnected from people,Shows signs of irritability,10
1066,I feel sad without any clear reason,Mood fluctuates frequently,1
1067,I feel worried about everything,He avoids family and sleeps a lot,7
1068,I feel emotionally numb,No major change noticed,1
1069,I feel motivated and energetic,No major change noticed,1
1070,I feel motivated and energetic,He avoids family and sleeps a lot,6
1071,I feel emotionally numb,Seems happy and social,4
1072,I feel motivated and energetic,She seems withdrawn and quiet,7
1073,I feel sad without any clear reason,Actively interacts with family,9
1074,I feel stressed and overwhelmed,No major change noticed,8
1075,I feel worried about everything,He avoids family and sleeps a lot,5
1076,I feel motivated and energetic,She seems withdrawn and quiet,8
1077,I feel disconnected from people,Shows signs of irritability,9
1078,I feel tired and hopeless,He avoids family and sleeps a lot,3
1079,I feel sad without any clear reason,Shows signs of irritability,9
1080,I feel anxious most of the day,No major change noticed,8
1081,I feel emotionally numb,Behavior appears normal,5
1082,I feel worried about everything,Mood fluctuates frequently,3
1083,I feel tired and hopeless,Shows signs of irritability,9
1084,I feel anxious most of the day,No major change noticed,5
1085,I feel emotionally numb,Behavior appears normal,2
1086,I feel tired and hopeless,Actively interacts with family,7
1087,I feel tired and hopeless,Behavior appears normal,3
1088,I feel anxious most of the day,Often prefers to stay alone,3
1089,I feel motivated and energetic,Behavior appears normal,3
1090,I feel emotionally numb,She seems withdrawn and quiet,6
1091,I feel calm and normal,Seems happy and social,8
1092,I feel fine and stable,Often prefers to stay alone,9
1093,I feel calm and normal,Appears emotionally distant,4
1094,I feel worried about everything,No major change noticed,2
1095,I feel worried about everything,Actively interacts with family,9
1096,I feel calm and normal,He avoids family and sleeps a lot,6
1097,I feel disconnected from people,Often prefers to stay alone,1
1098,I feel motivated and energetic,Behavior appears normal,3
1099,I feel motivated and energetic,Actively interacts with family,5
1100,I feel emotionally numb,Appears emotionally distant,2
1101,I feel emotionally numb,Mood fluctuates frequently,7
1102,I feel motivated and energetic,He avoids family and sleeps a lot,10
1103,I feel emotionally numb,Shows signs of irritability,6
1104,I feel fine and stable,She seems withdrawn and quiet,2
1105,I feel motivated and energetic,Appears emotionally distant,1
1106,I feel worried about everything,He avoids family and sleeps a lot,5
1107,I feel emotionally numb,Shows signs of irritability,5
1108,I feel motivated and energetic,He avoids family and sleeps a lot,4
1109,I feel emotionally numb,He avoids family and sleeps a lot,4
1110,I feel calm and normal,Seems happy and social,8
1111,I feel sad without any clear reason,Seems happy and social,6
1112,I feel disconnected from people,He avoids family and sleeps a lot,4
1113,I feel tired and hopeless,Behavior appears normal,6
1114,I feel emotionally numb,Behavior appears normal,4
1115,I feel emotionally numb,Shows signs of irritability,1
1116,I feel worried about everything,He avoids family and sleeps a lot,6
1117,I feel emotionally numb,Seems happy and social,2
1118,I feel stressed and overwhelmed,Appears emotionally distant,8
1119,I feel sad without any clear reason,He avoids family and sleeps a lot,2
1120,I feel emotionally numb,Behavior appears normal,3
1121,I feel fine and stable,She seems withdrawn and quiet,3
1122,I feel fine and stable,She seems withdrawn and quiet,6
1123,I feel stressed and overwhelmed,Shows signs of irritability,2
1124,I feel calm and normal,Behavior appears normal,4
1125,I feel motivated and energetic,Seems happy and social,8
1126,I feel calm and normal,No major change noticed,4
1127,I feel fine and stable,Behavior appears normal,1
1128,I feel anxious most of the day,No major change noticed,5
1129,I feel fine and stable,Shows signs of irritability,7
1130,I feel stressed and overwhelmed,Seems happy and social,6
1131,I feel sad without any clear reason,No major change noticed,8
1132,I feel anxious most of the day,Actively interacts with family,2
1133,I feel emotionally numb,Behavior appears normal,2
1134,I feel disconnected from people,Shows signs of irritability,3
1135,I feel calm and normal,Often prefers to stay alone,10
1136,I feel worried about everything,Seems happy and social,8
1137,I feel emotionally numb,Actively interacts with family,4
1138,I feel motivated and energetic,Appears emotionally distant,7
1139,I feel fine and stable,She seems withdrawn and quiet,8
1140,I feel calm and normal,Behavior appears normal,6
1141,I feel tired and hopeless,Seems happy and social,9
1142,I feel stressed and overwhelmed,Shows signs of irritability,9
1143,I feel fine and stable,Actively interacts with family,2
1144,I feel tired and hopeless,Seems happy and social,10
1145,I feel emotionally numb,He avoids family and sleeps a lot,7
1146,I feel fine and stable,Actively interacts with family,7
1147,I feel calm and normal,Behavior appears normal,3
1148,I feel emotionally numb,He avoids family and sleeps a lot,5
1149,I feel emotionally numb,Mood fluctuates frequently,9
1150,I feel calm and normal,Actively interacts with family,2
1151,I feel sad without any clear reason,Often prefers to stay alone,9
1152,I feel emotionally numb,Actively interacts with family,8
1153,I feel tired and hopeless,Often prefers to stay alone,2
1154,I feel worried about everything,Shows signs of irritability,3
1155,I feel fine and stable,Seems happy and social,6
1156,I feel sad without any clear reason,Often prefers to stay alone,10
1157,I feel stressed and overwhelmed,No major change noticed,9
1158,I feel stressed and overwhelmed,She seems withdrawn and quiet,2
1159,I feel stressed and overwhelmed,Actively interacts with family,9
1160,I feel calm and normal,Behavior appears normal,2
1161,I feel stressed and overwhelmed,Behavior appears normal,1
1162,I feel worried about everything,No major change noticed,5
1163,I feel tired and hopeless,Actively interacts with family,7
1164,I feel sad without any clear reason,Shows signs of irritability,5
1165,I feel sad without any clear reason,Shows signs of irritability,6
1166,I feel worried about everything,Appears emotionally distant,5
1167,I feel motivated and energetic,She seems withdrawn and quiet,9
1168,I feel fine and stable,He avoids family and sleeps a lot,4
1169,I feel emotionally numb,Often prefers to stay alone,3
1170,I feel tired and hopeless,Mood fluctuates frequently,9
1171,I feel emotionally numb,No major change noticed,1
1172,I feel emotionally numb,Shows signs of irritability,9
1173,I feel calm and normal,She seems withdrawn and quiet,4
1174,I feel motivated and energetic,Appears emotionally distant,8
1175,I feel tired and hopeless,Behavior appears normal,1
1176,I feel emotionally numb,Mood fluctuates frequently,7
1177,I feel disconnected from people,No major change noticed,9
1178,I feel calm and normal,Appears emotionally distant,10
1179,I feel disconnected from people,No major change noticed,8
1180,I feel anxious most of the day,No major change noticed,10
1181,I feel motivated and energetic,Mood fluctuates frequently,9
1182,I feel calm and normal,Shows signs of irritability,2
1183,I feel disconnected from people,He avoids family and sleeps a lot,6
1184,I feel anxious most of the day,Actively interacts with family,9
1185,I feel anxious most of the day,Behavior appears normal,4
1186,I feel sad without any clear reason,Seems happy and social,1
1187,I feel worried about everything,Shows signs of irritability,5
1188,I feel motivated and energetic,No major change noticed,6
1189,I feel worried about everything,She seems withdrawn and quiet,1
1190,I feel anxious most of the day,Shows signs of irritability,7
1191,I feel sad without any clear reason,Often prefers to stay alone,3
1192,I feel fine and stable,Actively interacts with family,7
1193,I feel worried about everything,Appears emotionally distant,9
1194,I feel anxious most of the day,She seems withdrawn and quiet,1
1195,I feel calm and normal,Behavior appears normal,8
1196,I feel sad without any clear reason,He avoids family and sleeps a lot,4
1197,I feel fine and stable,Mood fluctuates frequently,2
1198,I feel calm and normal,Seems happy and social,4
1199,I feel fine and stable,Mood fluctuates frequently,2
1200,I feel sad without any clear reason,Actively interacts with family,2
1201,I feel calm and normal,Shows signs of irritability,4
1202,I feel calm and normal,Often prefers to stay alone,5
1203,I feel worried about everything,No major change noticed,7
1204,I feel stressed and overwhelmed,Behavior appears normal,10
1205,I feel anxious most of the day,Seems happy and social,4
1206,I feel stressed and overwhelmed,Seems happy and social,3
1207,I feel stressed and overwhelmed,He avoids family and sleeps a lot,8
1208,I feel worried about everything,Actively interacts with family,5
1209,I feel worried about everything,Seems happy and social,1
1210,I feel motivated and energetic,Behavior appears normal,6
1211,I feel motivated and energetic,Actively interacts with family,3
1212,I feel disconnected from people,Appears emotionally distant,4
1213,I feel tired and hopeless,Appears emotionally distant,6
1214,I feel fine and stable,Behavior appears normal,10
1215,I feel fine and stable,Appears emotionally distant,8
1216,I feel calm and normal,She seems withdrawn and quiet,5
1217,I feel sad without any clear reason,Actively interacts with family,6
1218,I feel sad without any clear reason,Often prefers to stay alone,1
1219,I feel sad without any clear reason,He avoids family and sleeps a lot,5
1220,I feel stressed and overwhelmed,Often prefers to stay alone,1
1221,I feel emotionally numb,Actively interacts with family,4
1222,I feel anxious most of the day,He avoids family and sleeps a lot,10
1223,I feel stressed and overwhelmed,Mood fluctuates frequently,3
1224,I feel stressed and overwhelmed,She seems withdrawn and quiet,1
1225,I feel calm and normal,She seems withdrawn and quiet,9
1226,I feel stressed and overwhelmed,Shows signs of irritability,10
1227,I feel disconnected from people,She seems withdrawn and quiet,2
1228,I feel motivated and energetic,Mood fluctuates frequently,3
1229,I feel anxious most of the day,Mood fluctuates frequently,2
1230,I feel emotionally numb,Appears emotionally distant,10
1231,I feel anxious most of the day,He avoids family and sleeps a lot,4
1232,I feel tired and hopeless,Actively interacts with family,7
1233,I feel worried about everything,Often prefers to stay alone,5
1234,I feel disconnected from people,No major change noticed,6
1235,I feel calm and normal,No major change noticed,7
1236,I feel worried about everything,Actively interacts with family,6
1237,I feel worried about everything,Often prefers to stay alone,9
1238,I feel calm and normal,Seems happy and social,5
1239,I feel sad without any clear reason,Often prefers to stay alone,9
1240,I feel motivated and energetic,She seems withdrawn and quiet,9
1241,I feel emotionally numb,He avoids family and sleeps a lot,2
1242,I feel calm and normal,Behavior appears normal,5
1243,I feel motivated and energetic,No major change noticed,2
1244,I feel worried about everything,Often prefers to stay alone,6
1245,I feel emotionally numb,Seems happy and social,3
1246,I feel calm and normal,Seems happy and social,1
1247,I feel anxious most of the day,She seems withdrawn and quiet,1
1248,I feel disconnected from people,He avoids family and sleeps a lot,4
1249,I feel sad without any clear reason,No major change noticed,5
1250,I feel motivated and energetic,Appears emotionally distant,6
1251,I feel worried about everything,Appears emotionally distant,3
1252,I feel stressed and overwhelmed,No major change noticed,2
1253,I feel calm and normal,He avoids family and sleeps a lot,3
1254,I feel disconnected from people,No major change noticed,4
1255,I feel emotionally numb,Appears emotionally distant,4
1256,I feel worried about everything,Mood fluctuates frequently,7
1257,I feel calm and normal,Mood fluctuates frequently,8
1258,I feel fine and stable,Actively interacts with family,6
1259,I feel sad without any clear reason,Seems happy and social,10
1260,I feel emotionally numb,Mood fluctuates frequently,6
1261,I feel disconnected from people,Mood fluctuates frequently,3
1262,I feel disconnected from people,He avoids family and sleeps a lot,8
1263,I feel worried about everything,Seems happy and social,9
1264,I feel fine and stable,Actively interacts with family,10
1265,I feel disconnected from people,Behavior appears normal,1
1266,I feel stressed and overwhelmed,Actively interacts with family,2
1267,I feel sad without any clear reason,Seems happy and social,1
1268,I feel emotionally numb,Seems happy and social,4
1269,I feel motivated and energetic,No major change noticed,4
1270,I feel emotionally numb,No major change noticed,10
1271,I feel calm and normal,Seems happy and social,9
1272,I feel tired and hopeless,No major change noticed,7
1273,I feel disconnected from people,Behavior appears normal,4
1274,I feel disconnected from people,Seems happy and social,5
1275,I feel worried about everything,Actively interacts with family,6
1276,I feel motivated and energetic,Shows signs of irritability,8
1277,I feel tired and hopeless,Actively interacts with family,2
1278,I feel sad without any clear reason,Appears emotionally distant,8
1279,I feel fine and stable,Seems happy and social,3
1280,I feel emotionally numb,Actively interacts with family,5
1281,I feel emotionally numb,No major change noticed,1
1282,I feel anxious most of the day,No major change noticed,4
1283,I feel stressed and overwhelmed,Shows signs of irritability,3
1284,I feel stressed and overwhelmed,He avoids family and sleeps a lot,5
1285,I feel worried about everything,Often prefers to stay alone,10
1286,I feel sad without any clear reason,She seems withdrawn and quiet,10
1287,I feel motivated and energetic,Often prefers to stay alone,3
1288,I feel worried about everything,Mood fluctuates frequently,8
1289,I feel motivated and energetic,Actively interacts with family,5
1290,I feel sad without any clear reason,Behavior appears normal,10
1291,I feel fine and stable,He avoids family and sleeps a lot,8
1292,I feel stressed and overwhelmed,He avoids family and sleeps a lot,2
1293,I feel stressed and overwhelmed,Mood fluctuates frequently,9
1294,I feel stressed and overwhelmed,Seems happy and social,3
1295,I feel anxious most of the day,Often prefers to stay alone,6
1296,I feel fine and stable,She seems withdrawn and quiet,6
1297,I feel stressed and overwhelmed,He avoids family and sleeps a lot,8
1298,I feel motivated and energetic,Appears emotionally distant,1
1299,I feel anxious most of the day,She seems withdrawn and quiet,6
1300,I feel sad without any clear reason,He avoids family and sleeps a lot,4
1301,I feel stressed and overwhelmed,He avoids family and sleeps a lot,8
1302,I feel stressed and overwhelmed,He avoids family and sleeps a lot,6
1303,I feel calm and normal,She seems withdrawn and quiet,7
1304,I feel worried about everything,Often prefers to stay alone,9
1305,I feel tired and hopeless,Seems happy and social,1
1306,I feel sad without any clear reason,Mood fluctuates frequently,1
1307,I feel anxious most of the day,Shows signs of irritability,5
1308,I feel disconnected from people,Shows signs of irritability,7
1309,I feel anxious most of the day,Mood fluctuates frequently,8
1310,I feel worried about everything,Mood fluctuates frequently,3
1311,I feel calm and normal,Shows signs of irritability,1
1312,I feel emotionally numb,Actively interacts with family,7
1313,I feel tired and hopeless,He avoids family and sleeps a lot,7
1314,I feel sad without any clear reason,Shows signs of irritability,8
1315,I feel sad without any clear reason,Actively interacts with family,7
1316,I feel calm and normal,She seems withdrawn and quiet,2
1317,I feel stressed and overwhelmed,No major change noticed,1
1318,I feel worried about everything,Mood fluctuates frequently,10
1319,I feel stressed and overwhelmed,He avoids family and sleeps a lot,5
1320,I feel worried about everything,Shows signs of irritability,7
1321,I feel disconnected from people,Often prefers to stay alone,9
1322,I feel stressed and overwhelmed,Appears emotionally distant,3
1323,I feel calm and normal,Seems happy and social,4
1324,I feel motivated and energetic,He avoids family and sleeps a lot,4
1325,I feel emotionally numb,Seems happy and social,3
1326,I feel tired and hopeless,Seems happy and social,1
1327,I feel fine and stable,Shows signs of irritability,7
1328,I feel anxious most of the day,Often prefers to stay alone,4
1329,I feel worried about everything,He avoids family and sleeps a lot,3
1330,I feel emotionally numb,No major change noticed,8
1331,I feel fine and stable,She seems withdrawn and quiet,3
1332,I feel disconnected from people,Appears emotionally distant,4
1333,I feel stressed and overwhelmed,He avoids family and sleeps a lot,10
1334,I feel disconnected from people,Appears emotionally distant,7
1335,I feel motivated and energetic,No major change noticed,10
1336,I feel tired and hopeless,Appears emotionally distant,7
1337,I feel motivated and energetic,Mood fluctuates frequently,9
1338,I feel stressed and overwhelmed,Appears emotionally distant,3
1339,I feel motivated and energetic,No major change noticed,10
1340,I feel anxious most of the day,Mood fluctuates frequently,9
1341,I feel worried about everything,Appears emotionally distant,6
1342,I feel anxious most of the day,She seems withdrawn and quiet,1
1343,I feel stressed and overwhelmed,Shows signs of irritability,4
1344,I feel worried about everything,He avoids family and sleeps a lot,1
1345,I feel worried about everything,No major change noticed,9
1346,I feel fine and stable,Shows signs of irritability,2
1347,I feel motivated and energetic,Mood fluctuates frequently,7
1348,I feel fine and stable,She seems withdrawn and quiet,10
1349,I feel motivated and energetic,Actively interacts with family,10
1350,I feel tired and hopeless,She seems withdrawn and quiet,8
1351,I feel sad without any clear reason,Mood fluctuates frequently,4
1352,I feel emotionally numb,Shows signs of irritability,1
1353,I feel motivated and energetic,Often prefers to stay alone,3
1354,I feel fine and stable,Often prefers to stay alone,3
1355,I feel tired and hopeless,No major change noticed,10
1356,I feel sad without any clear reason,Shows signs of irritability,5
1357,I feel disconnected from people,Appears emotionally distant,3
1358,I feel emotionally numb,Often prefers to stay alone,6
1359,I feel disconnected from people,He avoids family and sleeps a lot,4
1360,I feel worried about everything,Mood fluctuates frequently,10
1361,I feel disconnected from people,Often prefers to stay alone,10
1362,I feel worried about everything,No major change noticed,10
1363,I feel emotionally numb,Often prefers to stay alone,1
1364,I feel calm and normal,Appears emotionally distant,10
1365,I feel emotionally numb,He avoids family and sleeps a lot,8
1366,I feel stressed and overwhelmed,He avoids family and sleeps a lot,9
1367,I feel anxious most of the day,He avoids family and sleeps a lot,3
1368,I feel sad without any clear reason,She seems withdrawn and quiet,7
1369,I feel anxious most of the day,Mood fluctuates frequently,1
1370,I feel anxious most of the day,Often prefers to stay alone,6
1371,I feel tired and hopeless,Seems happy and social,2
1372,I feel sad without any clear reason,Mood fluctuates frequently,8
1373,I feel disconnected from people,Seems happy and social,7
1374,I feel disconnected from people,Behavior appears normal,3
1375,I feel tired and hopeless,Appears emotionally distant,1
1376,I feel calm and normal,Often prefers to stay alone,3
1377,I feel motivated and energetic,She seems withdrawn and quiet,9
1378,I feel stressed and overwhelmed,Mood fluctuates frequently,7
1379,I feel motivated and energetic,No major change noticed,7
1380,I feel emotionally numb,Mood fluctuates frequently,7
1381,I feel tired and hopeless,Shows signs of irritability,5
1382,I feel fine and stable,Seems happy and social,5
1383,I feel anxious most of the day,Mood fluctuates frequently,7
1384,I feel fine and stable,She seems withdrawn and quiet,4
1385,I feel calm and normal,Seems happy and social,2
1386,I feel stressed and overwhelmed,Seems happy and social,2
1387,I feel tired and hopeless,He avoids family and sleeps a lot,6
1388,I feel motivated and energetic,Behavior appears normal,4
1389,I feel emotionally numb,Seems happy and social,2
1390,I feel worried about everything,Seems happy and social,3
1391,I feel motivated and energetic,Mood fluctuates frequently,2
1392,I feel fine and stable,Behavior appears normal,3
1393,I feel calm and normal,Actively interacts with family,4
1394,I feel sad without any clear reason,Seems happy and social,1
1395,I feel sad without any clear reason,Shows signs of irritability,9
1396,I feel emotionally numb,Mood fluctuates frequently,9
1397,I feel calm and normal,Appears emotionally distant,7
1398,I feel disconnected from people,Seems happy and social,1
1399,I feel sad without any clear reason,Actively interacts with family,7
1400,I feel emotionally numb,No major change noticed,5
1401,I feel worried about everything,Actively interacts with family,4
1402,I feel emotionally numb,She seems withdrawn and quiet,7
1403,I feel sad without any clear reason,Appears emotionally distant,1
1404,I feel motivated and energetic,Shows signs of irritability,8
1405,I feel motivated and energetic,She seems withdrawn and quiet,10
1406,I feel calm and normal,No major change noticed,4
1407,I feel calm and normal,Often prefers to stay alone,9
1408,I feel emotionally numb,Actively interacts with family,1
1409,I feel calm and normal,Shows signs of irritability,3
1410,I feel worried about everything,No major change noticed,3
1411,I feel motivated and energetic,Appears emotionally distant,7
1412,I feel emotionally numb,Seems happy and social,6
1413,I feel stressed and overwhelmed,Seems happy and social,4
1414,I feel fine and stable,Actively interacts with family,8
1415,I feel disconnected from people,Shows signs of irritability,6
1416,I feel disconnected from people,Shows signs of irritability,7
1417,I feel sad without any clear reason,Often prefers to stay alone,3
1418,I feel motivated and energetic,Appears emotionally distant,10
1419,I feel tired and hopeless,Seems happy and social,1
1420,I feel anxious most of the day,Appears emotionally distant,10
1421,I feel anxious most of the day,She seems withdrawn and quiet,7
1422,I feel calm and normal,No major change noticed,4
1423,I feel anxious most of the day,Actively interacts with family,4
1424,I feel emotionally numb,Mood fluctuates frequently,7
1425,I feel tired and hopeless,He avoids family and sleeps a lot,4
1426,I feel fine and stable,No major change noticed,8
1427,I feel stressed and overwhelmed,Mood fluctuates frequently,9
1428,I feel calm and normal,He avoids family and sleeps a lot,7
1429,I feel anxious most of the day,Shows signs of irritability,8
1430,I feel fine and stable,Behavior appears normal,2
1431,I feel anxious most of the day,Seems happy and social,2
1432,I feel emotionally numb,Shows signs of irritability,5
1433,I feel motivated and energetic,He avoids family and sleeps a lot,9
1434,I feel emotionally numb,Behavior appears normal,8
1435,I feel motivated and energetic,Shows signs of irritability,1
1436,I feel tired and hopeless,Shows signs of irritability,10
1437,I feel stressed and overwhelmed,No major change noticed,6
1438,I feel sad without any clear reason,No major change noticed,10
1439,I feel stressed and overwhelmed,No major change noticed,6
1440,I feel worried about everything,Behavior appears normal,9
1441,I feel disconnected from people,Mood fluctuates frequently,6
1442,I feel anxious most of the day,Mood fluctuates frequently,1
1443,I feel worried about everything,Often prefers to stay alone,8
1444,I feel fine and stable,Seems happy and social,8
1445,I feel emotionally numb,Behavior appears normal,3
1446,I feel worried about everything,Actively interacts with family,1
1447,I feel sad without any clear reason,No major change noticed,7
1448,I feel anxious most of the day,Actively interacts with family,8
1449,I feel sad without any clear reason,Behavior appears normal,8
1450,I feel disconnected from people,Appears emotionally distant,9
1451,I feel sad without any clear reason,Often prefers to stay alone,9
1452,I feel anxious most of the day,Seems happy and social,7
1453,I feel stressed and overwhelmed,He avoids family and sleeps a lot,5
1454,I feel stressed and overwhelmed,Behavior appears normal,3
1455,I feel worried about everything,Behavior appears normal,7
1456,I feel disconnected from people,Appears emotionally distant,7
1457,I feel anxious most of the day,Appears emotionally distant,4
1458,I feel tired and hopeless,Seems happy and social,7
1459,I feel sad without any clear reason,Mood fluctuates frequently,5
1460,I feel disconnected from people,He avoids family and sleeps a lot,6
1461,I feel worried about everything,She seems withdrawn and quiet,7
1462,I feel anxious most of the day,Actively interacts with family,1
1463,I feel fine and stable,Seems happy and social,3
1464,I feel fine and stable,Behavior appears normal,8
1465,I feel calm and normal,Often prefers to stay alone,9
1466,I feel disconnected from people,Shows signs of irritability,5
1467,I feel tired and hopeless,Mood fluctuates frequently,9
1468,I feel sad without any clear reason,Appears emotionally distant,8
1469,I feel motivated and energetic,Seems happy and social,4
1470,I feel worried about everything,Often prefers to stay alone,5
1471,I feel calm and normal,She seems withdrawn and quiet,7
1472,I feel motivated and energetic,Mood fluctuates frequently,2
1473,I feel fine and stable,Appears emotionally distant,5
1474,I feel emotionally numb,No major change noticed,4
1475,I feel emotionally numb,Seems happy and social,7
1476,I feel stressed and overwhelmed,Seems happy and social,6
1477,I feel stressed and overwhelmed,Appears emotionally distant,6
1478,I feel worried about everything,Behavior appears normal,6
1479,I feel fine and stable,Mood fluctuates frequently,6
1480,I feel calm and normal,Behavior appears normal,3
1481,I feel motivated and energetic,Appears emotionally distant,1
1482,I feel worried about everything,He avoids family and sleeps a lot,5
1483,I feel sad without any clear reason,No major change noticed,9
1484,I feel anxious most of the day,Often prefers to stay alone,9
1485,I feel sad without any clear reason,Behavior appears normal,4
1486,I feel emotionally numb,Appears emotionally distant,5
1487,I feel calm and normal,Actively interacts with family,9
1488,I feel calm and normal,Often prefers to stay alone,3
1489,I feel sad without any clear reason,Shows signs of irritability,5
1490,I feel disconnected from people,Shows signs of irritability,4
1491,I feel disconnected from people,Appears emotionally distant,1
1492,I feel emotionally numb,No major change noticed,9
1493,I feel disconnected from people,Actively interacts with family,1
1494,I feel sad without any clear reason,No major change noticed,9
1495,I feel fine and stable,Actively interacts with family,4
1496,I feel sad without any clear reason,Behavior appears normal,10
1497,I feel fine and stable,Behavior appears normal,2
1498,I feel worried about everything,No major change noticed,10
1499,I feel anxious most of the day,Actively interacts with family,10
1500,I feel fine and stable,She seems withdrawn and quiet,8
1501,I feel tired and hopeless,Seems happy and social,4
1502,I feel emotionally numb,Often prefers to stay alone,4
1503,I feel disconnected from people,Actively interacts with family,10
1504,I feel motivated and energetic,Seems happy and social,4
1505,I feel disconnected from people,Actively interacts with family,4
1506,I feel emotionally numb,Actively interacts with family,7
1507,I feel sad without any clear reason,Seems happy and social,6
1508,I feel worried about everything,Often prefers to stay alone,8
1509,I feel emotionally numb,Mood fluctuates frequently,6
1510,I feel disconnected from people,Appears emotionally distant,2
1511,I feel anxious most of the day,He avoids family and sleeps a lot,7
1512,I feel worried about everything,Actively interacts with family,8
1513,I feel worried about everything,Seems happy and social,1
1514,I feel worried about everything,Seems happy and social,3
1515,I feel emotionally numb,No major change noticed,7
1516,I feel disconnected from people,Behavior appears normal,4
1517,I feel motivated and energetic,No major change noticed,2
1518,I feel worried about everything,No major change noticed,8
1519,I feel disconnected from people,Actively interacts with family,5
1520,I feel tired and hopeless,Actively interacts with family,8
1521,I feel motivated and energetic,Shows signs of irritability,8
1522,I feel stressed and overwhelmed,Actively interacts with family,5
1523,I feel motivated and energetic,Often prefers to stay alone,2
1524,I feel disconnected from people,Appears emotionally distant,8
1525,I feel motivated and energetic,Actively interacts with family,7
1526,I feel anxious most of the day,Mood fluctuates frequently,9
1527,I feel anxious most of the day,Shows signs of irritability,8
1528,I feel stressed and overwhelmed,No major change noticed,2
1529,I feel disconnected from people,He avoids family and sleeps a lot,3
1530,I feel anxious most of the day,Appears emotionally distant,1
1531,I feel sad without any clear reason,No major change noticed,4
1532,I feel emotionally numb,Often prefers to stay alone,8
1533,I feel stressed and overwhelmed,Actively interacts with family,10
1534,I feel motivated and energetic,She seems withdrawn and quiet,7
1535,I feel tired and hopeless,Actively interacts with family,9
1536,I feel disconnected from people,Seems happy and social,2
1537,I feel tired and hopeless,No major change noticed,1
1538,I feel tired and hopeless,Seems happy and social,1
1539,I feel anxious most of the day,Appears emotionally distant,3
1540,I feel disconnected from people,Appears emotionally distant,1
1541,I feel disconnected from people,Behavior appears normal,9
1542,I feel emotionally numb,Behavior appears normal,8
1543,I feel fine and stable,She seems withdrawn and quiet,7
1544,I feel tired and hopeless,He avoids family and sleeps a lot,8
1545,I feel anxious most of the day,Seems happy and social,10
1546,I feel disconnected from people,Often prefers to stay alone,8
1547,I feel stressed and overwhelmed,Behavior appears normal,2
1548,I feel emotionally numb,Actively interacts with family,9
1549,I feel fine and stable,Actively interacts with family,3
1550,I feel stressed and overwhelmed,No major change noticed,8
1551,I feel calm and normal,Actively interacts with family,7
1552,I feel calm and normal,She seems withdrawn and quiet,4
1553,I feel stressed and overwhelmed,Appears emotionally distant,1
1554,I feel stressed and overwhelmed,Behavior appears normal,8
1555,I feel calm and normal,Seems happy and social,6
1556,I feel sad without any clear reason,She seems withdrawn and quiet,3
1557,I feel fine and stable,Often prefers to stay alone,5
1558,I feel fine and stable,Actively interacts with family,2
1559,I feel worried about everything,She seems withdrawn and quiet,3
1560,I feel anxious most of the day,No major change noticed,2
1561,I feel sad without any clear reason,She seems withdrawn and quiet,2
1562,I feel calm and normal,Seems happy and social,7
1563,I feel sad without any clear reason,No major change noticed,3
1564,I feel disconnected from people,Behavior appears normal,9
1565,I feel worried about everything,Appears emotionally distant,8
1566,I feel stressed and overwhelmed,Often prefers to stay alone,4
1567,I feel tired and hopeless,Appears emotionally distant,8
1568,I feel motivated and energetic,Actively interacts with family,9
1569,I feel emotionally numb,Appears emotionally distant,7
1570,I feel anxious most of the day,No major change noticed,6
1571,I feel anxious most of the day,Actively interacts with family,10
1572,I feel disconnected from people,Mood fluctuates frequently,5
1573,I feel stressed and overwhelmed,She seems withdrawn and quiet,8
1574,I feel anxious most of the day,She seems withdrawn and quiet,7
1575,I feel worried about everything,She seems withdrawn and quiet,9
1576,I feel emotionally numb,She seems withdrawn and quiet,5
1577,I feel stressed and overwhelmed,Mood fluctuates frequently,8
1578,I feel worried about everything,Often prefers to stay alone,1
1579,I feel calm and normal,She seems withdrawn and quiet,3
1580,I feel worried about everything,Mood fluctuates frequently,8
1581,I feel calm and normal,Mood fluctuates frequently,3
1582,I feel fine and stable,Shows signs of irritability,9
1583,I feel disconnected from people,Seems happy and social,1
1584,I feel stressed and overwhelmed,Behavior appears normal,7
1585,I feel tired and hopeless,Actively interacts with family,9
1586,I feel anxious most of the day,Shows signs of irritability,3
1587,I feel stressed and overwhelmed,Shows signs of irritability,6
1588,I feel anxious most of the day,Behavior appears normal,3
1589,I feel worried about everything,Seems happy and social,2
1590,I feel calm and normal,Mood fluctuates frequently,6
1591,I feel calm and normal,Actively interacts with family,9
1592,I feel emotionally numb,Behavior appears normal,1
1593,I feel fine and stable,Actively interacts with family,7
1594,I feel calm and normal,No major change noticed,4
1595,I feel motivated and energetic,Behavior appears normal,7
1596,I feel disconnected from people,Mood fluctuates frequently,1
1597,I feel disconnected from people,Mood fluctuates frequently,7
1598,I feel calm and normal,Seems happy and social,2
1599,I feel anxious most of the day,Actively interacts with family,3
1600,I feel tired and hopeless,Appears emotionally distant,10
1601,I feel anxious most of the day,Shows signs of irritability,10
1602,I feel worried about everything,She seems withdrawn and quiet,8
1603,I feel sad without any clear reason,Often prefers to stay alone,3
1604,I feel worried about everything,She seems withdrawn and quiet,7
1605,I feel stressed and overwhelmed,No major change noticed,7
1606,I feel tired and hopeless,Mood fluctuates frequently,9
1607,I feel stressed and overwhelmed,Actively interacts with family,7
1608,I feel fine and stable,No major change noticed,2
1609,I feel sad without any clear reason,Seems happy and social,6
1610,I feel sad without any clear reason,Appears emotionally distant,4
1611,I feel anxious most of the day,Appears emotionally distant,8
1612,I feel tired and hopeless,He avoids family and sleeps a lot,6
1613,I feel stressed and overwhelmed,He avoids family and sleeps a lot,3
1614,I feel calm and normal,Seems happy and social,1
1615,I feel emotionally numb,Seems happy and social,5
1616,I feel emotionally numb,Mood fluctuates frequently,8
1617,I feel emotionally numb,Shows signs of irritability,5
1618,I feel calm and normal,Shows signs of irritability,1
1619,I feel disconnected from people,Shows signs of irritability,4
1620,I feel disconnected from people,Behavior appears normal,4
1621,I feel calm and normal,Shows signs of irritability,6
1622,I feel tired and hopeless,No major change noticed,1
1623,I feel fine and stable,He avoids family and sleeps a lot,1
1624,I feel fine and stable,Behavior appears normal,10
1625,I feel motivated and energetic,Appears emotionally distant,4
1626,I feel tired and hopeless,Often prefers to stay alone,5
1627,I feel disconnected from people,No major change noticed,6
1628,I feel motivated and energetic,Appears emotionally distant,7
1629,I feel anxious most of the day,Appears emotionally distant,3
1630,I feel fine and stable,He avoids family and sleeps a lot,3
1631,I feel stressed and overwhelmed,Appears emotionally distant,6
1632,I feel sad without any clear reason,No major change noticed,8
1633,I feel motivated and energetic,Appears emotionally distant,6
1634,I feel emotionally numb,He avoids family and sleeps a lot,3
1635,I feel worried about everything,Seems happy and social,9
1636,I feel stressed and overwhelmed,Appears emotionally distant,4
1637,I feel worried about everything,Seems happy and social,2
1638,I feel calm and normal,She seems withdrawn and quiet,10
1639,I feel anxious most of the day,Often prefers to stay alone,10
1640,I feel disconnected from people,Often prefers to stay alone,9
1641,I feel disconnected from people,He avoids family and sleeps a lot,2
1642,I feel anxious most of the day,No major change noticed,3
1643,I feel anxious most of the day,Mood fluctuates frequently,1
1644,I feel sad without any clear reason,He avoids family and sleeps a lot,9
1645,I feel sad without any clear reason,Actively interacts with family,5
1646,I feel calm and normal,Behavior appears normal,1
1647,I feel worried about everything,Often prefers to stay alone,8
1648,I feel stressed and overwhelmed,He avoids family and sleeps a lot,1
1649,I feel fine and stable,Seems happy and social,7
1650,I feel calm and normal,Mood fluctuates frequently,1
1651,I feel fine and stable,Appears emotionally distant,7
1652,I feel worried about everything,He avoids family and sleeps a lot,5
1653,I feel fine and stable,Seems happy and social,7
1654,I feel anxious most of the day,Appears emotionally distant,4
1655,I feel worried about everything,He avoids family and sleeps a lot,7
1656,I feel sad without any clear reason,Mood fluctuates frequently,7
1657,I feel tired and hopeless,Mood fluctuates frequently,7
1658,I feel tired and hopeless,Appears emotionally distant,5
1659,I feel stressed and overwhelmed,Often prefers to stay alone,4
1660,I feel sad without any clear reason,Often prefers to stay alone,10
1661,I feel sad without any clear reason,Appears emotionally distant,10
1662,I feel fine and stable,No major change noticed,8
1663,I feel calm and normal,Shows signs of irritability,7
1664,I feel worried about everything,He avoids family and sleeps a lot,3
1665,I feel anxious most of the day,Often prefers to stay alone,6
1666,I feel sad without any clear reason,Actively interacts with family,3
1667,I feel anxious most of the day,Actively interacts with family,6
1668,I feel motivated and energetic,Mood fluctuates frequently,3
1669,I feel emotionally numb,Shows signs of irritability,7
1670,I feel worried about everything,No major change noticed,6
1671,I feel motivated and energetic,He avoids family and sleeps a lot,7
1672,I feel anxious most of the day,Often prefers to stay alone,3
1673,I feel emotionally numb,No major change noticed,9
1674,I feel emotionally numb,Behavior appears normal,2
1675,I feel worried about everything,Shows signs of irritability,4
1676,I feel emotionally numb,Mood fluctuates frequently,3
1677,I feel sad without any clear reason,Appears emotionally distant,9
1678,I feel worried about everything,No major change noticed,2
1679,I feel tired and hopeless,Actively interacts with family,7
1680,I feel sad without any clear reason,Actively interacts with family,9
1681,I feel emotionally numb,Shows signs of irritability,3
1682,I feel sad without any clear reason,Mood fluctuates frequently,1
1683,I feel disconnected from people,She seems withdrawn and quiet,6
1684,I feel fine and stable,Often prefers to stay alone,9
1685,I feel worried about everything,She seems withdrawn and quiet,9
1686,I feel stressed and overwhelmed,Actively interacts with family,8
1687,I feel anxious most of the day,No major change noticed,8
1688,I feel emotionally numb,Mood fluctuates frequently,3
1689,I feel disconnected from people,Actively interacts with family,3
1690,I feel fine and stable,No major change noticed,6
1691,I feel stressed and overwhelmed,Often prefers to stay alone,5
1692,I feel disconnected from people,He avoids family and sleeps a lot,7
1693,I feel emotionally numb,Appears emotionally distant,2
1694,I feel sad without any clear reason,Actively interacts with family,6
1695,I feel disconnected from people,Mood fluctuates frequently,3
1696,I feel emotionally numb,Actively interacts with family,5
1697,I feel anxious most of the day,Behavior appears normal,4
1698,I feel calm and normal,Often prefers to stay alone,10
1699,I feel anxious most of the day,No major change noticed,6
1700,I feel calm and normal,He avoids family and sleeps a lot,3
1701,I feel stressed and overwhelmed,He avoids family and sleeps a lot,7
1702,I feel sad without any clear reason,He avoids family and sleeps a lot,9
1703,I feel tired and hopeless,No major change noticed,5
1704,I feel fine and stable,Actively interacts with family,1
1705,I feel disconnected from people,Mood fluctuates frequently,1
1706,I feel sad without any clear reason,She seems withdrawn and quiet,7
1707,I feel motivated and energetic,Behavior appears normal,2
1708,I feel motivated and energetic,Often prefers to stay alone,4
1709,I feel calm and normal,Mood fluctuates frequently,5
1710,I feel fine and stable,Mood fluctuates frequently,5
1711,I feel motivated and energetic,Appears emotionally distant,6
1712,I feel fine and stable,Shows signs of irritability,6
1713,I feel motivated and energetic,No major change noticed,8
1714,I feel calm and normal,Seems happy and social,8
1715,I feel emotionally numb,Appears emotionally distant,8
1716,I feel worried about everything,Behavior appears normal,10
1717,I feel motivated and energetic,Seems happy and social,2
1718,I feel stressed and overwhelmed,Often prefers to stay alone,9
1719,I feel calm and normal,She seems withdrawn and quiet,8
1720,I feel tired and hopeless,Often prefers to stay alone,8
1721,I feel disconnected from people,Mood fluctuates frequently,10
1722,I feel worried about everything,Behavior appears normal,4
1723,I feel sad without any clear reason,Behavior appears normal,2
1724,I feel anxious most of the day,Behavior appears normal,8
1725,I feel fine and stable,Behavior appears normal,9
1726,I feel sad without any clear reason,Shows signs of irritability,3
1727,I feel sad without any clear reason,No major change noticed,7
1728,I feel emotionally numb,Often prefers to stay alone,2
1729,I feel emotionally numb,She seems withdrawn and quiet,7
1730,I feel anxious most of the day,Behavior appears normal,5
1731,I feel sad without any clear reason,He avoids family and sleeps a lot,3
1732,I feel motivated and energetic,He avoids family and sleeps a lot,7
1733,I feel calm and normal,Actively interacts with family,6
1734,I feel motivated and energetic,Often prefers to stay alone,9
1735,I feel calm and normal,He avoids family and sleeps a lot,10
1736,I feel fine and stable,He avoids family and sleeps a lot,3
1737,I feel fine and stable,She seems withdrawn and quiet,3
1738,I feel motivated and energetic,Appears emotionally distant,1
1739,I feel fine and stable,Actively interacts with family,10
1740,I feel anxious most of the day,She seems withdrawn and quiet,7
1741,I feel stressed and overwhelmed,Often prefers to stay alone,6
1742,I feel sad without any clear reason,Often prefers to stay alone,4
1743,I feel fine and stable,Seems happy and social,4
1744,I feel tired and hopeless,Seems happy and social,1
1745,I feel worried about everything,No major change noticed,10
1746,I feel stressed and overwhelmed,Behavior appears normal,9
1747,I feel stressed and overwhelmed,He avoids family and sleeps a lot,8
1748,I feel sad without any clear reason,Shows signs of irritability,9
1749,I feel anxious most of the day,He avoids family and sleeps a lot,3
1750,I feel sad without any clear reason,He avoids family and sleeps a lot,6
1751,I feel tired and hopeless,Behavior appears normal,4
1752,I feel disconnected from people,Mood fluctuates frequently,8
1753,I feel sad without any clear reason,No major change noticed,5
1754,I feel emotionally numb,Often prefers to stay alone,7
1755,I feel emotionally numb,Seems happy and social,4
1756,I feel fine and stable,She seems withdrawn and quiet,3
1757,I feel tired and hopeless,Behavior appears normal,4
1758,I feel worried about everything,Often prefers to stay alone,8
1759,I feel disconnected from people,Seems happy and social,8
1760,I feel emotionally numb,He avoids family and sleeps a lot,5
1761,I feel calm and normal,He avoids family and sleeps a lot,2
1762,I feel stressed and overwhelmed,Shows signs of irritability,3
1763,I feel emotionally numb,Mood fluctuates frequently,7
1764,I feel emotionally numb,Mood fluctuates frequently,6
1765,I feel stressed and overwhelmed,Behavior appears normal,3
1766,I feel emotionally numb,Seems happy and social,10
1767,I feel sad without any clear reason,Appears emotionally distant,8
1768,I feel stressed and overwhelmed,Behavior appears normal,4
1769,I feel tired and hopeless,Actively interacts with family,2
1770,I feel fine and stable,Appears emotionally distant,1
1771,I feel anxious most of the day,No major change noticed,7
1772,I feel calm and normal,Mood fluctuates frequently,1
1773,I feel worried about everything,Seems happy and social,10
1774,I feel anxious most of the day,Behavior appears normal,10
1775,I feel stressed and overwhelmed,Seems happy and social,7
1776,I feel sad without any clear reason,Appears emotionally distant,5
1777,I feel worried about everything,Seems happy and social,10
1778,I feel emotionally numb,Seems happy and social,3
1779,I feel emotionally numb,He avoids family and sleeps a lot,3
1780,I feel tired and hopeless,Appears emotionally distant,6
1781,I feel anxious most of the day,Appears emotionally distant,9
1782,I feel tired and hopeless,Mood fluctuates frequently,2
1783,I feel emotionally numb,Behavior appears normal,5
1784,I feel calm and normal,He avoids family and sleeps a lot,7
1785,I feel motivated and energetic,Often prefers to stay alone,2
1786,I feel worried about everything,Actively interacts with family,9
1787,I feel fine and stable,He avoids family and sleeps a lot,8
1788,I feel worried about everything,She seems withdrawn and quiet,4
1789,I feel emotionally numb,Actively interacts with family,8
1790,I feel tired and hopeless,She seems withdrawn and quiet,3
1791,I feel tired and hopeless,He avoids family and sleeps a lot,6
1792,I feel stressed and overwhelmed,Mood fluctuates frequently,7
1793,I feel calm and normal,Actively interacts with family,1
1794,I feel motivated and energetic,Seems happy and social,5
1795,I feel worried about everything,Appears emotionally distant,10
1796,I feel emotionally numb,He avoids family and sleeps a lot,4
1797,I feel fine and stable,Appears emotionally distant,5
1798,I feel motivated and energetic,Behavior appears normal,2
1799,I feel calm and normal,Actively interacts with family,10
1800,I feel emotionally numb,Mood fluctuates frequently,5
1801,I feel motivated and energetic,No major change noticed,4
1802,I feel fine and stable,Seems happy and social,10
1803,I feel worried about everything,No major change noticed,4
1804,I feel tired and hopeless,She seems withdrawn and quiet,10
1805,I feel motivated and energetic,Actively interacts with family,7
1806,I feel tired and hopeless,Behavior appears normal,2
1807,I feel worried about everything,Often prefers to stay alone,9
1808,I feel fine and stable,She seems withdrawn and quiet,9
1809,I feel tired and hopeless,Appears emotionally distant,2
1810,I feel calm and normal,Actively interacts with family,7
1811,I feel calm and normal,He avoids family and sleeps a lot,9
1812,I feel anxious most of the day,Behavior appears normal,1
1813,I feel emotionally numb,Mood fluctuates frequently,9
1814,I feel anxious most of the day,Appears emotionally distant,3
1815,I feel calm and normal,No major change noticed,4
1816,I feel emotionally numb,Often prefers to stay alone,2
1817,I feel sad without any clear reason,Often prefers to stay alone,10
1818,I feel stressed and overwhelmed,Often prefers to stay alone,1
1819,I feel fine and stable,Actively interacts with family,4
1820,I feel stressed and overwhelmed,Appears emotionally distant,2
1821,I feel disconnected from people,Shows signs of irritability,8
1822,I feel worried about everything,He avoids family and sleeps a lot,9
1823,I feel fine and stable,Shows signs of irritability,3
1824,I feel fine and stable,Behavior appears normal,3
1825,I feel fine and stable,She seems withdrawn and quiet,10
1826,I feel fine and stable,Appears emotionally distant,3
1827,I feel disconnected from people,Seems happy and social,2
1828,I feel disconnected from people,Shows signs of irritability,9
1829,I feel worried about everything,Appears emotionally distant,6
1830,I feel disconnected from people,Shows signs of irritability,6
1831,I feel fine and stable,Actively interacts with family,9
1832,I feel disconnected from people,Mood fluctuates frequently,4
1833,I feel stressed and overwhelmed,Behavior appears normal,8
1834,I feel calm and normal,Appears emotionally distant,5
1835,I feel anxious most of the day,Mood fluctuates frequently,8
1836,I feel motivated and energetic,Seems happy and social,1
1837,I feel anxious most of the day,Shows signs of irritability,1
1838,I feel fine and stable,Seems happy and social,4
1839,I feel sad without any clear reason,Seems happy and social,9
1840,I feel worried about everything,Seems happy and social,1
1841,I feel tired and hopeless,No major change noticed,8
1842,I feel emotionally numb,Actively interacts with family,6
1843,I feel tired and hopeless,Seems happy and social,7
1844,I feel motivated and energetic,Behavior appears normal,8
1845,I feel anxious most of the day,Mood fluctuates frequently,10
1846,I feel disconnected from people,She seems withdrawn and quiet,2
1847,I feel tired and hopeless,He avoids family and sleeps a lot,3
1848,I feel disconnected from people,Often prefers to stay alone,4
1849,I feel disconnected from people,Mood fluctuates frequently,6
1850,I feel disconnected from people,She seems withdrawn and quiet,2
1851,I feel disconnected from people,Behavior appears normal,2
1852,I feel disconnected from people,Shows signs of irritability,10
1853,I feel disconnected from people,She seems withdrawn and quiet,9
1854,I feel disconnected from people,He avoids family and sleeps a lot,7
1855,I feel fine and stable,No major change noticed,8
1856,I feel anxious most of the day,Shows signs of irritability,8
1857,I feel anxious most of the day,No major change noticed,6
1858,I feel anxious most of the day,No major change noticed,5
1859,I feel emotionally numb,No major change noticed,10
1860,I feel sad without any clear reason,No major change noticed,4
1861,I feel calm and normal,Often prefers to stay alone,10
1862,I feel disconnected from people,Often prefers to stay alone,4
1863,I feel sad without any clear reason,Appears emotionally distant,8
1864,I feel motivated and energetic,Appears emotionally distant,5
1865,I feel emotionally numb,Behavior appears normal,5
1866,I feel sad without any clear reason,Shows signs of irritability,4
1867,I feel emotionally numb,Actively interacts with family,5
1868,I feel tired and hopeless,Mood fluctuates frequently,5
1869,I feel calm and normal,Mood fluctuates frequently,7
1870,I feel stressed and overwhelmed,Seems happy and social,8
1871,I feel emotionally numb,Appears emotionally distant,4
1872,I feel worried about everything,Actively interacts with family,6
1873,I feel stressed and overwhelmed,Actively interacts with family,7
1874,I feel fine and stable,Shows signs of irritability,8
1875,I feel tired and hopeless,Often prefers to stay alone,7
1876,I feel stressed and overwhelmed,Behavior appears normal,8
1877,I feel calm and normal,She seems withdrawn and quiet,10
1878,I feel anxious most of the day,Appears emotionally distant,9
1879,I feel disconnected from people,Appears emotionally distant,4
1880,I feel fine and stable,Appears emotionally distant,2
1881,I feel worried about everything,Shows signs of irritability,1
1882,I feel stressed and overwhelmed,Often prefers to stay alone,10
1883,I feel emotionally numb,He avoids family and sleeps a lot,10
1884,I feel calm and normal,Behavior appears normal,8
1885,I feel sad without any clear reason,She seems withdrawn and quiet,6
1886,I feel fine and stable,She seems withdrawn and quiet,8
1887,I feel worried about everything,Often prefers to stay alone,2
1888,I feel emotionally numb,Often prefers to stay alone,1
1889,I feel stressed and overwhelmed,Seems happy and social,7
1890,I feel calm and normal,He avoids family and sleeps a lot,7
1891,I feel motivated and energetic,Mood fluctuates frequently,1
1892,I feel worried about everything,Actively interacts with family,2
1893,I feel sad without any clear reason,Mood fluctuates frequently,10
1894,I feel worried about everything,No major change noticed,6
1895,I feel worried about everything,Shows signs of irritability,10
1896,I feel stressed and overwhelmed,Actively interacts with family,4
1897,I feel disconnected from people,Appears emotionally distant,8
1898,I feel disconnected from people,He avoids family and sleeps a lot,2
1899,I feel fine and stable,Often prefers to stay alone,9
1900,I feel fine and stable,He avoids family and sleeps a lot,7
1901,I feel sad without any clear reason,Actively interacts with family,6
1902,I feel fine and stable,Appears emotionally distant,10
1903,I feel motivated and energetic,Often prefers to stay alone,2
1904,I feel tired and hopeless,Behavior appears normal,10
1905,I feel worried about everything,He avoids family and sleeps a lot,10
1906,I feel worried about everything,He avoids family and sleeps a lot,2
1907,I feel anxious most of the day,Seems happy and social,2
1908,I feel motivated and energetic,She seems withdrawn and quiet,10
1909,I feel fine and stable,Shows signs of irritability,3
1910,I feel anxious most of the day,Appears emotionally distant,8
1911,I feel sad without any clear reason,Shows signs of irritability,4
1912,I feel worried about everything,Appears emotionally distant,8
1913,I feel fine and stable,No major change noticed,9
1914,I feel motivated and energetic,Seems happy and social,10
1915,I feel motivated and energetic,Actively interacts with family,8
1916,I feel stressed and overwhelmed,No major change noticed,4
1917,I feel sad without any clear reason,Seems happy and social,2
1918,I feel calm and normal,Seems happy and social,8
1919,I feel motivated and energetic,Shows signs of irritability,2
1920,I feel emotionally numb,No major change noticed,10
1921,I feel sad without any clear reason,Mood fluctuates frequently,4
1922,I feel fine and stable,Mood fluctuates frequently,8
1923,I feel emotionally numb,Mood fluctuates frequently,4
1924,I feel calm and normal,Shows signs of irritability,8
1925,I feel calm and normal,Behavior appears normal,3
1926,I feel anxious most of the day,He avoids family and sleeps a lot,6
1927,I feel anxious most of the day,Shows signs of irritability,8
1928,I feel motivated and energetic,Shows signs of irritability,1
1929,I feel worried about everything,Appears emotionally distant,6
1930,I feel calm and normal,No major change noticed,7
1931,I feel worried about everything,He avoids family and sleeps a lot,4
1932,I feel calm and normal,Seems happy and social,1
1933,I feel tired and hopeless,Often prefers to stay alone,7
1934,I feel tired and hopeless,Behavior appears normal,1
1935,I feel sad without any clear reason,Behavior appears normal,10
1936,I feel worried about everything,Often prefers to stay alone,2
1937,I feel disconnected from people,Mood fluctuates frequently,10
1938,I feel calm and normal,Actively interacts with family,10
1939,I feel sad without any clear reason,She seems withdrawn and quiet,9
1940,I feel motivated and energetic,Shows signs of irritability,1
1941,I feel fine and stable,Actively interacts with family,1
1942,I feel disconnected from people,He avoids family and sleeps a lot,7
1943,I feel stressed and overwhelmed,No major change noticed,10
1944,I feel worried about everything,She seems withdrawn and quiet,6
1945,I feel sad without any clear reason,Seems happy and social,2
1946,I feel anxious most of the day,Actively interacts with family,4
1947,I feel fine and stable,Actively interacts with family,5
1948,I feel calm and normal,Appears emotionally distant,10
1949,I feel worried about everything,No major change noticed,1
1950,I feel tired and hopeless,He avoids family and sleeps a lot,10
1951,I feel fine and stable,She seems withdrawn and quiet,5
1952,I feel motivated and energetic,He avoids family and sleeps a lot,9
1953,I feel sad without any clear reason,She seems withdrawn and quiet,9
1954,I feel fine and stable,Seems happy and social,7
1955,I feel calm and normal,Often prefers to stay alone,6
1956,I feel disconnected from people,Mood fluctuates frequently,6
1957,I feel tired and hopeless,Actively interacts with family,6
1958,I feel disconnected from people,Actively interacts with family,2
1959,I feel tired and hopeless,Actively interacts with family,5
1960,I feel calm and normal,Often prefers to stay alone,9
1961,I feel anxious most of the day,Behavior appears normal,9
1962,I feel disconnected from people,Behavior appears normal,8
1963,I feel fine and stable,Behavior appears normal,9
1964,I feel stressed and overwhelmed,No major change noticed,4
1965,I feel tired and hopeless,Mood fluctuates frequently,6
1966,I feel disconnected from people,He avoids family and sleeps a lot,4
1967,I feel fine and stable,Mood fluctuates frequently,6
1968,I feel worried about everything,Appears emotionally distant,5
1969,I feel fine and stable,Seems happy and social,9
1970,I feel fine and stable,Seems happy and social,10
1971,I feel motivated and energetic,He avoids family and sleeps a lot,10
1972,I feel sad without any clear reason,Mood fluctuates frequently,1
1973,I feel anxious most of the day,Appears emotionally distant,4
1974,I feel calm and normal,He avoids family and sleeps a lot,4
1975,I feel calm and normal,Mood fluctuates frequently,8
1976,I feel fine and stable,Shows signs of irritability,6
1977,I feel calm and normal,Mood fluctuates frequently,10
1978,I feel emotionally numb,Mood fluctuates frequently,5
1979,I feel emotionally numb,No major change noticed,4
1980,I feel motivated and energetic,Mood fluctuates frequently,4
1981,I feel sad without any clear reason,Often prefers to stay alone,10
1982,I feel worried about everything,Actively interacts with family,2
1983,I feel fine and stable,She seems withdrawn and quiet,4
1984,I feel sad without any clear reason,He avoids family and sleeps a lot,4
1985,I feel fine and stable,He avoids family and sleeps a lot,1
1986,I feel fine and stable,Appears emotionally distant,6
1987,I feel fine and stable,No major change noticed,3
1988,I feel calm and normal,Shows signs of irritability,4
1989,I feel stressed and overwhelmed,Behavior appears normal,5
1990,I feel tired and hopeless,She seems withdrawn and quiet,3
1991,I feel calm and normal,Often prefers to stay alone,5
1992,I feel sad without any clear reason,Shows signs of irritability,2
1993,I feel tired and hopeless,Appears emotionally distant,3
1994,I feel worried about everything,He avoids family and sleeps a lot,10
1995,I feel worried about everything,Often prefers to stay alone,8
1996,I feel motivated and energetic,She seems withdrawn and quiet,5
1997,I feel anxious most of the day,No major change noticed,10
1998,I feel stressed and overwhelmed,He avoids family and sleeps a lot,9
1999,I feel calm and normal,No major change noticed,10
2000,I feel anxious most of the day,No major change noticed,10
2001,I feel sad without any clear reason,Seems happy and social,5
2002,I feel tired and hopeless,Seems happy and social,5
2003,I feel calm and normal,Appears emotionally distant,2
2004,I feel tired and hopeless,She seems withdrawn and quiet,9
2005,I feel worried about everything,Appears emotionally distant,5
2006,I feel calm and normal,No major change noticed,3
2007,I feel fine and stable,He avoids family and sleeps a lot,4
2008,I feel worried about everything,Seems happy and social,5
2009,I feel tired and hopeless,Seems happy and social,8
2010,I feel sad without any clear reason,He avoids family and sleeps a lot,3
2011,I feel motivated and energetic,Behavior appears normal,2
2012,I feel sad without any clear reason,Behavior appears normal,7
2013,I feel fine and stable,No major change noticed,6
2014,I feel worried about everything,He avoids family and sleeps a lot,3
2015,I feel sad without any clear reason,She seems withdrawn and quiet,6
2016,I feel sad without any clear reason,Actively interacts with family,10
2017,I feel emotionally numb,Often prefers to stay alone,7
2018,I feel motivated and energetic,Seems happy and social,9
2019,I feel stressed and overwhelmed,Mood fluctuates frequently,7
2020,I feel emotionally numb,No major change noticed,2
2021,I feel disconnected from people,Mood fluctuates frequently,3
2022,I feel emotionally numb,She seems withdrawn and quiet,9
2023,I feel fine and stable,He avoids family and sleeps a lot,10
2024,I feel tired and hopeless,Actively interacts with family,2
2025,I feel fine and stable,Often prefers to stay alone,5
2026,I feel calm and normal,Shows signs of irritability,6
2027,I feel sad without any clear reason,No major change noticed,2
2028,I feel motivated and energetic,Seems happy and social,6
2029,I feel disconnected from people,Behavior appears normal,2
2030,I feel calm and normal,No major change noticed,8
2031,I feel calm and normal,Seems happy and social,6
2032,I feel worried about everything,Appears emotionally distant,7
2033,I feel worried about everything,No major change noticed,4
2034,I feel motivated and energetic,Shows signs of irritability,6
2035,I feel motivated and energetic,Actively interacts with family,2
2036,I feel emotionally numb,She seems withdrawn and quiet,9
2037,I feel disconnected from people,Behavior appears normal,4
2038,I feel worried about everything,Behavior appears normal,4
2039,I feel stressed and overwhelmed,Appears emotionally distant,5
2040,I feel calm and normal,Actively interacts with family,2
2041,I feel tired and hopeless,She seems withdrawn and quiet,3
2042,I feel tired and hopeless,Seems happy and social,10
2043,I feel emotionally numb,He avoids family and sleeps a lot,9
2044,I feel anxious most of the day,Shows signs of irritability,9
2045,I feel anxious most of the day,She seems withdrawn and quiet,10
2046,I feel sad without any clear reason,Behavior appears normal,10
2047,I feel tired and hopeless,Behavior appears normal,9
2048,I feel tired and hopeless,He avoids family and sleeps a lot,7
2049,I feel worried about everything,She seems withdrawn and quiet,5
2050,I feel calm and normal,Seems happy and social,1
2051,I feel worried about everything,No major change noticed,5
2052,I feel stressed and overwhelmed,Behavior appears normal,1
2053,I feel calm and normal,Shows signs of irritability,10
2054,I feel fine and stable,Actively interacts with family,2
2055,I feel disconnected from people,Seems happy and social,4
2056,I feel motivated and energetic,Behavior appears normal,2
2057,I feel tired and hopeless,Mood fluctuates frequently,1
2058,I feel stressed and overwhelmed,Often prefers to stay alone,4
2059,I feel sad without any clear reason,He avoids family and sleeps a lot,3
2060,I feel disconnected from people,She seems withdrawn and quiet,2
2061,I feel emotionally numb,Appears emotionally distant,1
2062,I feel disconnected from people,Seems happy and social,7
2063,I feel motivated and energetic,Shows signs of irritability,9
2064,I feel calm and normal,Often prefers to stay alone,5
2065,I feel disconnected from people,He avoids family and sleeps a lot,8
2066,I feel stressed and overwhelmed,Shows signs of irritability,2
2067,I feel emotionally numb,Actively interacts with family,9
2068,I feel sad without any clear reason,He avoids family and sleeps a lot,6
2069,I feel worried about everything,Often prefers to stay alone,2
2070,I feel sad without any clear reason,Actively interacts with family,2
2071,I feel disconnected from people,Seems happy and social,8
2072,I feel sad without any clear reason,No major change noticed,8
2073,I feel disconnected from people,Mood fluctuates frequently,5
2074,I feel emotionally numb,Appears emotionally distant,5
2075,I feel fine and stable,Seems happy and social,9
2076,I feel emotionally numb,Seems happy and social,1
2077,I feel sad without any clear reason,Actively interacts with family,10
2078,I feel anxious most of the day,Actively interacts with family,8
2079,I feel emotionally numb,She seems withdrawn and quiet,9
2080,I feel calm and normal,No major change noticed,7
2081,I feel stressed and overwhelmed,Behavior appears normal,8
2082,I feel anxious most of the day,Mood fluctuates frequently,8
2083,I feel fine and stable,No major change noticed,5
2084,I feel motivated and energetic,Often prefers to stay alone,2
2085,I feel anxious most of the day,Behavior appears normal,8
2086,I feel tired and hopeless,Mood fluctuates frequently,6
2087,I feel tired and hopeless,He avoids family and sleeps a lot,5
2088,I feel fine and stable,Seems happy and social,10
2089,I feel calm and normal,She seems withdrawn and quiet,6
2090,I feel disconnected from people,Appears emotionally distant,10
2091,I feel motivated and energetic,No major change noticed,7
2092,I feel tired and hopeless,No major change noticed,5
2093,I feel emotionally numb,Behavior appears normal,6
2094,I feel calm and normal,She seems withdrawn and quiet,6
2095,I feel tired and hopeless,She seems withdrawn and quiet,2
2096,I feel fine and stable,Mood fluctuates frequently,2
2097,I feel worried about everything,No major change noticed,6
2098,I feel motivated and energetic,Often prefers to stay alone,6
2099,I feel tired and hopeless,No major change noticed,7
2100,I feel calm and normal,Seems happy and social,7
2101,I feel sad without any clear reason,Often prefers to stay alone,10
2102,I feel tired and hopeless,Behavior appears normal,2
2103,I feel sad without any clear reason,Appears emotionally distant,5
2104,I feel fine and stable,Actively interacts with family,2
2105,I feel stressed and overwhelmed,Shows signs of irritability,1
2106,I feel fine and stable,She seems withdrawn and quiet,5
2107,I feel fine and stable,Often prefers to stay alone,9
2108,I feel motivated and energetic,Often prefers to stay alone,5
2109,I feel disconnected from people,Actively interacts with family,10
2110,I feel sad without any clear reason,Shows signs of irritability,7
2111,I feel emotionally numb,She seems withdrawn and quiet,1
2112,I feel emotionally numb,Appears emotionally distant,9
2113,I feel sad without any clear reason,Actively interacts with family,5
2114,I feel sad without any clear reason,Actively interacts with family,1
2115,I feel disconnected from people,Actively interacts with family,6
2116,I feel emotionally numb,She seems withdrawn and quiet,7
2117,I feel motivated and energetic,Seems happy and social,7
2118,I feel fine and stable,She seems withdrawn and quiet,3
2119,I feel motivated and energetic,She seems withdrawn and quiet,4
2120,I feel fine and stable,Often prefers to stay alone,10
2121,I feel anxious most of the day,She seems withdrawn and quiet,10
2122,I feel worried about everything,Often prefers to stay alone,2
2123,I feel disconnected from people,Appears emotionally distant,2
2124,I feel worried about everything,Mood fluctuates frequently,4
2125,I feel motivated and energetic,She seems withdrawn and quiet,7
2126,I feel worried about everything,Often prefers to stay alone,5
2127,I feel emotionally numb,Mood fluctuates frequently,6
2128,I feel tired and hopeless,He avoids family and sleeps a lot,9
2129,I feel tired and hopeless,She seems withdrawn and quiet,1
2130,I feel disconnected from people,He avoids family and sleeps a lot,5
2131,I feel sad without any clear reason,Actively interacts with family,6
2132,I feel fine and stable,Appears emotionally distant,1
2133,I feel worried about everything,Often prefers to stay alone,2
2134,I feel disconnected from people,Often prefers to stay alone,8
2135,I feel motivated and energetic,Shows signs of irritability,7
2136,I feel stressed and overwhelmed,Actively interacts with family,10
2137,I feel fine and stable,No major change noticed,10
2138,I feel calm and normal,She seems withdrawn and quiet,6
2139,I feel calm and normal,She seems withdrawn and quiet,8
2140,I feel disconnected from people,Seems happy and social,9
2141,I feel fine and stable,Mood fluctuates frequently,6
2142,I feel fine and stable,Appears emotionally distant,2
2143,I feel disconnected from people,Seems happy and social,9
2144,I feel disconnected from people,Mood fluctuates frequently,1
2145,I feel stressed and overwhelmed,Often prefers to stay alone,2
2146,I feel anxious most of the day,No major change noticed,4
2147,I feel sad without any clear reason,No major change noticed,6
2148,I feel disconnected from people,Often prefers to stay alone,2
2149,I feel emotionally numb,Appears emotionally distant,3
2150,I feel worried about everything,No major change noticed,10
2151,I feel anxious most of the day,He avoids family and sleeps a lot,2
2152,I feel sad without any clear reason,He avoids family and sleeps a lot,4
2153,I feel fine and stable,He avoids family and sleeps a lot,8
2154,I feel motivated and energetic,Mood fluctuates frequently,3
2155,I feel motivated and energetic,Behavior appears normal,8
2156,I feel disconnected from people,Seems happy and social,5
2157,I feel worried about everything,Behavior appears normal,1
2158,I feel anxious most of the day,Actively interacts with family,1
2159,I feel sad without any clear reason,She seems withdrawn and quiet,9
2160,I feel disconnected from people,No major change noticed,4
2161,I feel calm and normal,Mood fluctuates frequently,1
2162,I feel emotionally numb,He avoids family and sleeps a lot,10
2163,I feel fine and stable,Mood fluctuates frequently,4
2164,I feel anxious most of the day,Appears emotionally distant,2
2165,I feel disconnected from people,Actively interacts with family,3
2166,I feel motivated and energetic,She seems withdrawn and quiet,4
2167,I feel fine and stable,Mood fluctuates frequently,10
2168,I feel tired and hopeless,Actively interacts with family,4
2169,I feel sad without any clear reason,No major change noticed,8
2170,I feel tired and hopeless,Mood fluctuates frequently,3
2171,I feel anxious most of the day,He avoids family and sleeps a lot,5
2172,I feel tired and hopeless,Often prefers to stay alone,7
2173,I feel sad without any clear reason,Often prefers to stay alone,3
2174,I feel disconnected from people,Appears emotionally distant,7
2175,I feel stressed and overwhelmed,She seems withdrawn and quiet,3
2176,I feel emotionally numb,She seems withdrawn and quiet,8
2177,I feel emotionally numb,She seems withdrawn and quiet,1
2178,I feel emotionally numb,Mood fluctuates frequently,5
2179,I feel stressed and overwhelmed,Behavior appears normal,1
2180,I feel sad without any clear reason,Mood fluctuates frequently,4
2181,I feel tired and hopeless,Shows signs of irritability,2
2182,I feel fine and stable,Shows signs of irritability,9
2183,I feel fine and stable,Shows signs of irritability,3
2184,I feel stressed and overwhelmed,Behavior appears normal,2
2185,I feel motivated and energetic,Shows signs of irritability,5
2186,I feel anxious most of the day,Appears emotionally distant,8
2187,I feel tired and hopeless,He avoids family and sleeps a lot,6
2188,I feel tired and hopeless,No major change noticed,2
2189,I feel motivated and energetic,He avoids family and sleeps a lot,8
2190,I feel stressed and overwhelmed,She seems withdrawn and quiet,7
2191,I feel sad without any clear reason,Seems happy and social,3
2192,I feel stressed and overwhelmed,Mood fluctuates frequently,7
2193,I feel motivated and energetic,Appears emotionally distant,7
2194,I feel anxious most of the day,She seems withdrawn and quiet,8
2195,I feel calm and normal,Shows signs of irritability,4
2196,I feel disconnected from people,Behavior appears normal,8
2197,I feel tired and hopeless,No major change noticed,1
2198,I feel worried about everything,Behavior appears normal,10
2199,I feel fine and stable,Appears emotionally distant,4
2200,I feel worried about everything,Often prefers to stay alone,1
2201,I feel disconnected from people,Shows signs of irritability,3
2202,I feel disconnected from people,Actively interacts with family,3
2203,I feel motivated and energetic,Actively interacts with family,9
2204,I feel tired and hopeless,Shows signs of irritability,6
2205,I feel sad without any clear reason,She seems withdrawn and quiet,2
2206,I feel tired and hopeless,She seems withdrawn and quiet,4
2207,I feel calm and normal,She seems withdrawn and quiet,2
2208,I feel worried about everything,Mood fluctuates frequently,4
2209,I feel sad without any clear reason,Behavior appears normal,6
2210,I feel worried about everything,No major change noticed,10
2211,I feel emotionally numb,Seems happy and social,9
2212,I feel anxious most of the day,Often prefers to stay alone,2
2213,I feel worried about everything,Shows signs of irritability,7
2214,I feel anxious most of the day,She seems withdrawn and quiet,10
2215,I feel calm and normal,She seems withdrawn and quiet,1
2216,I feel stressed and overwhelmed,Often prefers to stay alone,8
2217,I feel tired and hopeless,No major change noticed,1
2218,I feel sad without any clear reason,Behavior appears normal,4
2219,I feel disconnected from people,Mood fluctuates frequently,1
2220,I feel sad without any clear reason,Appears emotionally distant,5
2221,I feel disconnected from people,Shows signs of irritability,6
2222,I feel worried about everything,He avoids family and sleeps a lot,10
2223,I feel anxious most of the day,Often prefers to stay alone,6
2224,I feel motivated and energetic,Shows signs of irritability,1
2225,I feel motivated and energetic,Often prefers to stay alone,8
2226,I feel worried about everything,Behavior appears normal,1
2227,I feel calm and normal,Actively interacts with family,7
2228,I feel fine and stable,Appears emotionally distant,3
2229,I feel anxious most of the day,Actively interacts with family,8
2230,I feel anxious most of the day,Actively interacts with family,4
2231,I feel motivated and energetic,Actively interacts with family,6
2232,I feel worried about everything,Often prefers to stay alone,2
2233,I feel tired and hopeless,Actively interacts with family,3
2234,I feel sad without any clear reason,Mood fluctuates frequently,2
2235,I feel tired and hopeless,Shows signs of irritability,2
2236,I feel fine and stable,Seems happy and social,8
2237,I feel calm and normal,Actively interacts with family,9
2238,I feel worried about everything,Mood fluctuates frequently,6
2239,I feel worried about everything,Behavior appears normal,9
2240,I feel calm and normal,No major change noticed,1
2241,I feel fine and stable,Appears emotionally distant,6
2242,I feel emotionally numb,Actively interacts with family,4
2243,I feel worried about everything,Shows signs of irritability,5
2244,I feel calm and normal,Actively interacts with family,9
2245,I feel fine and stable,She seems withdrawn and quiet,6
2246,I feel motivated and energetic,Appears emotionally distant,2
2247,I feel worried about everything,Often prefers to stay alone,4
2248,I feel anxious most of the day,She seems withdrawn and quiet,6
2249,I feel worried about everything,Actively interacts with family,10
2250,I feel fine and stable,Appears emotionally distant,10
2251,I feel emotionally numb,He avoids family and sleeps a lot,3
2252,I feel emotionally numb,He avoids family and sleeps a lot,5
2253,I feel tired and hopeless,Often prefers to stay alone,2
2254,I feel anxious most of the day,She seems withdrawn and quiet,10
2255,I feel stressed and overwhelmed,Shows signs of irritability,1
2256,I feel tired and hopeless,She seems withdrawn and quiet,5
2257,I feel worried about everything,He avoids family and sleeps a lot,4
2258,I feel worried about everything,Shows signs of irritability,2
2259,I feel sad without any clear reason,Shows signs of irritability,3
2260,I feel stressed and overwhelmed,No major change noticed,10
2261,I feel motivated and energetic,Shows signs of irritability,4
2262,I feel anxious most of the day,Often prefers to stay alone,2
2263,I feel calm and normal,Behavior appears normal,2
2264,I feel tired and hopeless,Behavior appears normal,6
2265,I feel emotionally numb,Behavior appears normal,9
2266,I feel emotionally numb,Appears emotionally distant,10
2267,I feel worried about everything,Behavior appears normal,3
2268,I feel worried about everything,She seems withdrawn and quiet,2
2269,I feel worried about everything,Appears emotionally distant,3
2270,I feel fine and stable,Mood fluctuates frequently,3
2271,I feel disconnected from people,Appears emotionally distant,9
2272,I feel tired and hopeless,Appears emotionally distant,2
2273,I feel sad without any clear reason,No major change noticed,2
2274,I feel sad without any clear reason,He avoids family and sleeps a lot,3
2275,I feel calm and normal,No major change noticed,6
2276,I feel sad without any clear reason,Seems happy and social,2
2277,I feel stressed and overwhelmed,Behavior appears normal,7
2278,I feel motivated and energetic,Appears emotionally distant,2
2279,I feel calm and normal,Appears emotionally distant,9
2280,I feel worried about everything,No major change noticed,9
2281,I feel fine and stable,She seems withdrawn and quiet,9
2282,I feel worried about everything,Appears emotionally distant,4
2283,I feel sad without any clear reason,Shows signs of irritability,4
2284,I feel worried about everything,Behavior appears normal,2
2285,I feel stressed and overwhelmed,Shows signs of irritability,2
2286,I feel fine and stable,Behavior appears normal,8
2287,I feel emotionally numb,He avoids family and sleeps a lot,6
2288,I feel calm and normal,He avoids family and sleeps a lot,4
2289,I feel fine and stable,Shows signs of irritability,8
2290,I feel motivated and energetic,Appears emotionally distant,10
2291,I feel tired and hopeless,Shows signs of irritability,3
2292,I feel anxious most of the day,She seems withdrawn and quiet,7
2293,I feel anxious most of the day,Shows signs of irritability,4
2294,I feel tired and hopeless,Behavior appears normal,7
2295,I feel worried about everything,Seems happy and social,8
2296,I feel worried about everything,Shows signs of irritability,10
2297,I feel fine and stable,She seems withdrawn and quiet,10
2298,I feel disconnected from people,Appears emotionally distant,10
2299,I feel calm and normal,He avoids family and sleeps a lot,1
2300,I feel sad without any clear reason,No major change noticed,1
2301,I feel worried about everything,No major change noticed,7
2302,I feel calm and normal,Seems happy and social,6
2303,I feel motivated and energetic,Appears emotionally distant,3
2304,I feel disconnected from people,Actively interacts with family,2
2305,I feel anxious most of the day,Often prefers to stay alone,6
2306,I feel worried about everything,Mood fluctuates frequently,8
2307,I feel worried about everything,Often prefers to stay alone,2
2308,I feel calm and normal,Mood fluctuates frequently,8
2309,I feel stressed and overwhelmed,Appears emotionally distant,8
2310,I feel emotionally numb,Seems happy and social,9
2311,I feel emotionally numb,No major change noticed,2
2312,I feel tired and hopeless,He avoids family and sleeps a lot,2
2313,I feel motivated and energetic,He avoids family and sleeps a lot,5
2314,I feel disconnected from people,Actively interacts with family,8
2315,I feel disconnected from people,Actively interacts with family,2
2316,I feel fine and stable,She seems withdrawn and quiet,7
2317,I feel disconnected from people,Shows signs of irritability,9
2318,I feel anxious most of the day,Actively interacts with family,10
2319,I feel anxious most of the day,Mood fluctuates frequently,6
2320,I feel anxious most of the day,No major change noticed,7
2321,I feel sad without any clear reason,Seems happy and social,3
2322,I feel stressed and overwhelmed,Appears emotionally distant,4
2323,I feel calm and normal,Behavior appears normal,10
2324,I feel emotionally numb,Often prefers to stay alone,10
2325,I feel tired and hopeless,Seems happy and social,6
2326,I feel stressed and overwhelmed,Mood fluctuates frequently,2
2327,I feel tired and hopeless,He avoids family and sleeps a lot,10
2328,I feel stressed and overwhelmed,Actively interacts with family,8
2329,I feel fine and stable,No major change noticed,3
2330,I feel motivated and energetic,Mood fluctuates frequently,4
2331,I feel stressed and overwhelmed,Behavior appears normal,7
2332,I feel sad without any clear reason,Actively interacts with family,3
2333,I feel disconnected from people,Mood fluctuates frequently,4
2334,I feel motivated and energetic,Often prefers to stay alone,10
2335,I feel worried about everything,No major change noticed,3
2336,I feel tired and hopeless,Shows signs of irritability,7
2337,I feel emotionally numb,Often prefers to stay alone,9
2338,I feel motivated and energetic,Shows signs of irritability,4
2339,I feel calm and normal,He avoids family and sleeps a lot,5
2340,I feel anxious most of the day,Seems happy and social,6
2341,I feel anxious most of the day,Actively interacts with family,10
2342,I feel disconnected from people,Shows signs of irritability,6
2343,I feel sad without any clear reason,Mood fluctuates frequently,9
2344,I feel disconnected from people,Actively interacts with family,8
2345,I feel sad without any clear reason,Seems happy and social,9
2346,I feel sad without any clear reason,Behavior appears normal,8
2347,I feel calm and normal,Often prefers to stay alone,1
2348,I feel fine and stable,Seems happy and social,9
2349,I feel calm and normal,Behavior appears normal,3
2350,I feel fine and stable,Often prefers to stay alone,5
2351,I feel calm and normal,Shows signs of irritability,10
2352,I feel emotionally numb,Behavior appears normal,10
2353,I feel disconnected from people,Appears emotionally distant,1
2354,I feel emotionally numb,Appears emotionally distant,7
2355,I feel emotionally numb,Often prefers to stay alone,2
2356,I feel stressed and overwhelmed,Often prefers to stay alone,1
2357,I feel sad without any clear reason,She seems withdrawn and quiet,10
2358,I feel motivated and energetic,Mood fluctuates frequently,8
2359,I feel tired and hopeless,She seems withdrawn and quiet,10
2360,I feel stressed and overwhelmed,Actively interacts with family,5
2361,I feel stressed and overwhelmed,He avoids family and sleeps a lot,9
2362,I feel fine and stable,She seems withdrawn and quiet,4
2363,I feel disconnected from people,He avoids family and sleeps a lot,7
2364,I feel calm and normal,Shows signs of irritability,7
2365,I feel disconnected from people,He avoids family and sleeps a lot,9
2366,I feel emotionally numb,Shows signs of irritability,5
2367,I feel tired and hopeless,Often prefers to stay alone,5
2368,I feel sad without any clear reason,No major change noticed,6
2369,I feel disconnected from people,She seems withdrawn and quiet,4
2370,I feel worried about everything,Seems happy and social,4
2371,I feel fine and stable,She seems withdrawn and quiet,6
2372,I feel sad without any clear reason,Shows signs of irritability,8
2373,I feel anxious most of the day,Shows signs of irritability,1
2374,I feel sad without any clear reason,Appears emotionally distant,9
2375,I feel worried about everything,Mood fluctuates frequently,3
2376,I feel fine and stable,Appears emotionally distant,7
2377,I feel disconnected from people,He avoids family and sleeps a lot,1
2378,I feel sad without any clear reason,No major change noticed,5
2379,I feel stressed and overwhelmed,Seems happy and social,7
2380,I feel tired and hopeless,Behavior appears normal,4
2381,I feel tired and hopeless,No major change noticed,6
2382,I feel tired and hopeless,She seems withdrawn and quiet,8
2383,I feel calm and normal,Shows signs of irritability,2
2384,I feel tired and hopeless,Shows signs of irritability,7
2385,I feel calm and normal,Mood fluctuates frequently,4
2386,I feel calm and normal,Mood fluctuates frequently,10
2387,I feel motivated and energetic,She seems withdrawn and quiet,7
2388,I feel motivated and energetic,Mood fluctuates frequently,1
2389,I feel tired and hopeless,Mood fluctuates frequently,6
2390,I feel anxious most of the day,He avoids family and sleeps a lot,8
2391,I feel worried about everything,Mood fluctuates frequently,1
2392,I feel sad without any clear reason,He avoids family and sleeps a lot,10
2393,I feel anxious most of the day,No major change noticed,5
2394,I feel disconnected from people,Mood fluctuates frequently,8
2395,I feel stressed and overwhelmed,Often prefers to stay alone,9
2396,I feel sad without any clear reason,Often prefers to stay alone,6
2397,I feel disconnected from people,Seems happy and social,1
2398,I feel calm and normal,Mood fluctuates frequently,9
2399,I feel tired and hopeless,Actively interacts with family,5
2400,I feel stressed and overwhelmed,Actively interacts with family,10
2401,I feel emotionally numb,Actively interacts with family,5
2402,I feel motivated and energetic,Often prefers to stay alone,5
2403,I feel stressed and overwhelmed,No major change noticed,1
2404,I feel emotionally numb,No major change noticed,2
2405,I feel stressed and overwhelmed,He avoids family and sleeps a lot,5
2406,I feel calm and normal,Actively interacts with family,5
2407,I feel disconnected from people,Shows signs of irritability,3
2408,I feel stressed and overwhelmed,Behavior appears normal,5
2409,I feel stressed and overwhelmed,Behavior appears normal,9
2410,I feel motivated and energetic,Appears emotionally distant,8
2411,I feel tired and hopeless,Often prefers to stay alone,3
2412,I feel sad without any clear reason,Shows signs of irritability,10
2413,I feel emotionally numb,Actively interacts with family,9
2414,I feel disconnected from people,Often prefers to stay alone,9
2415,I feel sad without any clear reason,He avoids family and sleeps a lot,4
2416,I feel worried about everything,He avoids family and sleeps a lot,9
2417,I feel sad without any clear reason,No major change noticed,9
2418,I feel tired and hopeless,Actively interacts with family,1
2419,I feel tired and hopeless,Appears emotionally distant,4
2420,I feel worried about everything,Appears emotionally distant,2
2421,I feel anxious most of the day,No major change noticed,1
2422,I feel worried about everything,Mood fluctuates frequently,1
2423,I feel sad without any clear reason,She seems withdrawn and quiet,7
2424,I feel motivated and energetic,Often prefers to stay alone,10
2425,I feel tired and hopeless,Actively interacts with family,9
2426,I feel worried about everything,Shows signs of irritability,8
2427,I feel disconnected from people,Shows signs of irritability,3
2428,I feel worried about everything,Actively interacts with family,6
2429,I feel anxious most of the day,Mood fluctuates frequently,1
2430,I feel disconnected from people,Often prefers to stay alone,1
2431,I feel sad without any clear reason,Seems happy and social,10
2432,I feel disconnected from people,Behavior appears normal,5
2433,I feel calm and normal,No major change noticed,4
2434,I feel emotionally numb,Shows signs of irritability,9
2435,I feel tired and hopeless,Appears emotionally distant,4
2436,I feel calm and normal,Appears emotionally distant,5
2437,I feel emotionally numb,She seems withdrawn and quiet,10
2438,I feel motivated and energetic,He avoids family and sleeps a lot,1
2439,I feel fine and stable,Actively interacts with family,7
2440,I feel tired and hopeless,Shows signs of irritability,4
2441,I feel tired and hopeless,Often prefers to stay alone,6
2442,I feel sad without any clear reason,He avoids family and sleeps a lot,8
2443,I feel motivated and energetic,Often prefers to stay alone,4
2444,I feel calm and normal,Shows signs of irritability,2
2445,I feel disconnected from people,Seems happy and social,5
2446,I feel stressed and overwhelmed,She seems withdrawn and quiet,10
2447,I feel anxious most of the day,Shows signs of irritability,1
2448,I feel disconnected from people,Often prefers to stay alone,1
2449,I feel emotionally numb,Appears emotionally distant,1
2450,I feel stressed and overwhelmed,Appears emotionally distant,8
2451,I feel disconnected from people,She seems withdrawn and quiet,10
2452,I feel motivated and energetic,Seems happy and social,1
2453,I feel fine and stable,Seems happy and social,3
2454,I feel sad without any clear reason,Often prefers to stay alone,5
2455,I feel stressed and overwhelmed,Often prefers to stay alone,2
2456,I feel sad without any clear reason,Seems happy and social,2
2457,I feel disconnected from people,Actively interacts with family,7
2458,I feel sad without any clear reason,Mood fluctuates frequently,2
2459,I feel worried about everything,Often prefers to stay alone,9
2460,I feel fine and stable,Behavior appears normal,5
2461,I feel anxious most of the day,Appears emotionally distant,5
2462,I feel stressed and overwhelmed,Mood fluctuates frequently,5
2463,I feel anxious most of the day,Appears emotionally distant,7
2464,I feel fine and stable,Mood fluctuates frequently,4
2465,I feel disconnected from people,Mood fluctuates frequently,3
2466,I feel fine and stable,He avoids family and sleeps a lot,7
2467,I feel anxious most of the day,Shows signs of irritability,3
2468,I feel emotionally numb,Mood fluctuates frequently,10
2469,I feel emotionally numb,Appears emotionally distant,4
2470,I feel fine and stable,Often prefers to stay alone,2
2471,I feel fine and stable,Actively interacts with family,8
2472,I feel emotionally numb,Mood fluctuates frequently,1
2473,I feel stressed and overwhelmed,Appears emotionally distant,3
2474,I feel worried about everything,Shows signs of irritability,9
2475,I feel fine and stable,Behavior appears normal,9
2476,I feel motivated and energetic,No major change noticed,1
2477,I feel disconnected from people,Appears emotionally distant,8
2478,I feel calm and normal,Often prefers to stay alone,1
2479,I feel fine and stable,Often prefers to stay alone,10
2480,I feel calm and normal,She seems withdrawn and quiet,7
2481,I feel motivated and energetic,He avoids family and sleeps a lot,6
2482,I feel worried about everything,Behavior appears normal,4
2483,I feel worried about everything,She seems withdrawn and quiet,7
2484,I feel anxious most of the day,She seems withdrawn and quiet,7
2485,I feel tired and hopeless,He avoids family and sleeps a lot,4
2486,I feel motivated and energetic,Mood fluctuates frequently,8
2487,I feel stressed and overwhelmed,He avoids family and sleeps a lot,8
2488,I feel worried about everything,Often prefers to stay alone,6
2489,I feel stressed and overwhelmed,Often prefers to stay alone,4
2490,I feel emotionally numb,Seems happy and social,5
2491,I feel stressed and overwhelmed,Often prefers to stay alone,3
2492,I feel sad without any clear reason,He avoids family and sleeps a lot,2
2493,I feel emotionally numb,Actively interacts with family,3
2494,I feel calm and normal,No major change noticed,2
2495,I feel anxious most of the day,Actively interacts with family,8
2496,I feel stressed and overwhelmed,She seems withdrawn and quiet,5
2497,I feel motivated and energetic,She seems withdrawn and quiet,10
2498,I feel fine and stable,No major change noticed,2
2499,I feel disconnected from people,He avoids family and sleeps a lot,1
2500,I feel worried about everything,She seems withdrawn and quiet,5
2501,I feel calm and normal,Behavior appears normal,3
2502,I feel motivated and energetic,She seems withdrawn and quiet,10
2503,I feel emotionally numb,Often prefers to stay alone,10
2504,I feel sad without any clear reason,Appears emotionally distant,4
2505,I feel tired and hopeless,Actively interacts with family,2
2506,I feel motivated and energetic,Appears emotionally distant,7
2507,I feel stressed and overwhelmed,Often prefers to stay alone,6
2508,I feel emotionally numb,Mood fluctuates frequently,6
2509,I feel stressed and overwhelmed,Often prefers to stay alone,6
2510,I feel stressed and overwhelmed,She seems withdrawn and quiet,2
2511,I feel worried about everything,No major change noticed,8
2512,I feel disconnected from people,Actively interacts with family,2
2513,I feel emotionally numb,Often prefers to stay alone,9
2514,I feel sad without any clear reason,Mood fluctuates frequently,8
2515,I feel tired and hopeless,Appears emotionally distant,8
2516,I feel worried about everything,Actively interacts with family,9
2517,I feel anxious most of the day,Behavior appears normal,6
2518,I feel stressed and overwhelmed,Mood fluctuates frequently,10
2519,I feel emotionally numb,She seems withdrawn and quiet,2
2520,I feel motivated and energetic,No major change noticed,7
2521,I feel anxious most of the day,He avoids family and sleeps a lot,3
2522,I feel motivated and energetic,Appears emotionally distant,5
2523,I feel disconnected from people,Appears emotionally distant,3
2524,I feel emotionally numb,Shows signs of irritability,3
2525,I feel calm and normal,Shows signs of irritability,7
2526,I feel calm and normal,He avoids family and sleeps a lot,5
2527,I feel emotionally numb,No major change noticed,4
2528,I feel stressed and overwhelmed,She seems withdrawn and quiet,5
2529,I feel calm and normal,Shows signs of irritability,9
2530,I feel fine and stable,He avoids family and sleeps a lot,1
2531,I feel anxious most of the day,Seems happy and social,9
2532,I feel stressed and overwhelmed,Mood fluctuates frequently,4
2533,I feel emotionally numb,Seems happy and social,5
2534,I feel emotionally numb,Actively interacts with family,8
2535,I feel emotionally numb,She seems withdrawn and quiet,9
2536,I feel emotionally numb,Appears emotionally distant,2
2537,I feel emotionally numb,No major change noticed,1
2538,I feel fine and stable,Appears emotionally distant,4
2539,I feel emotionally numb,Appears emotionally distant,7
2540,I feel motivated and energetic,Shows signs of irritability,8
2541,I feel tired and hopeless,Often prefers to stay alone,10
2542,I feel sad without any clear reason,He avoids family and sleeps a lot,7
2543,I feel calm and normal,Behavior appears normal,5
2544,I feel sad without any clear reason,Mood fluctuates frequently,6
2545,I feel emotionally numb,Appears emotionally distant,1
2546,I feel emotionally numb,Often prefers to stay alone,9
2547,I feel anxious most of the day,No major change noticed,7
2548,I feel motivated and energetic,No major change noticed,6
2549,I feel stressed and overwhelmed,Shows signs of irritability,10
2550,I feel stressed and overwhelmed,He avoids family and sleeps a lot,1
2551,I feel emotionally numb,Shows signs of irritability,9
2552,I feel calm and normal,Appears emotionally distant,10
2553,I feel motivated and energetic,She seems withdrawn and quiet,10
2554,I feel worried about everything,Mood fluctuates frequently,4
2555,I feel tired and hopeless,No major change noticed,4
2556,I feel emotionally numb,No major change noticed,8
2557,I feel tired and hopeless,No major change noticed,9
2558,I feel fine and stable,Shows signs of irritability,2
2559,I feel fine and stable,Often prefers to stay alone,5
2560,I feel calm and normal,Mood fluctuates frequently,6
2561,I feel calm and normal,Behavior appears normal,10
2562,I feel sad without any clear reason,Behavior appears normal,8
2563,I feel tired and hopeless,Often prefers to stay alone,6
2564,I feel anxious most of the day,Seems happy and social,2
2565,I feel fine and stable,Shows signs of irritability,8
2566,I feel stressed and overwhelmed,Actively interacts with family,7
2567,I feel anxious most of the day,Mood fluctuates frequently,4
2568,I feel fine and stable,Appears emotionally distant,3
2569,I feel tired and hopeless,He avoids family and sleeps a lot,3
2570,I feel stressed and overwhelmed,Mood fluctuates frequently,5
2571,I feel sad without any clear reason,Behavior appears normal,5
2572,I feel disconnected from people,No major change noticed,6
2573,I feel emotionally numb,She seems withdrawn and quiet,8
2574,I feel tired and hopeless,Shows signs of irritability,8
2575,I feel tired and hopeless,Mood fluctuates frequently,3
2576,I feel worried about everything,Often prefers to stay alone,10
2577,I feel motivated and energetic,Mood fluctuates frequently,8
2578,I feel sad without any clear reason,Actively interacts with family,2
2579,I feel fine and stable,Appears emotionally distant,8
2580,I feel anxious most of the day,Actively interacts with family,3
2581,I feel disconnected from people,She seems withdrawn and quiet,6
2582,I feel disconnected from people,Seems happy and social,7
2583,I feel tired and hopeless,Often prefers to stay alone,2
2584,I feel anxious most of the day,Appears emotionally distant,7
2585,I feel tired and hopeless,No major change noticed,1
2586,I feel emotionally numb,Actively interacts with family,9
2587,I feel stressed and overwhelmed,No major change noticed,8
2588,I feel anxious most of the day,Shows signs of irritability,4
2589,I feel fine and stable,Often prefers to stay alone,10
2590,I feel fine and stable,She seems withdrawn and quiet,2
2591,I feel fine and stable,She seems withdrawn and quiet,9
2592,I feel motivated and energetic,Actively interacts with family,4
2593,I feel disconnected from people,Actively interacts with family,5
2594,I feel tired and hopeless,Seems happy and social,4
2595,I feel motivated and energetic,Appears emotionally distant,8
2596,I feel motivated and energetic,Mood fluctuates frequently,6
2597,I feel sad without any clear reason,He avoids family and sleeps a lot,5
2598,I feel fine and stable,Behavior appears normal,1
2599,I feel tired and hopeless,Often prefers to stay alone,10
2600,I feel tired and hopeless,Shows signs of irritability,8
2601,I feel sad without any clear reason,Mood fluctuates frequently,1
2602,I feel emotionally numb,Shows signs of irritability,2
2603,I feel anxious most of the day,Mood fluctuates frequently,10
2604,I feel sad without any clear reason,Shows signs of irritability,5
2605,I feel stressed and overwhelmed,Behavior appears normal,2
2606,I feel disconnected from people,Shows signs of irritability,8
2607,I feel emotionally numb,Appears emotionally distant,8
2608,I feel emotionally numb,No major change noticed,5
2609,I feel stressed and overwhelmed,Shows signs of irritability,3
2610,I feel emotionally numb,Behavior appears normal,6
2611,I feel calm and normal,No major change noticed,8
2612,I feel fine and stable,Behavior appears normal,2
2613,I feel calm and normal,Shows signs of irritability,5
2614,I feel motivated and energetic,Seems happy and social,4
2615,I feel motivated and energetic,Actively interacts with family,7
2616,I feel emotionally numb,Mood fluctuates frequently,4
2617,I feel stressed and overwhelmed,Mood fluctuates frequently,2
2618,I feel tired and hopeless,Appears emotionally distant,8
2619,I feel worried about everything,He avoids family and sleeps a lot,6
2620,I feel calm and normal,Shows signs of irritability,9
2621,I feel calm and normal,Seems happy and social,10
2622,I feel stressed and overwhelmed,Actively interacts with family,3
2623,I feel stressed and overwhelmed,Appears emotionally distant,9
2624,I feel stressed and overwhelmed,Seems happy and social,10
2625,I feel motivated and energetic,She seems withdrawn and quiet,6
2626,I feel fine and stable,Seems happy and social,5
2627,I feel tired and hopeless,Appears emotionally distant,5
2628,I feel sad without any clear reason,Appears emotionally distant,10
2629,I feel anxious most of the day,No major change noticed,10
2630,I feel disconnected from people,Actively interacts with family,4
2631,I feel disconnected from people,Shows signs of irritability,1
2632,I feel anxious most of the day,Mood fluctuates frequently,7
2633,I feel worried about everything,Seems happy and social,5
2634,I feel fine and stable,No major change noticed,6
2635,I feel sad without any clear reason,Mood fluctuates frequently,2
2636,I feel emotionally numb,Behavior appears normal,9
2637,I feel emotionally numb,She seems withdrawn and quiet,10
2638,I feel disconnected from people,Appears emotionally distant,9
2639,I feel motivated and energetic,Shows signs of irritability,8
2640,I feel fine and stable,Actively interacts with family,4
2641,I feel stressed and overwhelmed,Mood fluctuates frequently,4
2642,I feel worried about everything,He avoids family and sleeps a lot,7
2643,I feel anxious most of the day,Often prefers to stay alone,2
2644,I feel motivated and energetic,Actively interacts with family,7
2645,I feel anxious most of the day,Shows signs of irritability,4
2646,I feel calm and normal,He avoids family and sleeps a lot,4
2647,I feel stressed and overwhelmed,No major change noticed,3
2648,I feel anxious most of the day,Behavior appears normal,3
2649,I feel calm and normal,He avoids family and sleeps a lot,1
2650,I feel stressed and overwhelmed,Mood fluctuates frequently,1
2651,I feel disconnected from people,Mood fluctuates frequently,6
2652,I feel motivated and energetic,Mood fluctuates frequently,1
2653,I feel stressed and overwhelmed,Mood fluctuates frequently,6
2654,I feel motivated and energetic,No major change noticed,8
2655,I feel sad without any clear reason,No major change noticed,5
2656,I feel emotionally numb,Shows signs of irritability,9
2657,I feel sad without any clear reason,Often prefers to stay alone,6
2658,I feel calm and normal,Behavior appears normal,9
2659,I feel fine and stable,Actively interacts with family,10
2660,I feel calm and normal,No major change noticed,1
2661,I feel sad without any clear reason,Behavior appears normal,6
2662,I feel worried about everything,No major change noticed,5
2663,I feel motivated and energetic,No major change noticed,5
2664,I feel anxious most of the day,He avoids family and sleeps a lot,3
2665,I feel anxious most of the day,She seems withdrawn and quiet,10
2666,I feel emotionally numb,She seems withdrawn and quiet,2
2667,I feel fine and stable,Often prefers to stay alone,7
2668,I feel calm and normal,No major change noticed,7
2669,I feel motivated and energetic,Appears emotionally distant,4
2670,I feel worried about everything,Shows signs of irritability,5
2671,I feel fine and stable,Seems happy and social,4
2672,I feel stressed and overwhelmed,She seems withdrawn and quiet,7
2673,I feel tired and hopeless,Seems happy and social,10
2674,I feel calm and normal,Actively interacts with family,8
2675,I feel sad without any clear reason,Mood fluctuates frequently,5
2676,I feel disconnected from people,Shows signs of irritability,3
2677,I feel stressed and overwhelmed,She seems withdrawn and quiet,3
2678,I feel anxious most of the day,Behavior appears normal,6
2679,I feel disconnected from people,Appears emotionally distant,1
2680,I feel tired and hopeless,He avoids family and sleeps a lot,3
2681,I feel sad without any clear reason,Actively interacts with family,10
2682,I feel sad without any clear reason,Actively interacts with family,7
2683,I feel sad without any clear reason,Actively interacts with family,6
2684,I feel calm and normal,Mood fluctuates frequently,1
2685,I feel fine and stable,Seems happy and social,9
2686,I feel emotionally numb,Often prefers to stay alone,2
2687,I feel motivated and energetic,Often prefers to stay alone,9
2688,I feel worried about everything,Mood fluctuates frequently,4
2689,I feel fine and stable,Appears emotionally distant,7
2690,I feel motivated and energetic,Shows signs of irritability,3
2691,I feel disconnected from people,She seems withdrawn and quiet,2
2692,I feel tired and hopeless,Shows signs of irritability,7
2693,I feel emotionally numb,Actively interacts with family,3
2694,I feel sad without any clear reason,Appears emotionally distant,5
2695,I feel worried about everything,Mood fluctuates frequently,10
2696,I feel calm and normal,Seems happy and social,3
2697,I feel motivated and energetic,Shows signs of irritability,5
2698,I feel emotionally numb,Shows signs of irritability,8
2699,I feel anxious most of the day,Appears emotionally distant,6
2700,I feel emotionally numb,Mood fluctuates frequently,8
2701,I feel worried about everything,No major change noticed,8
2702,I feel worried about everything,Mood fluctuates frequently,5
2703,I feel disconnected from people,Behavior appears normal,7
2704,I feel disconnected from people,She seems withdrawn and quiet,9
2705,I feel disconnected from people,Shows signs of irritability,7
2706,I feel worried about everything,He avoids family and sleeps a lot,5
2707,I feel worried about everything,She seems withdrawn and quiet,2
2708,I feel emotionally numb,She seems withdrawn and quiet,8
2709,I feel calm and normal,Behavior appears normal,7
2710,I feel anxious most of the day,No major change noticed,7
2711,I feel tired and hopeless,She seems withdrawn and quiet,8
2712,I feel stressed and overwhelmed,No major change noticed,7
2713,I feel sad without any clear reason,Shows signs of irritability,1
2714,I feel worried about everything,She seems withdrawn and quiet,8
2715,I feel fine and stable,Behavior appears normal,4
2716,I feel emotionally numb,Shows signs of irritability,6
2717,I feel tired and hopeless,Shows signs of irritability,6
2718,I feel anxious most of the day,Actively interacts with family,8
2719,I feel motivated and energetic,He avoids family and sleeps a lot,9
2720,I feel worried about everything,Mood fluctuates frequently,9
2721,I feel sad without any clear reason,Mood fluctuates frequently,4
2722,I feel tired and hopeless,Shows signs of irritability,10
2723,I feel motivated and energetic,No major change noticed,7
2724,I feel motivated and energetic,Shows signs of irritability,3
2725,I feel anxious most of the day,Shows signs of irritability,9
2726,I feel worried about everything,Often prefers to stay alone,8
2727,I feel stressed and overwhelmed,No major change noticed,6
2728,I feel sad without any clear reason,Seems happy and social,3
2729,I feel sad without any clear reason,Shows signs of irritability,7
2730,I feel stressed and overwhelmed,Appears emotionally distant,10
2731,I feel stressed and overwhelmed,Often prefers to stay alone,8
2732,I feel motivated and energetic,No major change noticed,2
2733,I feel anxious most of the day,Behavior appears normal,6
2734,I feel anxious most of the day,Actively interacts with family,3
2735,I feel anxious most of the day,Mood fluctuates frequently,8
2736,I feel worried about everything,Appears emotionally distant,6
2737,I feel calm and normal,Appears emotionally distant,10
2738,I feel stressed and overwhelmed,Shows signs of irritability,8
2739,I feel calm and normal,Seems happy and social,7
2740,I feel disconnected from people,Mood fluctuates frequently,4
2741,I feel sad without any clear reason,She seems withdrawn and quiet,1
2742,I feel sad without any clear reason,Often prefers to stay alone,6
2743,I feel calm and normal,He avoids family and sleeps a lot,9
2744,I feel stressed and overwhelmed,She seems withdrawn and quiet,3
2745,I feel disconnected from people,Seems happy and social,1
2746,I feel fine and stable,Shows signs of irritability,4
2747,I feel motivated and energetic,Mood fluctuates frequently,6
2748,I feel stressed and overwhelmed,Mood fluctuates frequently,7
2749,I feel worried about everything,He avoids family and sleeps a lot,8
2750,I feel worried about everything,Mood fluctuates frequently,6
2751,I feel emotionally numb,Appears emotionally distant,10
2752,I feel calm and normal,Mood fluctuates frequently,2
2753,I feel motivated and energetic,Actively interacts with family,9
2754,I feel stressed and overwhelmed,Mood fluctuates frequently,6
2755,I feel disconnected from people,Actively interacts with family,10
2756,I feel tired and hopeless,Actively interacts with family,5
2757,I feel fine and stable,Actively interacts with family,6
2758,I feel stressed and overwhelmed,Shows signs of irritability,6
2759,I feel sad without any clear reason,He avoids family and sleeps a lot,2
2760,I feel calm and normal,Often prefers to stay alone,10
2761,I feel sad without any clear reason,She seems withdrawn and quiet,2
2762,I feel stressed and overwhelmed,He avoids family and sleeps a lot,8
2763,I feel fine and stable,Actively interacts with family,3
2764,I feel stressed and overwhelmed,Shows signs of irritability,10
2765,I feel fine and stable,Seems happy and social,5
2766,I feel sad without any clear reason,Often prefers to stay alone,6
2767,I feel anxious most of the day,She seems withdrawn and quiet,10
2768,I feel anxious most of the day,He avoids family and sleeps a lot,6
2769,I feel worried about everything,She seems withdrawn and quiet,7
2770,I feel tired and hopeless,No major change noticed,1
2771,I feel calm and normal,Often prefers to stay alone,4
2772,I feel tired and hopeless,Behavior appears normal,7
2773,I feel tired and hopeless,Mood fluctuates frequently,3
2774,I feel anxious most of the day,Seems happy and social,10
2775,I feel stressed and overwhelmed,Often prefers to stay alone,2
2776,I feel sad without any clear reason,Seems happy and social,9
2777,I feel sad without any clear reason,She seems withdrawn and quiet,1
2778,I feel calm and normal,He avoids family and sleeps a lot,3
2779,I feel tired and hopeless,Seems happy and social,5
2780,I feel calm and normal,Shows signs of irritability,7
2781,I feel motivated and energetic,No major change noticed,1
2782,I feel anxious most of the day,Often prefers to stay alone,1
2783,I feel fine and stable,He avoids family and sleeps a lot,7
2784,I feel tired and hopeless,She seems withdrawn and quiet,2
2785,I feel sad without any clear reason,Often prefers to stay alone,4
2786,I feel fine and stable,Behavior appears normal,7
2787,I feel disconnected from people,Mood fluctuates frequently,2
2788,I feel disconnected from people,No major change noticed,7
2789,I feel emotionally numb,Mood fluctuates frequently,10
2790,I feel emotionally numb,Actively interacts with family,4
2791,I feel motivated and energetic,Often prefers to stay alone,7
2792,I feel sad without any clear reason,Appears emotionally distant,8
2793,I feel fine and stable,Often prefers to stay alone,5
2794,I feel worried about everything,Actively interacts with family,2
2795,I feel tired and hopeless,He avoids family and sleeps a lot,7
2796,I feel emotionally numb,Mood fluctuates frequently,10
2797,I feel sad without any clear reason,She seems withdrawn and quiet,7
2798,I feel sad without any clear reason,She seems withdrawn and quiet,8
2799,I feel anxious most of the day,No major change noticed,4
2800,I feel emotionally numb,Shows signs of irritability,1
2801,I feel fine and stable,She seems withdrawn and quiet,7
2802,I feel motivated and energetic,She seems withdrawn and quiet,7
2803,I feel disconnected from people,Shows signs of irritability,10
2804,I feel stressed and overwhelmed,Appears emotionally distant,3
2805,I feel fine and stable,Behavior appears normal,10
2806,I feel worried about everything,Behavior appears normal,10
2807,I feel calm and normal,Often prefers to stay alone,7
2808,I feel emotionally numb,She seems withdrawn and quiet,10
2809,I feel motivated and energetic,Appears emotionally distant,2
2810,I feel fine and stable,She seems withdrawn and quiet,10
2811,I feel calm and normal,Often prefers to stay alone,5
2812,I feel worried about everything,Often prefers to stay alone,8
2813,I feel calm and normal,Shows signs of irritability,9
2814,I feel worried about everything,Seems happy and social,1
2815,I feel fine and stable,He avoids family and sleeps a lot,2
2816,I feel calm and normal,Shows signs of irritability,10
2817,I feel calm and normal,No major change noticed,4
2818,I feel worried about everything,He avoids family and sleeps a lot,10
2819,I feel motivated and energetic,Actively interacts with family,8
2820,I feel tired and hopeless,Mood fluctuates frequently,6
2821,I feel stressed and overwhelmed,Actively interacts with family,5
2822,I feel disconnected from people,Shows signs of irritability,8
2823,I feel sad without any clear reason,Appears emotionally distant,7
2824,I feel sad without any clear reason,Appears emotionally distant,5
2825,I feel stressed and overwhelmed,Behavior appears normal,5
2826,I feel stressed and overwhelmed,No major change noticed,4
2827,I feel tired and hopeless,Appears emotionally distant,5
2828,I feel stressed and overwhelmed,Mood fluctuates frequently,8
2829,I feel emotionally numb,Appears emotionally distant,3
2830,I feel disconnected from people,Behavior appears normal,8
2831,I feel calm and normal,Appears emotionally distant,5
2832,I feel calm and normal,Actively interacts with family,6
2833,I feel tired and hopeless,Mood fluctuates frequently,1
2834,I feel sad without any clear reason,Seems happy and social,2
2835,I feel motivated and energetic,Appears emotionally distant,3
2836,I feel fine and stable,Often prefers to stay alone,10
2837,I feel worried about everything,No major change noticed,8
2838,I feel worried about everything,He avoids family and sleeps a lot,10
2839,I feel tired and hopeless,He avoids family and sleeps a lot,5
2840,I feel anxious most of the day,Often prefers to stay alone,10
2841,I feel disconnected from people,Often prefers to stay alone,7
2842,I feel anxious most of the day,She seems withdrawn and quiet,7
2843,I feel anxious most of the day,Often prefers to stay alone,3
2844,I feel disconnected from people,No major change noticed,8
2845,I feel tired and hopeless,She seems withdrawn and quiet,4
2846,I feel tired and hopeless,He avoids family and sleeps a lot,9
2847,I feel stressed and overwhelmed,He avoids family and sleeps a lot,4
2848,I feel disconnected from people,Shows signs of irritability,10
2849,I feel sad without any clear reason,Often prefers to stay alone,1
2850,I feel anxious most of the day,Appears emotionally distant,5
2851,I feel motivated and energetic,Behavior appears normal,4
2852,I feel stressed and overwhelmed,Behavior appears normal,4
2853,I feel emotionally numb,No major change noticed,9
2854,I feel disconnected from people,She seems withdrawn and quiet,1
2855,I feel worried about everything,She seems withdrawn and quiet,8
2856,I feel motivated and energetic,Often prefers to stay alone,3
2857,I feel motivated and energetic,Shows signs of irritability,9
2858,I feel worried about everything,Mood fluctuates frequently,7
2859,I feel calm and normal,He avoids family and sleeps a lot,9
2860,I feel fine and stable,Seems happy and social,10
2861,I feel worried about everything,Actively interacts with family,6
2862,I feel stressed and overwhelmed,She seems withdrawn and quiet,7
2863,I feel sad without any clear reason,Shows signs of irritability,3
2864,I feel disconnected from people,Often prefers to stay alone,2
2865,I feel tired and hopeless,He avoids family and sleeps a lot,6
2866,I feel motivated and energetic,Actively interacts with family,10
2867,I feel worried about everything,No major change noticed,8
2868,I feel anxious most of the day,Actively interacts with family,2
2869,I feel stressed and overwhelmed,Actively interacts with family,6
2870,I feel disconnected from people,Mood fluctuates frequently,8
2871,I feel fine and stable,Shows signs of irritability,8
2872,I feel emotionally numb,Seems happy and social,1
2873,I feel fine and stable,No major change noticed,2
2874,I feel motivated and energetic,She seems withdrawn and quiet,7
2875,I feel anxious most of the day,Mood fluctuates frequently,5
2876,I feel emotionally numb,Often prefers to stay alone,3
2877,I feel tired and hopeless,Seems happy and social,2
2878,I feel stressed and overwhelmed,Actively interacts with family,4
2879,I feel emotionally numb,No major change noticed,9
2880,I feel tired and hopeless,He avoids family and sleeps a lot,1
2881,I feel disconnected from people,Often prefers to stay alone,9
2882,I feel stressed and overwhelmed,Shows signs of irritability,10
2883,I feel sad without any clear reason,Behavior appears normal,1
2884,I feel stressed and overwhelmed,She seems withdrawn and quiet,6
2885,I feel disconnected from people,Seems happy and social,9
2886,I feel anxious most of the day,No major change noticed,1
2887,I feel worried about everything,Behavior appears normal,10
2888,I feel fine and stable,Actively interacts with family,6
2889,I feel disconnected from people,She seems withdrawn and quiet,10
2890,I feel calm and normal,He avoids family and sleeps a lot,8
2891,I feel emotionally numb,He avoids family and sleeps a lot,5
2892,I feel sad without any clear reason,Behavior appears normal,3
2893,I feel emotionally numb,She seems withdrawn and quiet,4
2894,I feel motivated and energetic,Often prefers to stay alone,7
2895,I feel stressed and overwhelmed,No major change noticed,2
2896,I feel anxious most of the day,No major change noticed,4
2897,I feel stressed and overwhelmed,Often prefers to stay alone,6
2898,I feel worried about everything,She seems withdrawn and quiet,10
2899,I feel calm and normal,Behavior appears normal,10
2900,I feel sad without any clear reason,He avoids family and sleeps a lot,9
2901,I feel disconnected from people,No major change noticed,3
2902,I feel sad without any clear reason,She seems withdrawn and quiet,1
2903,I feel sad without any clear reason,Seems happy and social,3
2904,I feel tired and hopeless,Mood fluctuates frequently,5
2905,I feel tired and hopeless,Mood fluctuates frequently,8
2906,I feel emotionally numb,She seems withdrawn and quiet,7
2907,I feel motivated and energetic,She seems withdrawn and quiet,10
2908,I feel sad without any clear reason,Seems happy and social,5
2909,I feel emotionally numb,Often prefers to stay alone,1
2910,I feel calm and normal,He avoids family and sleeps a lot,2
2911,I feel fine and stable,Seems happy and social,8
2912,I feel motivated and energetic,Actively interacts with family,8
2913,I feel fine and stable,Actively interacts with family,8
2914,I feel calm and normal,Mood fluctuates frequently,2
2915,I feel motivated and energetic,Often prefers to stay alone,3
2916,I feel calm and normal,No major change noticed,1
2917,I feel stressed and overwhelmed,No major change noticed,5
2918,I feel fine and stable,He avoids family and sleeps a lot,8
2919,I feel calm and normal,Mood fluctuates frequently,4
2920,I feel fine and stable,Mood fluctuates frequently,3
2921,I feel worried about everything,Actively interacts with family,2
2922,I feel tired and hopeless,Seems happy and social,1
2923,I feel calm and normal,Shows signs of irritability,5
2924,I feel emotionally numb,He avoids family and sleeps a lot,4
2925,I feel calm and normal,Seems happy and social,4
2926,I feel motivated and energetic,Actively interacts with family,6
2927,I feel motivated and energetic,Behavior appears normal,9
2928,I feel fine and stable,Seems happy and social,5
2929,I feel sad without any clear reason,Shows signs of irritability,3
2930,I feel emotionally numb,He avoids family and sleeps a lot,10
2931,I feel sad without any clear reason,She seems withdrawn and quiet,1
2932,I feel calm and normal,No major change noticed,7
2933,I feel worried about everything,Actively interacts with family,1
2934,I feel motivated and energetic,Mood fluctuates frequently,9
2935,I feel anxious most of the day,Actively interacts with family,8
2936,I feel worried about everything,Seems happy and social,8
2937,I feel anxious most of the day,Appears emotionally distant,8
2938,I feel disconnected from people,Appears emotionally distant,2
2939,I feel tired and hopeless,She seems withdrawn and quiet,7
2940,I feel fine and stable,Behavior appears normal,2
2941,I feel tired and hopeless,Appears emotionally distant,1
2942,I feel fine and stable,He avoids family and sleeps a lot,9
2943,I feel worried about everything,He avoids family and sleeps a lot,10
2944,I feel stressed and overwhelmed,She seems withdrawn and quiet,7
2945,I feel fine and stable,Actively interacts with family,7
2946,I feel worried about everything,No major change noticed,3
2947,I feel fine and stable,Actively interacts with family,5
2948,I feel sad without any clear reason,Behavior appears normal,6
2949,I feel anxious most of the day,Often prefers to stay alone,3
2950,I feel anxious most of the day,No major change noticed,3
2951,I feel anxious most of the day,Shows signs of irritability,7
2952,I feel stressed and overwhelmed,Mood fluctuates frequently,6
2953,I feel disconnected from people,Actively interacts with family,9
2954,I feel fine and stable,He avoids family and sleeps a lot,4
2955,I feel emotionally numb,Mood fluctuates frequently,8
2956,I feel stressed and overwhelmed,No major change noticed,1
2957,I feel sad without any clear reason,Behavior appears normal,8
2958,I feel emotionally numb,Shows signs of irritability,7
2959,I feel sad without any clear reason,She seems withdrawn and quiet,6
2960,I feel stressed and overwhelmed,Behavior appears normal,1
2961,I feel sad without any clear reason,Actively interacts with family,8
2962,I feel anxious most of the day,She seems withdrawn and quiet,1
2963,I feel disconnected from people,Shows signs of irritability,6
2964,I feel disconnected from people,Actively interacts with family,1
2965,I feel disconnected from people,Shows signs of irritability,8
2966,I feel stressed and overwhelmed,Seems happy and social,4
2967,I feel emotionally numb,Appears emotionally distant,6
2968,I feel sad without any clear reason,She seems withdrawn and quiet,9
2969,I feel emotionally numb,No major change noticed,1
2970,I feel calm and normal,Shows signs of irritability,6
2971,I feel stressed and overwhelmed,Shows signs of irritability,10
2972,I feel motivated and energetic,Behavior appears normal,6
2973,I feel sad without any clear reason,No major change noticed,6
2974,I feel worried about everything,Behavior appears normal,1
2975,I feel sad without any clear reason,He avoids family and sleeps a lot,6
2976,I feel tired and hopeless,Seems happy and social,2
2977,I feel tired and hopeless,She seems withdrawn and quiet,2
2978,I feel emotionally numb,Seems happy and social,10
2979,I feel emotionally numb,Often prefers to stay alone,7
2980,I feel motivated and energetic,He avoids family and sleeps a lot,8
2981,I feel tired and hopeless,Appears emotionally distant,1
2982,I feel fine and stable,Shows signs of irritability,4
2983,I feel fine and stable,Often prefers to stay alone,10
2984,I feel anxious most of the day,Shows signs of irritability,4
2985,I feel anxious most of the day,No major change noticed,5
2986,I feel fine and stable,Appears emotionally distant,9
2987,I feel disconnected from people,Mood fluctuates frequently,1
2988,I feel anxious most of the day,She seems withdrawn and quiet,9
2989,I feel stressed and overwhelmed,Seems happy and social,10
2990,I feel calm and normal,Seems happy and social,4
2991,I feel tired and hopeless,Shows signs of irritability,1
2992,I feel tired and hopeless,Mood fluctuates frequently,8
2993,I feel motivated and energetic,Appears emotionally distant,4
2994,I feel disconnected from people,Appears emotionally distant,6
2995,I feel fine and stable,Appears emotionally distant,9
2996,I feel calm and normal,Shows signs of irritability,1
2997,I feel calm and normal,Often prefers to stay alone,3
2998,I feel sad without any clear reason,She seems withdrawn and quiet,6
2999,I feel motivated and energetic,Seems happy and social,4
3000,I feel worried about everything,Behavior appears normal,9
3001,I feel worried about everything,He avoids family and sleeps a lot,2
3002,I feel stressed and overwhelmed,Behavior appears normal,10
3003,I feel motivated and energetic,Shows signs of irritability,1
3004,I feel emotionally numb,Mood fluctuates frequently,6
3005,I feel anxious most of the day,Appears emotionally distant,5
3006,I feel emotionally numb,Often prefers to stay alone,6
3007,I feel tired and hopeless,He avoids family and sleeps a lot,9
3008,I feel anxious most of the day,Mood fluctuates frequently,7
3009,I feel stressed and overwhelmed,Shows signs of irritability,2
3010,I feel calm and normal,Actively interacts with family,10
3011,I feel worried about everything,No major change noticed,4
3012,I feel sad without any clear reason,Behavior appears normal,6
3013,I feel emotionally numb,Actively interacts with family,1
3014,I feel anxious most of the day,Seems happy and social,10
3015,I feel worried about everything,Seems happy and social,5
3016,I feel stressed and overwhelmed,Appears emotionally distant,1
3017,I feel disconnected from people,He avoids family and sleeps a lot,3
3018,I feel anxious most of the day,Shows signs of irritability,5
3019,I feel stressed and overwhelmed,Actively interacts with family,8
3020,I feel worried about everything,He avoids family and sleeps a lot,1
3021,I feel worried about everything,He avoids family and sleeps a lot,3
3022,I feel worried about everything,Actively interacts with family,1
3023,I feel disconnected from people,Seems happy and social,7
3024,I feel anxious most of the day,She seems withdrawn and quiet,8
3025,I feel worried about everything,No major change noticed,3
3026,I feel disconnected from people,Behavior appears normal,3
3027,I feel emotionally numb,Mood fluctuates frequently,2
3028,I feel sad without any clear reason,Mood fluctuates frequently,6
3029,I feel emotionally numb,Appears emotionally distant,4
3030,I feel sad without any clear reason,Appears emotionally distant,6
3031,I feel anxious most of the day,He avoids family and sleeps a lot,8
3032,I feel disconnected from people,Appears emotionally distant,5
3033,I feel stressed and overwhelmed,Behavior appears normal,4
3034,I feel tired and hopeless,She seems withdrawn and quiet,10
3035,I feel disconnected from people,He avoids family and sleeps a lot,3
3036,I feel emotionally numb,Behavior appears normal,6
3037,I feel fine and stable,Behavior appears normal,5
3038,I feel calm and normal,He avoids family and sleeps a lot,9
3039,I feel disconnected from people,Actively interacts with family,10
3040,I feel motivated and energetic,She seems withdrawn and quiet,1
3041,I feel stressed and overwhelmed,No major change noticed,3
3042,I feel worried about everything,She seems withdrawn and quiet,8
3043,I feel tired and hopeless,He avoids family and sleeps a lot,1
3044,I feel worried about everything,Shows signs of irritability,1
3045,I feel motivated and energetic,Actively interacts with family,1
3046,I feel calm and normal,Actively interacts with family,5
3047,I feel worried about everything,Behavior appears normal,8
3048,I feel stressed and overwhelmed,He avoids family and sleeps a lot,4
3049,I feel tired and hopeless,Behavior appears normal,4
3050,I feel worried about everything,Often prefers to stay alone,6
3051,I feel stressed and overwhelmed,Mood fluctuates frequently,4
3052,I feel disconnected from people,Shows signs of irritability,6
3053,I feel motivated and energetic,Mood fluctuates frequently,9
3054,I feel stressed and overwhelmed,Actively interacts with family,3
3055,I feel anxious most of the day,He avoids family and sleeps a lot,2
3056,I feel disconnected from people,Appears emotionally distant,7
3057,I feel tired and hopeless,Mood fluctuates frequently,6
3058,I feel worried about everything,Appears emotionally distant,9
3059,I feel tired and hopeless,Mood fluctuates frequently,10
3060,I feel emotionally numb,He avoids family and sleeps a lot,10
3061,I feel worried about everything,Seems happy and social,4
3062,I feel disconnected from people,Mood fluctuates frequently,2
3063,I feel anxious most of the day,Often prefers to stay alone,7
3064,I feel disconnected from people,Actively interacts with family,1
3065,I feel motivated and energetic,Appears emotionally distant,3
3066,I feel sad without any clear reason,She seems withdrawn and quiet,3
3067,I feel tired and hopeless,Seems happy and social,4
3068,I feel motivated and energetic,She seems withdrawn and quiet,6
3069,I feel sad without any clear reason,He avoids family and sleeps a lot,7
3070,I feel tired and hopeless,He avoids family and sleeps a lot,1
3071,I feel motivated and energetic,Actively interacts with family,4
3072,I feel emotionally numb,Seems happy and social,10
3073,I feel disconnected from people,She seems withdrawn and quiet,4
3074,I feel motivated and energetic,Actively interacts with family,8
3075,I feel emotionally numb,No major change noticed,9
3076,I feel fine and stable,Shows signs of irritability,2
3077,I feel motivated and energetic,Mood fluctuates frequently,10
3078,I feel anxious most of the day,Appears emotionally distant,2
3079,I feel fine and stable,Appears emotionally distant,4
3080,I feel fine and stable,Shows signs of irritability,2
3081,I feel stressed and overwhelmed,Appears emotionally distant,2
3082,I feel calm and normal,She seems withdrawn and quiet,8
3083,I feel sad without any clear reason,Often prefers to stay alone,9
3084,I feel stressed and overwhelmed,Seems happy and social,9
3085,I feel motivated and energetic,She seems withdrawn and quiet,9
3086,I feel anxious most of the day,Seems happy and social,10
3087,I feel disconnected from people,Appears emotionally distant,9
3088,I feel disconnected from people,Shows signs of irritability,6
3089,I feel calm and normal,Appears emotionally distant,8
3090,I feel anxious most of the day,Shows signs of irritability,6
3091,I feel calm and normal,She seems withdrawn and quiet,4
3092,I feel tired and hopeless,Often prefers to stay alone,7
3093,I feel tired and hopeless,Mood fluctuates frequently,5
3094,I feel disconnected from people,She seems withdrawn and quiet,10
3095,I feel stressed and overwhelmed,Actively interacts with family,6
3096,I feel stressed and overwhelmed,Often prefers to stay alone,3
3097,I feel stressed and overwhelmed,No major change noticed,3
3098,I feel motivated and energetic,He avoids family and sleeps a lot,5
3099,I feel disconnected from people,He avoids family and sleeps a lot,9
3100,I feel fine and stable,Mood fluctuates frequently,2
3101,I feel stressed and overwhelmed,Seems happy and social,8
3102,I feel emotionally numb,Actively interacts with family,9
3103,I feel sad without any clear reason,Often prefers to stay alone,7
3104,I feel emotionally numb,Often prefers to stay alone,5
3105,I feel disconnected from people,Behavior appears normal,5
3106,I feel stressed and overwhelmed,Actively interacts with family,6
3107,I feel calm and normal,Appears emotionally distant,3
3108,I feel stressed and overwhelmed,He avoids family and sleeps a lot,8
3109,I feel fine and stable,Appears emotionally distant,9
3110,I feel calm and normal,Shows signs of irritability,5
3111,I feel stressed and overwhelmed,Shows signs of irritability,5
3112,I feel anxious most of the day,Appears emotionally distant,6
3113,I feel emotionally numb,Shows signs of irritability,9
3114,I feel calm and normal,Seems happy and social,3
3115,I feel sad without any clear reason,No major change noticed,9
3116,I feel sad without any clear reason,He avoids family and sleeps a lot,8
3117,I feel disconnected from people,No major change noticed,6
3118,I feel worried about everything,She seems withdrawn and quiet,4
3119,I feel stressed and overwhelmed,He avoids family and sleeps a lot,9
3120,I feel fine and stable,Appears emotionally distant,5
3121,I feel worried about everything,Actively interacts with family,9
3122,I feel motivated and energetic,Appears emotionally distant,7
3123,I feel fine and stable,Appears emotionally distant,4
3124,I feel fine and stable,Mood fluctuates frequently,8
3125,I feel tired and hopeless,Seems happy and social,5
3126,I feel disconnected from people,No major change noticed,8
3127,I feel emotionally numb,Appears emotionally distant,4
3128,I feel calm and normal,Often prefers to stay alone,8
3129,I feel sad without any clear reason,Seems happy and social,4
3130,I feel disconnected from people,Seems happy and social,4
3131,I feel motivated and energetic,He avoids family and sleeps a lot,2
3132,I feel tired and hopeless,Actively interacts with family,4
3133,I feel calm and normal,She seems withdrawn and quiet,7
3134,I feel emotionally numb,He avoids family and sleeps a lot,9
3135,I feel tired and hopeless,Seems happy and social,9
3136,I feel disconnected from people,He avoids family and sleeps a lot,5
3137,I feel disconnected from people,Shows signs of irritability,9
3138,I feel fine and stable,Mood fluctuates frequently,7
3139,I feel motivated and energetic,Actively interacts with family,7
3140,I feel calm and normal,Appears emotionally distant,1
3141,I feel anxious most of the day,She seems withdrawn and quiet,4
3142,I feel sad without any clear reason,No major change noticed,3
3143,I feel calm and normal,Behavior appears normal,4
3144,I feel disconnected from people,Mood fluctuates frequently,5
3145,I feel disconnected from people,Appears emotionally distant,3
3146,I feel motivated and energetic,She seems withdrawn and quiet,4
3147,I feel motivated and energetic,Actively interacts with family,9
3148,I feel tired and hopeless,He avoids family and sleeps a lot,5
3149,I feel tired and hopeless,Behavior appears normal,10
3150,I feel stressed and overwhelmed,She seems withdrawn and quiet,1
3151,I feel motivated and energetic,Mood fluctuates frequently,3
3152,I feel emotionally numb,He avoids family and sleeps a lot,2
3153,I feel tired and hopeless,Actively interacts with family,9
3154,I feel motivated and energetic,She seems withdrawn and quiet,1
3155,I feel worried about everything,Shows signs of irritability,4
3156,I feel emotionally numb,Mood fluctuates frequently,4
3157,I feel calm and normal,He avoids family and sleeps a lot,3
3158,I feel fine and stable,Appears emotionally distant,9
3159,I feel sad without any clear reason,Often prefers to stay alone,9
3160,I feel calm and normal,She seems withdrawn and quiet,8
3161,I feel disconnected from people,He avoids family and sleeps a lot,2
3162,I feel stressed and overwhelmed,Appears emotionally distant,7
3163,I feel anxious most of the day,Shows signs of irritability,8
3164,I feel calm and normal,Seems happy and social,3
3165,I feel sad without any clear reason,Actively interacts with family,5
3166,I feel stressed and overwhelmed,Mood fluctuates frequently,1
3167,I feel sad without any clear reason,Mood fluctuates frequently,4
3168,I feel calm and normal,Actively interacts with family,1
3169,I feel calm and normal,She seems withdrawn and quiet,8
3170,I feel anxious most of the day,No major change noticed,8
3171,I feel fine and stable,Behavior appears normal,10
3172,I feel calm and normal,Mood fluctuates frequently,9
3173,I feel disconnected from people,Shows signs of irritability,3
3174,I feel anxious most of the day,Actively interacts with family,4
3175,I feel fine and stable,Actively interacts with family,10
3176,I feel motivated and energetic,Actively interacts with family,6
3177,I feel motivated and energetic,He avoids family and sleeps a lot,9
3178,I feel worried about everything,He avoids family and sleeps a lot,6
3179,I feel stressed and overwhelmed,Often prefers to stay alone,5
3180,I feel disconnected from people,He avoids family and sleeps a lot,3
3181,I feel stressed and overwhelmed,Seems happy and social,6
3182,I feel disconnected from people,Shows signs of irritability,5
3183,I feel emotionally numb,Appears emotionally distant,7
3184,I feel fine and stable,Shows signs of irritability,6
3185,I feel sad without any clear reason,She seems withdrawn and quiet,8
3186,I feel stressed and overwhelmed,No major change noticed,3
3187,I feel tired and hopeless,She seems withdrawn and quiet,1
3188,I feel stressed and overwhelmed,She seems withdrawn and quiet,1
3189,I feel emotionally numb,Shows signs of irritability,6
3190,I feel tired and hopeless,No major change noticed,1
3191,I feel emotionally numb,He avoids family and sleeps a lot,5
3192,I feel stressed and overwhelmed,Seems happy and social,1
3193,I feel disconnected from people,Mood fluctuates frequently,7
3194,I feel worried about everything,Mood fluctuates frequently,6
3195,I feel tired and hopeless,Appears emotionally distant,4
3196,I feel worried about everything,Appears emotionally distant,4
3197,I feel sad without any clear reason,Shows signs of irritability,5
3198,I feel tired and hopeless,She seems withdrawn and quiet,6
3199,I feel disconnected from people,Actively interacts with family,9
3200,I feel sad without any clear reason,Mood fluctuates frequently,3
3201,I feel calm and normal,Actively interacts with family,10
3202,I feel sad without any clear reason,Actively interacts with family,2
3203,I feel emotionally numb,Appears emotionally distant,4
3204,I feel calm and normal,Appears emotionally distant,4
3205,I feel motivated and energetic,Seems happy and social,9
3206,I feel motivated and energetic,No major change noticed,7
3207,I feel stressed and overwhelmed,Seems happy and social,8
3208,I feel tired and hopeless,Mood fluctuates frequently,10
3209,I feel stressed and overwhelmed,Actively interacts with family,2
3210,I feel disconnected from people,Seems happy and social,1
3211,I feel calm and normal,Seems happy and social,1
3212,I feel stressed and overwhelmed,Mood fluctuates frequently,10
3213,I feel fine and stable,No major change noticed,10
3214,I feel tired and hopeless,No major change noticed,7
3215,I feel emotionally numb,Often prefers to stay alone,1
3216,I feel emotionally numb,She seems withdrawn and quiet,9
3217,I feel motivated and energetic,Behavior appears normal,4
3218,I feel anxious most of the day,Behavior appears normal,9
3219,I feel emotionally numb,She seems withdrawn and quiet,8
3220,I feel fine and stable,Behavior appears normal,2
3221,I feel worried about everything,Shows signs of irritability,3
3222,I feel anxious most of the day,She seems withdrawn and quiet,6
3223,I feel calm and normal,Appears emotionally distant,2
3224,I feel tired and hopeless,Seems happy and social,1
3225,I feel emotionally numb,Shows signs of irritability,5
3226,I feel stressed and overwhelmed,Appears emotionally distant,2
3227,I feel motivated and energetic,Seems happy and social,1
3228,I feel tired and hopeless,Seems happy and social,6
3229,I feel motivated and energetic,Actively interacts with family,8
3230,I feel disconnected from people,No major change noticed,5
3231,I feel disconnected from people,She seems withdrawn and quiet,8
3232,I feel tired and hopeless,No major change noticed,7
3233,I feel emotionally numb,Appears emotionally distant,2
3234,I feel fine and stable,Actively interacts with family,8
3235,I feel fine and stable,Shows signs of irritability,1
3236,I feel worried about everything,No major change noticed,3
3237,I feel worried about everything,He avoids family and sleeps a lot,3
3238,I feel disconnected from people,He avoids family and sleeps a lot,9
3239,I feel worried about everything,Shows signs of irritability,9
3240,I feel emotionally numb,Often prefers to stay alone,2
3241,I feel emotionally numb,No major change noticed,1
3242,I feel emotionally numb,Actively interacts with family,9
3243,I feel sad without any clear reason,She seems withdrawn and quiet,1
3244,I feel anxious most of the day,Shows signs of irritability,4
3245,I feel fine and stable,Appears emotionally distant,8
3246,I feel disconnected from people,No major change noticed,2
3247,I feel tired and hopeless,Often prefers to stay alone,3
3248,I feel anxious most of the day,Appears emotionally distant,3
3249,I feel disconnected from people,Seems happy and social,8
3250,I feel sad without any clear reason,Appears emotionally distant,6
3251,I feel fine and stable,Actively interacts with family,9
3252,I feel calm and normal,Actively interacts with family,8
3253,I feel disconnected from people,Shows signs of irritability,2
3254,I feel tired and hopeless,Often prefers to stay alone,6
3255,I feel disconnected from people,She seems withdrawn and quiet,8
3256,I feel anxious most of the day,She seems withdrawn and quiet,6
3257,I feel worried about everything,No major change noticed,10
3258,I feel tired and hopeless,He avoids family and sleeps a lot,2
3259,I feel calm and normal,Behavior appears normal,6
3260,I feel emotionally numb,He avoids family and sleeps a lot,8
3261,I feel worried about everything,Seems happy and social,7
3262,I feel fine and stable,She seems withdrawn and quiet,1
3263,I feel disconnected from people,Actively interacts with family,3
3264,I feel tired and hopeless,Mood fluctuates frequently,4
3265,I feel sad without any clear reason,Seems happy and social,5
3266,I feel tired and hopeless,Appears emotionally distant,7
3267,I feel anxious most of the day,He avoids family and sleeps a lot,2
3268,I feel emotionally numb,Actively interacts with family,1
3269,I feel emotionally numb,Behavior appears normal,5
3270,I feel worried about everything,He avoids family and sleeps a lot,2
3271,I feel stressed and overwhelmed,She seems withdrawn and quiet,8
3272,I feel calm and normal,Behavior appears normal,8
3273,I feel emotionally numb,Appears emotionally distant,5
3274,I feel anxious most of the day,She seems withdrawn and quiet,3
3275,I feel sad without any clear reason,Mood fluctuates frequently,9
3276,I feel stressed and overwhelmed,No major change noticed,6
3277,I feel emotionally numb,Appears emotionally distant,3
3278,I feel worried about everything,Shows signs of irritability,4
3279,I feel anxious most of the day,Shows signs of irritability,6
3280,I feel sad without any clear reason,Often prefers to stay alone,7
3281,I feel tired and hopeless,Often prefers to stay alone,7
3282,I feel emotionally numb,He avoids family and sleeps a lot,7
3283,I feel worried about everything,Mood fluctuates frequently,10
3284,I feel worried about everything,She seems withdrawn and quiet,5
3285,I feel worried about everything,Actively interacts with family,4
3286,I feel anxious most of the day,Appears emotionally distant,6
3287,I feel sad without any clear reason,Shows signs of irritability,5
3288,I feel fine and stable,Often prefers to stay alone,3
3289,I feel tired and hopeless,Appears emotionally distant,10
3290,I feel motivated and energetic,Actively interacts with family,4
3291,I feel fine and stable,Mood fluctuates frequently,5
3292,I feel emotionally numb,He avoids family and sleeps a lot,7
3293,I feel motivated and energetic,He avoids family and sleeps a lot,8
3294,I feel sad without any clear reason,Often prefers to stay alone,2
3295,I feel worried about everything,Often prefers to stay alone,9
3296,I feel emotionally numb,Actively interacts with family,8
3297,I feel sad without any clear reason,Actively interacts with family,2
3298,I feel worried about everything,Mood fluctuates frequently,5
3299,I feel tired and hopeless,Seems happy and social,7
3300,I feel stressed and overwhelmed,No major change noticed,1
3301,I feel fine and stable,Often prefers to stay alone,1
3302,I feel emotionally numb,He avoids family and sleeps a lot,2
3303,I feel emotionally numb,Seems happy and social,8
3304,I feel tired and hopeless,Often prefers to stay alone,3
3305,I feel tired and hopeless,Often prefers to stay alone,2
3306,I feel stressed and overwhelmed,Appears emotionally distant,4
3307,I feel anxious most of the day,Shows signs of irritability,2
3308,I feel stressed and overwhelmed,Seems happy and social,10
3309,I feel disconnected from people,Appears emotionally distant,9
3310,I feel anxious most of the day,Behavior appears normal,4
3311,I feel fine and stable,Often prefers to stay alone,8
3312,I feel worried about everything,Seems happy and social,10
3313,I feel disconnected from people,Often prefers to stay alone,2
3314,I feel worried about everything,Actively interacts with family,6
3315,I feel fine and stable,Shows signs of irritability,8
3316,I feel disconnected from people,Often prefers to stay alone,1
3317,I feel motivated and energetic,Appears emotionally distant,6
3318,I feel sad without any clear reason,Behavior appears normal,9
3319,I feel fine and stable,He avoids family and sleeps a lot,2
3320,I feel worried about everything,Behavior appears normal,1
3321,I feel sad without any clear reason,No major change noticed,5
3322,I feel calm and normal,Mood fluctuates frequently,1
3323,I feel motivated and energetic,Appears emotionally distant,5
3324,I feel emotionally numb,Often prefers to stay alone,10
3325,I feel disconnected from people,Often prefers to stay alone,1
3326,I feel worried about everything,He avoids family and sleeps a lot,8
3327,I feel worried about everything,Shows signs of irritability,5
3328,I feel calm and normal,Actively interacts with family,1
3329,I feel worried about everything,Actively interacts with family,6
3330,I feel calm and normal,Actively interacts with family,3
3331,I feel sad without any clear reason,Behavior appears normal,4
3332,I feel tired and hopeless,Shows signs of irritability,4
3333,I feel stressed and overwhelmed,Seems happy and social,10
3334,I feel motivated and energetic,Actively interacts with family,7
3335,I feel disconnected from people,Often prefers to stay alone,9
3336,I feel disconnected from people,He avoids family and sleeps a lot,6
3337,I feel worried about everything,Actively interacts with family,8
3338,I feel calm and normal,Shows signs of irritability,10
3339,I feel fine and stable,She seems withdrawn and quiet,3
3340,I feel worried about everything,Actively interacts with family,10
3341,I feel disconnected from people,Behavior appears normal,6
3342,I feel disconnected from people,She seems withdrawn and quiet,3
3343,I feel anxious most of the day,He avoids family and sleeps a lot,9
3344,I feel disconnected from people,She seems withdrawn and quiet,4
3345,I feel motivated and energetic,Mood fluctuates frequently,4
3346,I feel stressed and overwhelmed,Often prefers to stay alone,8
3347,I feel calm and normal,Seems happy and social,5
3348,I feel fine and stable,Shows signs of irritability,1
3349,I feel anxious most of the day,No major change noticed,4
3350,I feel fine and stable,No major change noticed,2
3351,I feel tired and hopeless,No major change noticed,8
3352,I feel anxious most of the day,Shows signs of irritability,4
3353,I feel fine and stable,She seems withdrawn and quiet,3
3354,I feel motivated and energetic,Behavior appears normal,1
3355,I feel tired and hopeless,No major change noticed,9
3356,I feel disconnected from people,Often prefers to stay alone,10
3357,I feel sad without any clear reason,No major change noticed,6
3358,I feel fine and stable,She seems withdrawn and quiet,5
3359,I feel sad without any clear reason,Actively interacts with family,3
3360,I feel sad without any clear reason,No major change noticed,4
3361,I feel sad without any clear reason,Often prefers to stay alone,8
3362,I feel fine and stable,Actively interacts with family,9
3363,I feel motivated and energetic,Seems happy and social,4
3364,I feel emotionally numb,Often prefers to stay alone,7
3365,I feel motivated and energetic,He avoids family and sleeps a lot,8
3366,I feel worried about everything,She seems withdrawn and quiet,4
3367,I feel emotionally numb,He avoids family and sleeps a lot,10
3368,I feel fine and stable,He avoids family and sleeps a lot,3
3369,I feel sad without any clear reason,Appears emotionally distant,5
3370,I feel tired and hopeless,Behavior appears normal,3
3371,I feel worried about everything,Behavior appears normal,10
3372,I feel worried about everything,He avoids family and sleeps a lot,8
3373,I feel sad without any clear reason,Shows signs of irritability,7
3374,I feel disconnected from people,No major change noticed,8
3375,I feel anxious most of the day,Often prefers to stay alone,4
3376,I feel disconnected from people,Often prefers to stay alone,7
3377,I feel anxious most of the day,No major change noticed,10
3378,I feel sad without any clear reason,Appears emotionally distant,2
3379,I feel fine and stable,No major change noticed,1
3380,I feel worried about everything,She seems withdrawn and quiet,8
3381,I feel emotionally numb,Appears emotionally distant,4
3382,I feel calm and normal,Actively interacts with family,8
3383,I feel disconnected from people,She seems withdrawn and quiet,8
3384,I feel stressed and overwhelmed,Appears emotionally distant,3
3385,I feel stressed and overwhelmed,He avoids family and sleeps a lot,3
3386,I feel stressed and overwhelmed,Appears emotionally distant,9
3387,I feel anxious most of the day,Behavior appears normal,6
3388,I feel emotionally numb,Seems happy and social,6
3389,I feel emotionally numb,Appears emotionally distant,1
3390,I feel sad without any clear reason,She seems withdrawn and quiet,10
3391,I feel disconnected from people,Shows signs of irritability,1
3392,I feel anxious most of the day,Shows signs of irritability,8
3393,I feel disconnected from people,Mood fluctuates frequently,4
3394,I feel calm and normal,Shows signs of irritability,10
3395,I feel emotionally numb,No major change noticed,5
3396,I feel emotionally numb,Mood fluctuates frequently,5
3397,I feel anxious most of the day,Often prefers to stay alone,8
3398,I feel calm and normal,Shows signs of irritability,2
3399,I feel disconnected from people,Appears emotionally distant,2
3400,I feel calm and normal,Mood fluctuates frequently,4
3401,I feel tired and hopeless,Actively interacts with family,5
3402,I feel motivated and energetic,Mood fluctuates frequently,8
3403,I feel anxious most of the day,He avoids family and sleeps a lot,1
3404,I feel emotionally numb,Seems happy and social,6
3405,I feel calm and normal,Mood fluctuates frequently,10
3406,I feel emotionally numb,Seems happy and social,3
3407,I feel tired and hopeless,Behavior appears normal,4
3408,I feel anxious most of the day,Shows signs of irritability,3
3409,I feel worried about everything,Appears emotionally distant,9
3410,I feel sad without any clear reason,She seems withdrawn and quiet,9
3411,I feel sad without any clear reason,She seems withdrawn and quiet,8
3412,I feel anxious most of the day,Shows signs of irritability,10
3413,I feel calm and normal,Seems happy and social,10
3414,I feel anxious most of the day,Behavior appears normal,8
3415,I feel fine and stable,Appears emotionally distant,10
3416,I feel stressed and overwhelmed,He avoids family and sleeps a lot,6
3417,I feel worried about everything,She seems withdrawn and quiet,4
3418,I feel stressed and overwhelmed,Seems happy and social,3
3419,I feel fine and stable,Often prefers to stay alone,4
3420,I feel anxious most of the day,Mood fluctuates frequently,4
3421,I feel calm and normal,Actively interacts with family,3
3422,I feel anxious most of the day,Often prefers to stay alone,1
3423,I feel emotionally numb,She seems withdrawn and quiet,8
3424,I feel anxious most of the day,Often prefers to stay alone,6
3425,I feel stressed and overwhelmed,Often prefers to stay alone,9
3426,I feel fine and stable,She seems withdrawn and quiet,2
3427,I feel anxious most of the day,No major change noticed,5
3428,I feel fine and stable,Appears emotionally distant,7
3429,I feel emotionally numb,Appears emotionally distant,5
3430,I feel tired and hopeless,No major change noticed,8
3431,I feel calm and normal,Shows signs of irritability,8
3432,I feel anxious most of the day,Often prefers to stay alone,4
3433,I feel tired and hopeless,Shows signs of irritability,6
3434,I feel stressed and overwhelmed,Appears emotionally distant,2
3435,I feel worried about everything,Seems happy and social,4
3436,I feel sad without any clear reason,She seems withdrawn and quiet,4
3437,I feel emotionally numb,She seems withdrawn and quiet,4
3438,I feel stressed and overwhelmed,Often prefers to stay alone,4
3439,I feel disconnected from people,He avoids family and sleeps a lot,2
3440,I feel motivated and energetic,Appears emotionally distant,1
3441,I feel emotionally numb,Actively interacts with family,9
3442,I feel tired and hopeless,No major change noticed,5
3443,I feel stressed and overwhelmed,Behavior appears normal,7
3444,I feel motivated and energetic,Often prefers to stay alone,10
3445,I feel tired and hopeless,Mood fluctuates frequently,7
3446,I feel sad without any clear reason,She seems withdrawn and quiet,4
3447,I feel sad without any clear reason,He avoids family and sleeps a lot,5
3448,I feel emotionally numb,Mood fluctuates frequently,10
3449,I feel calm and normal,Behavior appears normal,6
3450,I feel tired and hopeless,Behavior appears normal,4
3451,I feel calm and normal,Behavior appears normal,8
3452,I feel fine and stable,Often prefers to stay alone,7
3453,I feel fine and stable,She seems withdrawn and quiet,5
3454,I feel motivated and energetic,Mood fluctuates frequently,6
3455,I feel emotionally numb,Seems happy and social,6
3456,I feel calm and normal,Appears emotionally distant,7
3457,I feel stressed and overwhelmed,Actively interacts with family,7
3458,I feel stressed and overwhelmed,Actively interacts with family,8
3459,I feel anxious most of the day,No major change noticed,4
3460,I feel disconnected from people,She seems withdrawn and quiet,8
3461,I feel disconnected from people,Often prefers to stay alone,10
3462,I feel stressed and overwhelmed,Behavior appears normal,5
3463,I feel stressed and overwhelmed,Behavior appears normal,5
3464,I feel calm and normal,Appears emotionally distant,10
3465,I feel emotionally numb,She seems withdrawn and quiet,8
3466,I feel emotionally numb,No major change noticed,4
3467,I feel emotionally numb,Shows signs of irritability,1
3468,I feel disconnected from people,Often prefers to stay alone,3
3469,I feel emotionally numb,Mood fluctuates frequently,3
3470,I feel sad without any clear reason,Mood fluctuates frequently,6
3471,I feel fine and stable,Actively interacts with family,4
3472,I feel anxious most of the day,No major change noticed,3
3473,I feel disconnected from people,Appears emotionally distant,2
3474,I feel calm and normal,Mood fluctuates frequently,1
3475,I feel motivated and energetic,Seems happy and social,10
3476,I feel worried about everything,No major change noticed,5
3477,I feel calm and normal,She seems withdrawn and quiet,6
3478,I feel stressed and overwhelmed,Appears emotionally distant,7
3479,I feel disconnected from people,Behavior appears normal,10
3480,I feel tired and hopeless,Often prefers to stay alone,10
3481,I feel sad without any clear reason,Appears emotionally distant,10
3482,I feel fine and stable,Shows signs of irritability,1
3483,I feel fine and stable,Behavior appears normal,3
3484,I feel emotionally numb,Shows signs of irritability,1
3485,I feel stressed and overwhelmed,Appears emotionally distant,9
3486,I feel motivated and energetic,Shows signs of irritability,3
3487,I feel fine and stable,Actively interacts with family,7
3488,I feel motivated and energetic,Actively interacts with family,1
3489,I feel motivated and energetic,Behavior appears normal,1
3490,I feel motivated and energetic,Actively interacts with family,2
3491,I feel disconnected from people,He avoids family and sleeps a lot,8
3492,I feel fine and stable,Mood fluctuates frequently,3
3493,I feel tired and hopeless,Actively interacts with family,9
3494,I feel fine and stable,Appears emotionally distant,4
3495,I feel disconnected from people,Actively interacts with family,2
3496,I feel anxious most of the day,Mood fluctuates frequently,3
3497,I feel anxious most of the day,He avoids family and sleeps a lot,5
3498,I feel fine and stable,Behavior appears normal,7
3499,I feel anxious most of the day,Shows signs of irritability,3
3500,I feel fine and stable,She seems withdrawn and quiet,9
3501,I feel stressed and overwhelmed,Seems happy and social,2
3502,I feel motivated and energetic,Mood fluctuates frequently,7
3503,I feel calm and normal,Appears emotionally distant,3
3504,I feel tired and hopeless,Appears emotionally distant,10
3505,I feel anxious most of the day,Shows signs of irritability,1
3506,I feel anxious most of the day,She seems withdrawn and quiet,10
3507,I feel fine and stable,Seems happy and social,2
3508,I feel disconnected from people,Actively interacts with family,7
3509,I feel fine and stable,Mood fluctuates frequently,5
3510,I feel disconnected from people,Actively interacts with family,6
3511,I feel motivated and energetic,Behavior appears normal,4
3512,I feel fine and stable,He avoids family and sleeps a lot,5
3513,I feel emotionally numb,Behavior appears normal,10
3514,I feel tired and hopeless,No major change noticed,1
3515,I feel disconnected from people,She seems withdrawn and quiet,7
3516,I feel motivated and energetic,No major change noticed,4
3517,I feel tired and hopeless,Often prefers to stay alone,8
3518,I feel sad without any clear reason,Seems happy and social,2
3519,I feel worried about everything,Mood fluctuates frequently,9
3520,I feel disconnected from people,Often prefers to stay alone,3
3521,I feel emotionally numb,Actively interacts with family,4
3522,I feel fine and stable,Actively interacts with family,4
3523,I feel anxious most of the day,Seems happy and social,5
3524,I feel sad without any clear reason,He avoids family and sleeps a lot,8
3525,I feel stressed and overwhelmed,Shows signs of irritability,6
3526,I feel worried about everything,Appears emotionally distant,6
3527,I feel sad without any clear reason,Mood fluctuates frequently,7
3528,I feel motivated and energetic,Behavior appears normal,10
3529,I feel disconnected from people,Often prefers to stay alone,2
3530,I feel sad without any clear reason,She seems withdrawn and quiet,7
3531,I feel stressed and overwhelmed,Behavior appears normal,5
3532,I feel anxious most of the day,Actively interacts with family,8
3533,I feel anxious most of the day,Behavior appears normal,6
3534,I feel worried about everything,Mood fluctuates frequently,5
3535,I feel calm and normal,Seems happy and social,5
3536,I feel fine and stable,She seems withdrawn and quiet,1
3537,I feel sad without any clear reason,Seems happy and social,4
3538,I feel stressed and overwhelmed,Behavior appears normal,2
3539,I feel disconnected from people,Often prefers to stay alone,3
3540,I feel worried about everything,Often prefers to stay alone,6
3541,I feel tired and hopeless,He avoids family and sleeps a lot,5
3542,I feel sad without any clear reason,He avoids family and sleeps a lot,10
3543,I feel calm and normal,Often prefers to stay alone,2
3544,I feel worried about everything,Mood fluctuates frequently,7
3545,I feel calm and normal,She seems withdrawn and quiet,10
3546,I feel motivated and energetic,Actively interacts with family,5
3547,I feel anxious most of the day,Behavior appears normal,9
3548,I feel emotionally numb,She seems withdrawn and quiet,6
3549,I feel calm and normal,Often prefers to stay alone,5
3550,I feel emotionally numb,She seems withdrawn and quiet,1
3551,I feel motivated and energetic,Actively interacts with family,6
3552,I feel fine and stable,No major change noticed,9
3553,I feel sad without any clear reason,No major change noticed,3
3554,I feel calm and normal,Mood fluctuates frequently,10
3555,I feel stressed and overwhelmed,Shows signs of irritability,5
3556,I feel anxious most of the day,He avoids family and sleeps a lot,5
3557,I feel anxious most of the day,Shows signs of irritability,1
3558,I feel sad without any clear reason,Seems happy and social,10
3559,I feel calm and normal,Often prefers to stay alone,2
3560,I feel tired and hopeless,She seems withdrawn and quiet,5
3561,I feel tired and hopeless,Often prefers to stay alone,7
3562,I feel anxious most of the day,Appears emotionally distant,8
3563,I feel sad without any clear reason,He avoids family and sleeps a lot,5
3564,I feel emotionally numb,He avoids family and sleeps a lot,4
3565,I feel fine and stable,Actively interacts with family,2
3566,I feel emotionally numb,Seems happy and social,2
3567,I feel fine and stable,Often prefers to stay alone,4
3568,I feel fine and stable,Often prefers to stay alone,6
3569,I feel stressed and overwhelmed,Mood fluctuates frequently,10
3570,I feel anxious most of the day,Appears emotionally distant,1
3571,I feel stressed and overwhelmed,Mood fluctuates frequently,5
3572,I feel stressed and overwhelmed,She seems withdrawn and quiet,5
3573,I feel worried about everything,Appears emotionally distant,1
3574,I feel anxious most of the day,Actively interacts with family,5
3575,I feel disconnected from people,Appears emotionally distant,1
3576,I feel motivated and energetic,Appears emotionally distant,6
3577,I feel stressed and overwhelmed,Appears emotionally distant,5
3578,I feel emotionally numb,Shows signs of irritability,3
3579,I feel motivated and energetic,Often prefers to stay alone,8
3580,I feel tired and hopeless,He avoids family and sleeps a lot,1
3581,I feel stressed and overwhelmed,Often prefers to stay alone,6
3582,I feel stressed and overwhelmed,No major change noticed,4
3583,I feel stressed and overwhelmed,No major change noticed,9
3584,I feel anxious most of the day,Behavior appears normal,2
3585,I feel sad without any clear reason,No major change noticed,6
3586,I feel anxious most of the day,Mood fluctuates frequently,9
3587,I feel disconnected from people,Often prefers to stay alone,7
3588,I feel emotionally numb,She seems withdrawn and quiet,2
3589,I feel motivated and energetic,Actively interacts with family,2
3590,I feel disconnected from people,Mood fluctuates frequently,8
3591,I feel emotionally numb,Appears emotionally distant,8
3592,I feel worried about everything,Shows signs of irritability,2
3593,I feel calm and normal,Often prefers to stay alone,7
3594,I feel calm and normal,Shows signs of irritability,10
3595,I feel motivated and energetic,Seems happy and social,7
3596,I feel stressed and overwhelmed,Often prefers to stay alone,2
3597,I feel fine and stable,Actively interacts with family,7
3598,I feel worried about everything,Appears emotionally distant,3
3599,I feel tired and hopeless,Actively interacts with family,7
3600,I feel emotionally numb,Mood fluctuates frequently,1
3601,I feel worried about everything,He avoids family and sleeps a lot,7
3602,I feel worried about everything,Actively interacts with family,5
3603,I feel disconnected from people,He avoids family and sleeps a lot,4
3604,I feel sad without any clear reason,She seems withdrawn and quiet,4
3605,I feel anxious most of the day,She seems withdrawn and quiet,5
3606,I feel fine and stable,She seems withdrawn and quiet,1
3607,I feel fine and stable,Shows signs of irritability,2
3608,I feel calm and normal,She seems withdrawn and quiet,2
3609,I feel disconnected from people,He avoids family and sleeps a lot,3
3610,I feel calm and normal,She seems withdrawn and quiet,10
3611,I feel motivated and energetic,Mood fluctuates frequently,3
3612,I feel sad without any clear reason,He avoids family and sleeps a lot,4
3613,I feel sad without any clear reason,Behavior appears normal,4
3614,I feel worried about everything,Seems happy and social,3
3615,I feel worried about everything,He avoids family and sleeps a lot,5
3616,I feel disconnected from people,Shows signs of irritability,2
3617,I feel worried about everything,Actively interacts with family,7
3618,I feel anxious most of the day,Shows signs of irritability,2
3619,I feel tired and hopeless,No major change noticed,10
3620,I feel stressed and overwhelmed,Seems happy and social,5
3621,I feel anxious most of the day,He avoids family and sleeps a lot,1
3622,I feel anxious most of the day,Actively interacts with family,6
3623,I feel anxious most of the day,Mood fluctuates frequently,4
3624,I feel motivated and energetic,She seems withdrawn and quiet,9
3625,I feel calm and normal,No major change noticed,2
3626,I feel stressed and overwhelmed,Shows signs of irritability,6
3627,I feel motivated and energetic,He avoids family and sleeps a lot,10
3628,I feel disconnected from people,Seems happy and social,6
3629,I feel sad without any clear reason,No major change noticed,3
3630,I feel worried about everything,Appears emotionally distant,3
3631,I feel tired and hopeless,Often prefers to stay alone,9
3632,I feel disconnected from people,Shows signs of irritability,4
3633,I feel motivated and energetic,Seems happy and social,7
3634,I feel calm and normal,Actively interacts with family,6
3635,I feel sad without any clear reason,Appears emotionally distant,10
3636,I feel anxious most of the day,Appears emotionally distant,3
3637,I feel calm and normal,She seems withdrawn and quiet,8
3638,I feel stressed and overwhelmed,Mood fluctuates frequently,5
3639,I feel emotionally numb,Mood fluctuates frequently,7
3640,I feel motivated and energetic,Often prefers to stay alone,1
3641,I feel disconnected from people,Appears emotionally distant,9
3642,I feel sad without any clear reason,Appears emotionally distant,5
3643,I feel sad without any clear reason,Mood fluctuates frequently,3
3644,I feel sad without any clear reason,Often prefers to stay alone,4
3645,I feel motivated and energetic,No major change noticed,2
3646,I feel stressed and overwhelmed,Shows signs of irritability,5
3647,I feel tired and hopeless,Shows signs of irritability,5
3648,I feel anxious most of the day,Mood fluctuates frequently,3
3649,I feel motivated and energetic,Appears emotionally distant,3
3650,I feel stressed and overwhelmed,Actively interacts with family,4
3651,I feel stressed and overwhelmed,Often prefers to stay alone,4
3652,I feel calm and normal,Actively interacts with family,8
3653,I feel calm and normal,Often prefers to stay alone,4
3654,I feel emotionally numb,Actively interacts with family,1
3655,I feel worried about everything,She seems withdrawn and quiet,1
3656,I feel disconnected from people,Actively interacts with family,7
3657,I feel stressed and overwhelmed,Seems happy and social,9
3658,I feel disconnected from people,She seems withdrawn and quiet,2
3659,I feel tired and hopeless,Mood fluctuates frequently,8
3660,I feel motivated and energetic,Shows signs of irritability,10
3661,I feel emotionally numb,He avoids family and sleeps a lot,1
3662,I feel worried about everything,She seems withdrawn and quiet,3
3663,I feel disconnected from people,Actively interacts with family,3
3664,I feel motivated and energetic,Seems happy and social,4
3665,I feel emotionally numb,Seems happy and social,2
3666,I feel worried about everything,Often prefers to stay alone,10
3667,I feel sad without any clear reason,She seems withdrawn and quiet,4
3668,I feel tired and hopeless,Shows signs of irritability,8
3669,I feel emotionally numb,Appears emotionally distant,4
3670,I feel calm and normal,No major change noticed,4
3671,I feel fine and stable,Behavior appears normal,2
3672,I feel tired and hopeless,She seems withdrawn and quiet,7
3673,I feel worried about everything,Often prefers to stay alone,5
3674,I feel motivated and energetic,Often prefers to stay alone,1
3675,I feel disconnected from people,Appears emotionally distant,8
3676,I feel stressed and overwhelmed,She seems withdrawn and quiet,6
3677,I feel fine and stable,Shows signs of irritability,10
3678,I feel calm and normal,Seems happy and social,10
3679,I feel anxious most of the day,Mood fluctuates frequently,1
3680,I feel calm and normal,He avoids family and sleeps a lot,8
3681,I feel disconnected from people,Often prefers to stay alone,3
3682,I feel emotionally numb,Often prefers to stay alone,2
3683,I feel disconnected from people,She seems withdrawn and quiet,9
3684,I feel anxious most of the day,He avoids family and sleeps a lot,9
3685,I feel worried about everything,She seems withdrawn and quiet,10
3686,I feel fine and stable,Mood fluctuates frequently,5
3687,I feel disconnected from people,Behavior appears normal,3
3688,I feel stressed and overwhelmed,Mood fluctuates frequently,9
3689,I feel tired and hopeless,Shows signs of irritability,5
3690,I feel tired and hopeless,Seems happy and social,8
3691,I feel fine and stable,He avoids family and sleeps a lot,9
3692,I feel tired and hopeless,Behavior appears normal,3
3693,I feel calm and normal,Appears emotionally distant,8
3694,I feel calm and normal,Mood fluctuates frequently,5
3695,I feel fine and stable,Shows signs of irritability,3
3696,I feel emotionally numb,Seems happy and social,7
3697,I feel worried about everything,Behavior appears normal,6
3698,I feel motivated and energetic,Seems happy and social,8
3699,I feel tired and hopeless,She seems withdrawn and quiet,1
3700,I feel emotionally numb,No major change noticed,3
3701,I feel motivated and energetic,No major change noticed,1
3702,I feel motivated and energetic,No major change noticed,9
3703,I feel calm and normal,Shows signs of irritability,7
3704,I feel sad without any clear reason,She seems withdrawn and quiet,6
3705,I feel disconnected from people,She seems withdrawn and quiet,1
3706,I feel anxious most of the day,Shows signs of irritability,10
3707,I feel disconnected from people,Behavior appears normal,9
3708,I feel tired and hopeless,Mood fluctuates frequently,5
3709,I feel anxious most of the day,Appears emotionally distant,8
3710,I feel worried about everything,Shows signs of irritability,8
3711,I feel stressed and overwhelmed,Mood fluctuates frequently,2
3712,I feel emotionally numb,No major change noticed,6
3713,I feel sad without any clear reason,He avoids family and sleeps a lot,5
3714,I feel disconnected from people,He avoids family and sleeps a lot,6
3715,I feel calm and normal,Behavior appears normal,5
3716,I feel disconnected from people,Seems happy and social,9
3717,I feel motivated and energetic,No major change noticed,10
3718,I feel calm and normal,Shows signs of irritability,9
3719,I feel disconnected from people,Seems happy and social,7
3720,I feel motivated and energetic,No major change noticed,9
3721,I feel calm and normal,Appears emotionally distant,8
3722,I feel sad without any clear reason,Appears emotionally distant,1
3723,I feel anxious most of the day,Often prefers to stay alone,6
3724,I feel disconnected from people,Appears emotionally distant,7
3725,I feel tired and hopeless,Mood fluctuates frequently,5
3726,I feel fine and stable,He avoids family and sleeps a lot,9
3727,I feel worried about everything,Appears emotionally distant,9
3728,I feel tired and hopeless,No major change noticed,1
3729,I feel disconnected from people,Seems happy and social,1
3730,I feel motivated and energetic,No major change noticed,7
3731,I feel disconnected from people,Mood fluctuates frequently,8
3732,I feel stressed and overwhelmed,He avoids family and sleeps a lot,2
3733,I feel disconnected from people,He avoids family and sleeps a lot,5
3734,I feel emotionally numb,Appears emotionally distant,9
3735,I feel disconnected from people,Seems happy and social,8
3736,I feel calm and normal,Appears emotionally distant,4
3737,I feel anxious most of the day,Seems happy and social,2
3738,I feel motivated and energetic,Mood fluctuates frequently,2
3739,I feel sad without any clear reason,Seems happy and social,9
3740,I feel calm and normal,He avoids family and sleeps a lot,8
3741,I feel anxious most of the day,She seems withdrawn and quiet,2
3742,I feel stressed and overwhelmed,She seems withdrawn and quiet,5
3743,I feel fine and stable,Appears emotionally distant,6
3744,I feel anxious most of the day,He avoids family and sleeps a lot,3
3745,I feel fine and stable,He avoids family and sleeps a lot,2
3746,I feel fine and stable,Behavior appears normal,1
3747,I feel worried about everything,Appears emotionally distant,8
3748,I feel disconnected from people,He avoids family and sleeps a lot,6
3749,I feel stressed and overwhelmed,Often prefers to stay alone,2
3750,I feel stressed and overwhelmed,No major change noticed,7
3751,I feel motivated and energetic,Behavior appears normal,3
3752,I feel emotionally numb,Actively interacts with family,9
3753,I feel tired and hopeless,Often prefers to stay alone,5
3754,I feel fine and stable,No major change noticed,2
3755,I feel motivated and energetic,Often prefers to stay alone,7
3756,I feel emotionally numb,No major change noticed,2
3757,I feel tired and hopeless,Behavior appears normal,7
3758,I feel anxious most of the day,No major change noticed,3
3759,I feel calm and normal,Seems happy and social,1
3760,I feel disconnected from people,Seems happy and social,5
3761,I feel emotionally numb,Often prefers to stay alone,9
3762,I feel motivated and energetic,He avoids family and sleeps a lot,2
3763,I feel worried about everything,Appears emotionally distant,6
3764,I feel anxious most of the day,Seems happy and social,3
3765,I feel emotionally numb,Appears emotionally distant,8
3766,I feel tired and hopeless,Seems happy and social,7
3767,I feel stressed and overwhelmed,Seems happy and social,10
3768,I feel emotionally numb,Actively interacts with family,2
3769,I feel sad without any clear reason,Mood fluctuates frequently,1
3770,I feel fine and stable,Actively interacts with family,4
3771,I feel fine and stable,Behavior appears normal,8
3772,I feel emotionally numb,He avoids family and sleeps a lot,5
3773,I feel sad without any clear reason,Actively interacts with family,6
3774,I feel motivated and energetic,She seems withdrawn and quiet,1
3775,I feel worried about everything,No major change noticed,7
3776,I feel emotionally numb,Seems happy and social,6
3777,I feel disconnected from people,Behavior appears normal,6
3778,I feel disconnected from people,He avoids family and sleeps a lot,4
3779,I feel disconnected from people,No major change noticed,9
3780,I feel worried about everything,No major change noticed,9
3781,I feel sad without any clear reason,Behavior appears normal,8
3782,I feel worried about everything,Often prefers to stay alone,8
3783,I feel emotionally numb,Shows signs of irritability,4
3784,I feel disconnected from people,Actively interacts with family,8
3785,I feel disconnected from people,He avoids family and sleeps a lot,6
3786,I feel stressed and overwhelmed,Appears emotionally distant,4
3787,I feel motivated and energetic,Seems happy and social,8
3788,I feel worried about everything,Shows signs of irritability,10
3789,I feel stressed and overwhelmed,Appears emotionally distant,1
3790,I feel tired and hopeless,He avoids family and sleeps a lot,2
3791,I feel emotionally numb,He avoids family and sleeps a lot,7
3792,I feel stressed and overwhelmed,No major change noticed,8
3793,I feel disconnected from people,Behavior appears normal,5
3794,I feel tired and hopeless,He avoids family and sleeps a lot,3
3795,I feel stressed and overwhelmed,Appears emotionally distant,10
3796,I feel fine and stable,Seems happy and social,1
3797,I feel disconnected from people,Appears emotionally distant,7
3798,I feel fine and stable,He avoids family and sleeps a lot,7
3799,I feel tired and hopeless,Behavior appears normal,4
3800,I feel sad without any clear reason,Mood fluctuates frequently,6
3801,I feel fine and stable,Appears emotionally distant,1
3802,I feel motivated and energetic,Often prefers to stay alone,5
3803,I feel sad without any clear reason,Seems happy and social,1
3804,I feel anxious most of the day,Shows signs of irritability,1
3805,I feel stressed and overwhelmed,Seems happy and social,9
3806,I feel emotionally numb,Often prefers to stay alone,4
3807,I feel sad without any clear reason,She seems withdrawn and quiet,10
3808,I feel stressed and overwhelmed,He avoids family and sleeps a lot,6
3809,I feel anxious most of the day,Shows signs of irritability,3
3810,I feel sad without any clear reason,Behavior appears normal,7
3811,I feel stressed and overwhelmed,Mood fluctuates frequently,7
3812,I feel disconnected from people,He avoids family and sleeps a lot,4
3813,I feel fine and stable,Seems happy and social,6
3814,I feel calm and normal,No major change noticed,4
3815,I feel stressed and overwhelmed,Shows signs of irritability,1
3816,I feel anxious most of the day,Shows signs of irritability,5
3817,I feel emotionally numb,Appears emotionally distant,7
3818,I feel emotionally numb,Often prefers to stay alone,4
3819,I feel tired and hopeless,Shows signs of irritability,3
3820,I feel sad without any clear reason,Seems happy and social,1
3821,I feel fine and stable,Actively interacts with family,5
3822,I feel anxious most of the day,Behavior appears normal,4
3823,I feel sad without any clear reason,Actively interacts with family,6
3824,I feel motivated and energetic,Shows signs of irritability,8
3825,I feel stressed and overwhelmed,Often prefers to stay alone,3
3826,I feel disconnected from people,Actively interacts with family,2
3827,I feel motivated and energetic,Mood fluctuates frequently,7
3828,I feel fine and stable,He avoids family and sleeps a lot,9
3829,I feel disconnected from people,She seems withdrawn and quiet,2
3830,I feel sad without any clear reason,Seems happy and social,3
3831,I feel motivated and energetic,He avoids family and sleeps a lot,7
3832,I feel sad without any clear reason,Often prefers to stay alone,7
3833,I feel disconnected from people,Behavior appears normal,4
3834,I feel anxious most of the day,He avoids family and sleeps a lot,2
3835,I feel disconnected from people,Behavior appears normal,9
3836,I feel anxious most of the day,Behavior appears normal,4
3837,I feel disconnected from people,No major change noticed,10
3838,I feel calm and normal,Often prefers to stay alone,5
3839,I feel fine and stable,Often prefers to stay alone,8
3840,I feel stressed and overwhelmed,Behavior appears normal,10
3841,I feel anxious most of the day,Actively interacts with family,3
3842,I feel calm and normal,Often prefers to stay alone,6
3843,I feel fine and stable,He avoids family and sleeps a lot,8
3844,I feel stressed and overwhelmed,He avoids family and sleeps a lot,3
3845,I feel sad without any clear reason,No major change noticed,4
3846,I feel tired and hopeless,No major change noticed,7
3847,I feel disconnected from people,Behavior appears normal,5
3848,I feel disconnected from people,He avoids family and sleeps a lot,1
3849,I feel emotionally numb,Actively interacts with family,4
3850,I feel fine and stable,No major change noticed,7
3851,I feel tired and hopeless,Appears emotionally distant,8
3852,I feel anxious most of the day,He avoids family and sleeps a lot,3
3853,I feel motivated and energetic,Often prefers to stay alone,1
3854,I feel motivated and energetic,Actively interacts with family,1
3855,I feel stressed and overwhelmed,No major change noticed,3
3856,I feel sad without any clear reason,Behavior appears normal,4
3857,I feel stressed and overwhelmed,No major change noticed,10
3858,I feel anxious most of the day,Shows signs of irritability,2
3859,I feel calm and normal,Often prefers to stay alone,1
3860,I feel calm and normal,He avoids family and sleeps a lot,2
3861,I feel calm and normal,Shows signs of irritability,7
3862,I feel stressed and overwhelmed,No major change noticed,3
3863,I feel tired and hopeless,She seems withdrawn and quiet,2
3864,I feel stressed and overwhelmed,Seems happy and social,2
3865,I feel motivated and energetic,No major change noticed,9
3866,I feel stressed and overwhelmed,He avoids family and sleeps a lot,8
3867,I feel tired and hopeless,Actively interacts with family,7
3868,I feel anxious most of the day,Often prefers to stay alone,4
3869,I feel motivated and energetic,Mood fluctuates frequently,5
3870,I feel disconnected from people,Shows signs of irritability,8
3871,I feel tired and hopeless,He avoids family and sleeps a lot,2
3872,I feel motivated and energetic,She seems withdrawn and quiet,10
3873,I feel emotionally numb,He avoids family and sleeps a lot,3
3874,I feel stressed and overwhelmed,Seems happy and social,7
3875,I feel emotionally numb,Seems happy and social,4
3876,I feel stressed and overwhelmed,He avoids family and sleeps a lot,2
3877,I feel fine and stable,He avoids family and sleeps a lot,2
3878,I feel emotionally numb,Actively interacts with family,9
3879,I feel disconnected from people,Often prefers to stay alone,6
3880,I feel stressed and overwhelmed,Shows signs of irritability,8
3881,I feel worried about everything,Shows signs of irritability,2
3882,I feel worried about everything,Often prefers to stay alone,10
3883,I feel stressed and overwhelmed,Appears emotionally distant,4
3884,I feel tired and hopeless,Behavior appears normal,2
3885,I feel emotionally numb,Mood fluctuates frequently,1
3886,I feel calm and normal,She seems withdrawn and quiet,8
3887,I feel tired and hopeless,She seems withdrawn and quiet,5
3888,I feel motivated and energetic,Appears emotionally distant,10
3889,I feel stressed and overwhelmed,Actively interacts with family,1
3890,I feel disconnected from people,Actively interacts with family,10
3891,I feel motivated and energetic,Mood fluctuates frequently,3
3892,I feel anxious most of the day,Often prefers to stay alone,10
3893,I feel calm and normal,Seems happy and social,4
3894,I feel sad without any clear reason,She seems withdrawn and quiet,4
3895,I feel worried about everything,Seems happy and social,1
3896,I feel tired and hopeless,Appears emotionally distant,2
3897,I feel anxious most of the day,Shows signs of irritability,3
3898,I feel motivated and energetic,Often prefers to stay alone,6
3899,I feel stressed and overwhelmed,He avoids family and sleeps a lot,8
3900,I feel calm and normal,Often prefers to stay alone,7
3901,I feel sad without any clear reason,She seems withdrawn and quiet,9
3902,I feel tired and hopeless,Shows signs of irritability,8
3903,I feel tired and hopeless,Mood fluctuates frequently,4
3904,I feel sad without any clear reason,No major change noticed,1
3905,I feel disconnected from people,She seems withdrawn and quiet,6
3906,I feel sad without any clear reason,Mood fluctuates frequently,2
3907,I feel disconnected from people,Appears emotionally distant,10
3908,I feel emotionally numb,Appears emotionally distant,9
3909,I feel disconnected from people,Mood fluctuates frequently,1
3910,I feel fine and stable,Mood fluctuates frequently,2
3911,I feel stressed and overwhelmed,Mood fluctuates frequently,2
3912,I feel stressed and overwhelmed,No major change noticed,3
3913,I feel fine and stable,She seems withdrawn and quiet,10
3914,I feel sad without any clear reason,She seems withdrawn and quiet,10
3915,I feel calm and normal,Actively interacts with family,2
3916,I feel fine and stable,She seems withdrawn and quiet,6
3917,I feel disconnected from people,She seems withdrawn and quiet,4
3918,I feel calm and normal,No major change noticed,7
3919,I feel anxious most of the day,He avoids family and sleeps a lot,8
3920,I feel disconnected from people,She seems withdrawn and quiet,1
3921,I feel fine and stable,No major change noticed,10
3922,I feel anxious most of the day,Behavior appears normal,8
3923,I feel emotionally numb,She seems withdrawn and quiet,7
3924,I feel anxious most of the day,Often prefers to stay alone,7
3925,I feel disconnected from people,Behavior appears normal,4
3926,I feel emotionally numb,Often prefers to stay alone,8
3927,I feel emotionally numb,She seems withdrawn and quiet,6
3928,I feel calm and normal,She seems withdrawn and quiet,2
3929,I feel emotionally numb,Actively interacts with family,9
3930,I feel sad without any clear reason,Actively interacts with family,9
3931,I feel fine and stable,No major change noticed,7
3932,I feel stressed and overwhelmed,Actively interacts with family,3
3933,I feel stressed and overwhelmed,Seems happy and social,2
3934,I feel disconnected from people,Appears emotionally distant,10
3935,I feel fine and stable,Actively interacts with family,8
3936,I feel emotionally numb,Often prefers to stay alone,5
3937,I feel sad without any clear reason,Actively interacts with family,4
3938,I feel disconnected from people,No major change noticed,9
3939,I feel stressed and overwhelmed,Behavior appears normal,10
3940,I feel worried about everything,Often prefers to stay alone,1
3941,I feel calm and normal,Appears emotionally distant,4
3942,I feel calm and normal,Shows signs of irritability,6
3943,I feel calm and normal,No major change noticed,1
3944,I feel stressed and overwhelmed,Appears emotionally distant,7
3945,I feel motivated and energetic,Seems happy and social,6
3946,I feel tired and hopeless,Behavior appears normal,1
3947,I feel disconnected from people,Actively interacts with family,9
3948,I feel worried about everything,No major change noticed,2
3949,I feel sad without any clear reason,No major change noticed,8
3950,I feel calm and normal,Seems happy and social,4
3951,I feel fine and stable,No major change noticed,7
3952,I feel calm and normal,Appears emotionally distant,8
3953,I feel disconnected from people,Appears emotionally distant,7
3954,I feel anxious most of the day,Seems happy and social,6
3955,I feel stressed and overwhelmed,Actively interacts with family,8
3956,I feel fine and stable,No major change noticed,6
3957,I feel stressed and overwhelmed,Shows signs of irritability,6
3958,I feel emotionally numb,She seems withdrawn and quiet,6
3959,I feel emotionally numb,No major change noticed,2
3960,I feel stressed and overwhelmed,Seems happy and social,6
3961,I feel emotionally numb,Actively interacts with family,5
3962,I feel stressed and overwhelmed,Shows signs of irritability,10
3963,I feel sad without any clear reason,Appears emotionally distant,4
3964,I feel motivated and energetic,Appears emotionally distant,1
3965,I feel sad without any clear reason,Seems happy and social,5
3966,I feel sad without any clear reason,Shows signs of irritability,2
3967,I feel tired and hopeless,No major change noticed,5
3968,I feel calm and normal,Often prefers to stay alone,9
3969,I feel tired and hopeless,Often prefers to stay alone,3
3970,I feel tired and hopeless,No major change noticed,10
3971,I feel stressed and overwhelmed,Shows signs of irritability,5
3972,I feel stressed and overwhelmed,He avoids family and sleeps a lot,9
3973,I feel anxious most of the day,Seems happy and social,10
3974,I feel anxious most of the day,Actively interacts with family,4
3975,I feel motivated and energetic,Mood fluctuates frequently,10
3976,I feel disconnected from people,Mood fluctuates frequently,9
3977,I feel emotionally numb,He avoids family and sleeps a lot,5
3978,I feel worried about everything,No major change noticed,5
3979,I feel stressed and overwhelmed,Mood fluctuates frequently,3
3980,I feel motivated and energetic,Shows signs of irritability,9
3981,I feel worried about everything,She seems withdrawn and quiet,5
3982,I feel tired and hopeless,Appears emotionally distant,3
3983,I feel emotionally numb,Seems happy and social,8
3984,I feel motivated and energetic,Appears emotionally distant,7
3985,I feel sad without any clear reason,Actively interacts with family,4
3986,I feel worried about everything,Often prefers to stay alone,8
3987,I feel tired and hopeless,No major change noticed,7
3988,I feel motivated and energetic,Appears emotionally distant,6
3989,I feel anxious most of the day,No major change noticed,7
3990,I feel tired and hopeless,No major change noticed,9
3991,I feel tired and hopeless,He avoids family and sleeps a lot,6
3992,I feel motivated and energetic,He avoids family and sleeps a lot,3
3993,I feel stressed and overwhelmed,He avoids family and sleeps a lot,8
3994,I feel tired and hopeless,Mood fluctuates frequently,6
3995,I feel worried about everything,She seems withdrawn and quiet,5
3996,I feel sad without any clear reason,Mood fluctuates frequently,8
3997,I feel worried about everything,No major change noticed,10
3998,I feel sad without any clear reason,Appears emotionally distant,1
3999,I feel calm and normal,Often prefers to stay alone,10
4000,I feel fine and stable,Actively interacts with family,6
4001,I feel calm and normal,Mood fluctuates frequently,6
4002,I feel sad without any clear reason,Shows signs of irritability,5
4003,I feel anxious most of the day,Shows signs of irritability,7
4004,I feel fine and stable,Shows signs of irritability,7
4005,I feel fine and stable,Shows signs of irritability,8
4006,I feel disconnected from people,Behavior appears normal,7
4007,I feel stressed and overwhelmed,Behavior appears normal,4
4008,I feel anxious most of the day,He avoids family and sleeps a lot,8
4009,I feel disconnected from people,Actively interacts with family,9
4010,I feel stressed and overwhelmed,Often prefers to stay alone,1
4011,I feel anxious most of the day,Seems happy and social,8
4012,I feel motivated and energetic,Shows signs of irritability,5
4013,I feel stressed and overwhelmed,Mood fluctuates frequently,2
4014,I feel worried about everything,She seems withdrawn and quiet,7
4015,I feel anxious most of the day,Seems happy and social,6
4016,I feel motivated and energetic,No major change noticed,1
4017,I feel emotionally numb,Actively interacts with family,2
4018,I feel tired and hopeless,Behavior appears normal,5
4019,I feel disconnected from people,Seems happy and social,4
4020,I feel tired and hopeless,Seems happy and social,5
4021,I feel emotionally numb,Appears emotionally distant,5
4022,I feel sad without any clear reason,Seems happy and social,5
4023,I feel emotionally numb,Seems happy and social,5
4024,I feel fine and stable,Often prefers to stay alone,4
4025,I feel stressed and overwhelmed,Appears emotionally distant,9
4026,I feel worried about everything,He avoids family and sleeps a lot,1
4027,I feel stressed and overwhelmed,He avoids family and sleeps a lot,5
4028,I feel fine and stable,Appears emotionally distant,5
4029,I feel tired and hopeless,Shows signs of irritability,8
4030,I feel worried about everything,Mood fluctuates frequently,7
4031,I feel calm and normal,Seems happy and social,6
4032,I feel stressed and overwhelmed,Often prefers to stay alone,2
4033,I feel sad without any clear reason,No major change noticed,3
4034,I feel worried about everything,Appears emotionally distant,6
4035,I feel emotionally numb,No major change noticed,8
4036,I feel fine and stable,Shows signs of irritability,1
4037,I feel disconnected from people,Shows signs of irritability,9
4038,I feel disconnected from people,She seems withdrawn and quiet,3
4039,I feel disconnected from people,Behavior appears normal,6
4040,I feel emotionally numb,Seems happy and social,5
4041,I feel stressed and overwhelmed,Behavior appears normal,5
4042,I feel fine and stable,He avoids family and sleeps a lot,4
4043,I feel calm and normal,Seems happy and social,1
4044,I feel sad without any clear reason,No major change noticed,3
4045,I feel anxious most of the day,Appears emotionally distant,7
4046,I feel tired and hopeless,Shows signs of irritability,5
4047,I feel motivated and energetic,Appears emotionally distant,1
4048,I feel stressed and overwhelmed,Shows signs of irritability,8
4049,I feel tired and hopeless,Often prefers to stay alone,8
4050,I feel calm and normal,Appears emotionally distant,1
4051,I feel motivated and energetic,Often prefers to stay alone,2
4052,I feel tired and hopeless,He avoids family and sleeps a lot,1
4053,I feel motivated and energetic,No major change noticed,4
4054,I feel disconnected from people,Actively interacts with family,1
4055,I feel anxious most of the day,Mood fluctuates frequently,1
4056,I feel tired and hopeless,No major change noticed,6
4057,I feel disconnected from people,He avoids family and sleeps a lot,6
4058,I feel stressed and overwhelmed,Behavior appears normal,10
4059,I feel sad without any clear reason,She seems withdrawn and quiet,3
4060,I feel tired and hopeless,Mood fluctuates frequently,9
4061,I feel calm and normal,Appears emotionally distant,7
4062,I feel fine and stable,No major change noticed,6
4063,I feel stressed and overwhelmed,Appears emotionally distant,9
4064,I feel anxious most of the day,Often prefers to stay alone,1
4065,I feel sad without any clear reason,Shows signs of irritability,2
4066,I feel tired and hopeless,No major change noticed,4
4067,I feel tired and hopeless,Appears emotionally distant,5
4068,I feel emotionally numb,He avoids family and sleeps a lot,3
4069,I feel tired and hopeless,Actively interacts with family,6
4070,I feel motivated and energetic,He avoids family and sleeps a lot,3
4071,I feel sad without any clear reason,Appears emotionally distant,10
4072,I feel fine and stable,Seems happy and social,1
4073,I feel sad without any clear reason,Actively interacts with family,4
4074,I feel anxious most of the day,Mood fluctuates frequently,3
4075,I feel disconnected from people,She seems withdrawn and quiet,10
4076,I feel worried about everything,She seems withdrawn and quiet,6
4077,I feel motivated and energetic,Shows signs of irritability,8
4078,I feel emotionally numb,Behavior appears normal,4
4079,I feel stressed and overwhelmed,Seems happy and social,5
4080,I feel tired and hopeless,Behavior appears normal,2
4081,I feel emotionally numb,Shows signs of irritability,2
4082,I feel sad without any clear reason,She seems withdrawn and quiet,6
4083,I feel anxious most of the day,Behavior appears normal,10
4084,I feel calm and normal,Appears emotionally distant,1
4085,I feel tired and hopeless,Actively interacts with family,6
4086,I feel worried about everything,No major change noticed,7
4087,I feel worried about everything,Seems happy and social,1
4088,I feel emotionally numb,Actively interacts with family,6
4089,I feel stressed and overwhelmed,Appears emotionally distant,6
4090,I feel emotionally numb,Shows signs of irritability,8
4091,I feel tired and hopeless,Actively interacts with family,3
4092,I feel tired and hopeless,Appears emotionally distant,2
4093,I feel stressed and overwhelmed,She seems withdrawn and quiet,1
4094,I feel fine and stable,Appears emotionally distant,7
4095,I feel emotionally numb,Mood fluctuates frequently,3
4096,I feel stressed and overwhelmed,Appears emotionally distant,4
4097,I feel tired and hopeless,No major change noticed,10
4098,I feel emotionally numb,Often prefers to stay alone,4
4099,I feel anxious most of the day,She seems withdrawn and quiet,4
4100,I feel stressed and overwhelmed,Shows signs of irritability,1
4101,I feel worried about everything,Appears emotionally distant,3
4102,I feel stressed and overwhelmed,He avoids family and sleeps a lot,2
4103,I feel motivated and energetic,Often prefers to stay alone,5
4104,I feel worried about everything,She seems withdrawn and quiet,6
4105,I feel tired and hopeless,Actively interacts with family,4
4106,I feel motivated and energetic,She seems withdrawn and quiet,8
4107,I feel disconnected from people,Appears emotionally distant,9
4108,I feel emotionally numb,Seems happy and social,7
4109,I feel worried about everything,Mood fluctuates frequently,7
4110,I feel motivated and energetic,Actively interacts with family,8
4111,I feel disconnected from people,Seems happy and social,6
4112,I feel sad without any clear reason,Actively interacts with family,3
4113,I feel anxious most of the day,No major change noticed,10
4114,I feel anxious most of the day,Often prefers to stay alone,2
4115,I feel emotionally numb,Seems happy and social,4
4116,I feel worried about everything,Mood fluctuates frequently,5
4117,I feel fine and stable,Shows signs of irritability,5
4118,I feel sad without any clear reason,Often prefers to stay alone,9
4119,I feel fine and stable,No major change noticed,6
4120,I feel fine and stable,Shows signs of irritability,2
4121,I feel anxious most of the day,Seems happy and social,7
4122,I feel tired and hopeless,She seems withdrawn and quiet,3
4123,I feel calm and normal,She seems withdrawn and quiet,2
4124,I feel calm and normal,Often prefers to stay alone,9
4125,I feel anxious most of the day,He avoids family and sleeps a lot,3
4126,I feel calm and normal,Often prefers to stay alone,2
4127,I feel sad without any clear reason,No major change noticed,9
4128,I feel sad without any clear reason,Behavior appears normal,3
4129,I feel stressed and overwhelmed,She seems withdrawn and quiet,8
4130,I feel motivated and energetic,Shows signs of irritability,9
4131,I feel disconnected from people,No major change noticed,10
4132,I feel anxious most of the day,Often prefers to stay alone,2
4133,I feel disconnected from people,Often prefers to stay alone,8
4134,I feel anxious most of the day,Appears emotionally distant,7
4135,I feel calm and normal,Seems happy and social,5
4136,I feel motivated and energetic,No major change noticed,9
4137,I feel motivated and energetic,Seems happy and social,6
4138,I feel tired and hopeless,Behavior appears normal,8
4139,I feel tired and hopeless,Actively interacts with family,5
4140,I feel worried about everything,Often prefers to stay alone,10
4141,I feel emotionally numb,No major change noticed,2
4142,I feel disconnected from people,She seems withdrawn and quiet,8
4143,I feel sad without any clear reason,Behavior appears normal,5
4144,I feel disconnected from people,Behavior appears normal,5
4145,I feel calm and normal,Shows signs of irritability,10
4146,I feel stressed and overwhelmed,Mood fluctuates frequently,1
4147,I feel disconnected from people,Shows signs of irritability,10
4148,I feel worried about everything,Shows signs of irritability,2
4149,I feel disconnected from people,No major change noticed,9
4150,I feel anxious most of the day,Shows signs of irritability,4
4151,I feel stressed and overwhelmed,Behavior appears normal,2
4152,I feel tired and hopeless,He avoids family and sleeps a lot,2
4153,I feel stressed and overwhelmed,Appears emotionally distant,10
4154,I feel disconnected from people,Shows signs of irritability,6
4155,I feel emotionally numb,She seems withdrawn and quiet,10
4156,I feel calm and normal,No major change noticed,4
4157,I feel worried about everything,Actively interacts with family,7
4158,I feel worried about everything,Appears emotionally distant,4
4159,I feel worried about everything,Behavior appears normal,10
4160,I feel worried about everything,Shows signs of irritability,10
4161,I feel tired and hopeless,Seems happy and social,6
4162,I feel worried about everything,Often prefers to stay alone,9
4163,I feel tired and hopeless,Behavior appears normal,6
4164,I feel sad without any clear reason,Behavior appears normal,7
4165,I feel worried about everything,Mood fluctuates frequently,3
4166,I feel fine and stable,Actively interacts with family,7
4167,I feel worried about everything,Seems happy and social,5
4168,I feel tired and hopeless,Behavior appears normal,10
4169,I feel fine and stable,Seems happy and social,3
4170,I feel tired and hopeless,Actively interacts with family,4
4171,I feel motivated and energetic,He avoids family and sleeps a lot,6
4172,I feel calm and normal,Often prefers to stay alone,1
4173,I feel calm and normal,Mood fluctuates frequently,2
4174,I feel fine and stable,Actively interacts with family,6
4175,I feel fine and stable,Mood fluctuates frequently,5
4176,I feel worried about everything,Mood fluctuates frequently,6
4177,I feel sad without any clear reason,Actively interacts with family,8
4178,I feel disconnected from people,Shows signs of irritability,1
4179,I feel calm and normal,He avoids family and sleeps a lot,1
4180,I feel fine and stable,Actively interacts with family,2
4181,I feel fine and stable,She seems withdrawn and quiet,6
4182,I feel motivated and energetic,Mood fluctuates frequently,10
4183,I feel anxious most of the day,Behavior appears normal,4
4184,I feel tired and hopeless,No major change noticed,10
4185,I feel fine and stable,He avoids family and sleeps a lot,8
4186,I feel anxious most of the day,Seems happy and social,9
4187,I feel anxious most of the day,She seems withdrawn and quiet,2
4188,I feel sad without any clear reason,Appears emotionally distant,7
4189,I feel emotionally numb,He avoids family and sleeps a lot,5
4190,I feel anxious most of the day,Shows signs of irritability,8
4191,I feel fine and stable,Actively interacts with family,5
4192,I feel stressed and overwhelmed,He avoids family and sleeps a lot,9
4193,I feel fine and stable,Shows signs of irritability,10
4194,I feel tired and hopeless,Shows signs of irritability,8
4195,I feel fine and stable,Behavior appears normal,9
4196,I feel sad without any clear reason,Often prefers to stay alone,2
4197,I feel motivated and energetic,Appears emotionally distant,8
4198,I feel stressed and overwhelmed,Often prefers to stay alone,2
4199,I feel sad without any clear reason,Mood fluctuates frequently,8
4200,I feel stressed and overwhelmed,She seems withdrawn and quiet,2
4201,I feel sad without any clear reason,Behavior appears normal,8
4202,I feel motivated and energetic,Mood fluctuates frequently,4
4203,I feel worried about everything,No major change noticed,4
4204,I feel stressed and overwhelmed,No major change noticed,10
4205,I feel disconnected from people,Appears emotionally distant,8
4206,I feel disconnected from people,She seems withdrawn and quiet,6
4207,I feel worried about everything,Mood fluctuates frequently,10
4208,I feel sad without any clear reason,Often prefers to stay alone,5
4209,I feel stressed and overwhelmed,She seems withdrawn and quiet,6
4210,I feel fine and stable,Often prefers to stay alone,1
4211,I feel tired and hopeless,Seems happy and social,10
4212,I feel emotionally numb,Appears emotionally distant,1
4213,I feel sad without any clear reason,Often prefers to stay alone,6
4214,I feel tired and hopeless,No major change noticed,1
4215,I feel fine and stable,He avoids family and sleeps a lot,6
4216,I feel calm and normal,Often prefers to stay alone,10
4217,I feel motivated and energetic,No major change noticed,1
4218,I feel motivated and energetic,Seems happy and social,1
4219,I feel anxious most of the day,Shows signs of irritability,6
4220,I feel worried about everything,Mood fluctuates frequently,10
4221,I feel stressed and overwhelmed,He avoids family and sleeps a lot,8
4222,I feel sad without any clear reason,Actively interacts with family,1
4223,I feel worried about everything,No major change noticed,1
4224,I feel stressed and overwhelmed,Often prefers to stay alone,8
4225,I feel disconnected from people,Often prefers to stay alone,2
4226,I feel sad without any clear reason,No major change noticed,9
4227,I feel calm and normal,She seems withdrawn and quiet,10
4228,I feel disconnected from people,Behavior appears normal,6
4229,I feel tired and hopeless,Shows signs of irritability,7
4230,I feel sad without any clear reason,He avoids family and sleeps a lot,9
4231,I feel worried about everything,Seems happy and social,9
4232,I feel emotionally numb,Seems happy and social,1
4233,I feel worried about everything,No major change noticed,10
4234,I feel sad without any clear reason,Shows signs of irritability,5
4235,I feel fine and stable,Mood fluctuates frequently,6
4236,I feel calm and normal,Behavior appears normal,1
4237,I feel worried about everything,Often prefers to stay alone,1
4238,I feel anxious most of the day,He avoids family and sleeps a lot,3
4239,I feel calm and normal,No major change noticed,2
4240,I feel sad without any clear reason,Seems happy and social,7
4241,I feel anxious most of the day,Mood fluctuates frequently,4
4242,I feel disconnected from people,He avoids family and sleeps a lot,2
4243,I feel anxious most of the day,She seems withdrawn and quiet,4
4244,I feel anxious most of the day,Seems happy and social,2
4245,I feel anxious most of the day,Often prefers to stay alone,1
4246,I feel disconnected from people,Appears emotionally distant,10
4247,I feel tired and hopeless,Actively interacts with family,10
4248,I feel tired and hopeless,Seems happy and social,4
4249,I feel calm and normal,Actively interacts with family,2
4250,I feel motivated and energetic,Often prefers to stay alone,4
4251,I feel disconnected from people,Mood fluctuates frequently,8
4252,I feel fine and stable,Mood fluctuates frequently,10
4253,I feel disconnected from people,Behavior appears normal,1
4254,I feel motivated and energetic,No major change noticed,5
4255,I feel tired and hopeless,Mood fluctuates frequently,10
4256,I feel calm and normal,Appears emotionally distant,1
4257,I feel fine and stable,No major change noticed,8
4258,I feel motivated and energetic,Appears emotionally distant,9
4259,I feel tired and hopeless,Mood fluctuates frequently,2
4260,I feel anxious most of the day,Appears emotionally distant,4
4261,I feel stressed and overwhelmed,Mood fluctuates frequently,1
4262,I feel sad without any clear reason,She seems withdrawn and quiet,7
4263,I feel fine and stable,Actively interacts with family,7
4264,I feel disconnected from people,He avoids family and sleeps a lot,10
4265,I feel tired and hopeless,Actively interacts with family,10
4266,I feel sad without any clear reason,Behavior appears normal,3
4267,I feel emotionally numb,She seems withdrawn and quiet,3
4268,I feel anxious most of the day,Appears emotionally distant,5
4269,I feel motivated and energetic,He avoids family and sleeps a lot,4
4270,I feel fine and stable,Behavior appears normal,2
4271,I feel anxious most of the day,She seems withdrawn and quiet,5
4272,I feel fine and stable,She seems withdrawn and quiet,3
4273,I feel calm and normal,She seems withdrawn and quiet,7
4274,I feel calm and normal,Actively interacts with family,8
4275,I feel sad without any clear reason,Shows signs of irritability,10
4276,I feel disconnected from people,Often prefers to stay alone,10
4277,I feel motivated and energetic,He avoids family and sleeps a lot,4
4278,I feel worried about everything,Behavior appears normal,4
4279,I feel disconnected from people,Appears emotionally distant,7
4280,I feel tired and hopeless,Mood fluctuates frequently,6
4281,I feel tired and hopeless,Shows signs of irritability,7
4282,I feel calm and normal,Seems happy and social,7
4283,I feel disconnected from people,Mood fluctuates frequently,9
4284,I feel emotionally numb,Mood fluctuates frequently,2
4285,I feel fine and stable,Often prefers to stay alone,4
4286,I feel worried about everything,Mood fluctuates frequently,8
4287,I feel sad without any clear reason,No major change noticed,8
4288,I feel worried about everything,Actively interacts with family,1
4289,I feel disconnected from people,Seems happy and social,5
4290,I feel motivated and energetic,She seems withdrawn and quiet,8
4291,I feel disconnected from people,He avoids family and sleeps a lot,10
4292,I feel motivated and energetic,Actively interacts with family,2
4293,I feel worried about everything,He avoids family and sleeps a lot,8
4294,I feel motivated and energetic,She seems withdrawn and quiet,4
4295,I feel tired and hopeless,He avoids family and sleeps a lot,1
4296,I feel sad without any clear reason,No major change noticed,8
4297,I feel anxious most of the day,Appears emotionally distant,9
4298,I feel disconnected from people,No major change noticed,7
4299,I feel calm and normal,No major change noticed,3
4300,I feel calm and normal,She seems withdrawn and quiet,5
4301,I feel disconnected from people,He avoids family and sleeps a lot,6
4302,I feel calm and normal,Behavior appears normal,8
4303,I feel motivated and energetic,She seems withdrawn and quiet,7
4304,I feel anxious most of the day,Appears emotionally distant,1
4305,I feel disconnected from people,Behavior appears normal,4
4306,I feel sad without any clear reason,No major change noticed,10
4307,I feel calm and normal,No major change noticed,5
4308,I feel disconnected from people,Shows signs of irritability,4
4309,I feel calm and normal,Often prefers to stay alone,1
4310,I feel emotionally numb,Often prefers to stay alone,6
4311,I feel stressed and overwhelmed,Often prefers to stay alone,4
4312,I feel stressed and overwhelmed,Shows signs of irritability,5
4313,I feel sad without any clear reason,She seems withdrawn and quiet,3
4314,I feel sad without any clear reason,Shows signs of irritability,3
4315,I feel fine and stable,Mood fluctuates frequently,3
4316,I feel fine and stable,Shows signs of irritability,8
4317,I feel motivated and energetic,Actively interacts with family,2
4318,I feel sad without any clear reason,Mood fluctuates frequently,9
4319,I feel tired and hopeless,Actively interacts with family,7
4320,I feel fine and stable,Seems happy and social,8
4321,I feel disconnected from people,Mood fluctuates frequently,1
4322,I feel emotionally numb,Shows signs of irritability,6
4323,I feel worried about everything,Behavior appears normal,9
4324,I feel anxious most of the day,No major change noticed,2
4325,I feel fine and stable,Appears emotionally distant,7
4326,I feel motivated and energetic,Behavior appears normal,4
4327,I feel anxious most of the day,Actively interacts with family,7
4328,I feel worried about everything,Shows signs of irritability,2
4329,I feel calm and normal,Seems happy and social,6
4330,I feel tired and hopeless,Often prefers to stay alone,3
4331,I feel motivated and energetic,He avoids family and sleeps a lot,5
4332,I feel stressed and overwhelmed,Seems happy and social,10
4333,I feel sad without any clear reason,Mood fluctuates frequently,10
4334,I feel calm and normal,Seems happy and social,10
4335,I feel sad without any clear reason,Seems happy and social,6
4336,I feel motivated and energetic,No major change noticed,1
4337,I feel fine and stable,He avoids family and sleeps a lot,10
4338,I feel stressed and overwhelmed,Appears emotionally distant,6
4339,I feel anxious most of the day,Seems happy and social,5
4340,I feel disconnected from people,Shows signs of irritability,8
4341,I feel tired and hopeless,Mood fluctuates frequently,7
4342,I feel worried about everything,Often prefers to stay alone,7
4343,I feel fine and stable,Often prefers to stay alone,10
4344,I feel motivated and energetic,He avoids family and sleeps a lot,3
4345,I feel fine and stable,Mood fluctuates frequently,7
4346,I feel worried about everything,No major change noticed,3
4347,I feel emotionally numb,Appears emotionally distant,9
4348,I feel emotionally numb,Mood fluctuates frequently,5
4349,I feel emotionally numb,Actively interacts with family,9
4350,I feel disconnected from people,He avoids family and sleeps a lot,1
4351,I feel worried about everything,Appears emotionally distant,8
4352,I feel disconnected from people,Actively interacts with family,9
4353,I feel sad without any clear reason,Mood fluctuates frequently,5
4354,I feel disconnected from people,Behavior appears normal,3
4355,I feel tired and hopeless,Seems happy and social,8
4356,I feel disconnected from people,No major change noticed,9
4357,I feel stressed and overwhelmed,No major change noticed,9
4358,I feel sad without any clear reason,She seems withdrawn and quiet,4
4359,I feel disconnected from people,Appears emotionally distant,3
4360,I feel worried about everything,Mood fluctuates frequently,7
4361,I feel worried about everything,Behavior appears normal,4
4362,I feel stressed and overwhelmed,Often prefers to stay alone,1
4363,I feel motivated and energetic,Behavior appears normal,2
4364,I feel anxious most of the day,Shows signs of irritability,8
4365,I feel worried about everything,Behavior appears normal,3
4366,I feel emotionally numb,Behavior appears normal,9
4367,I feel calm and normal,Mood fluctuates frequently,3
4368,I feel calm and normal,No major change noticed,7
4369,I feel tired and hopeless,Seems happy and social,1
4370,I feel calm and normal,Shows signs of irritability,2
4371,I feel stressed and overwhelmed,He avoids family and sleeps a lot,1
4372,I feel worried about everything,Mood fluctuates frequently,5
4373,I feel emotionally numb,Often prefers to stay alone,6
4374,I feel calm and normal,Often prefers to stay alone,7
4375,I feel disconnected from people,He avoids family and sleeps a lot,3
4376,I feel sad without any clear reason,She seems withdrawn and quiet,6
4377,I feel disconnected from people,She seems withdrawn and quiet,5
4378,I feel calm and normal,He avoids family and sleeps a lot,9
4379,I feel motivated and energetic,Behavior appears normal,8
4380,I feel calm and normal,Actively interacts with family,10
4381,I feel anxious most of the day,Mood fluctuates frequently,1
4382,I feel fine and stable,Seems happy and social,1
4383,I feel anxious most of the day,No major change noticed,9
4384,I feel disconnected from people,Behavior appears normal,5
4385,I feel tired and hopeless,Appears emotionally distant,3
4386,I feel worried about everything,Actively interacts with family,3
4387,I feel sad without any clear reason,Often prefers to stay alone,6
4388,I feel emotionally numb,Behavior appears normal,7
4389,I feel fine and stable,Shows signs of irritability,9
4390,I feel motivated and energetic,Shows signs of irritability,4
4391,I feel tired and hopeless,Shows signs of irritability,2
4392,I feel worried about everything,No major change noticed,3
4393,I feel disconnected from people,Often prefers to stay alone,2
4394,I feel emotionally numb,He avoids family and sleeps a lot,6
4395,I feel worried about everything,No major change noticed,5
4396,I feel sad without any clear reason,She seems withdrawn and quiet,4
4397,I feel anxious most of the day,He avoids family and sleeps a lot,3
4398,I feel anxious most of the day,She seems withdrawn and quiet,10
4399,I feel disconnected from people,Shows signs of irritability,4
4400,I feel sad without any clear reason,Mood fluctuates frequently,7
4401,I feel tired and hopeless,Mood fluctuates frequently,7
4402,I feel disconnected from people,She seems withdrawn and quiet,8
4403,I feel sad without any clear reason,Often prefers to stay alone,6
4404,I feel anxious most of the day,He avoids family and sleeps a lot,8
4405,I feel worried about everything,Behavior appears normal,6
4406,I feel motivated and energetic,Mood fluctuates frequently,4
4407,I feel tired and hopeless,Shows signs of irritability,10
4408,I feel tired and hopeless,He avoids family and sleeps a lot,2
4409,I feel calm and normal,Often prefers to stay alone,7
4410,I feel sad without any clear reason,Seems happy and social,5
4411,I feel worried about everything,Actively interacts with family,4
4412,I feel stressed and overwhelmed,Shows signs of irritability,8
4413,I feel disconnected from people,She seems withdrawn and quiet,8
4414,I feel worried about everything,Appears emotionally distant,8
4415,I feel disconnected from people,She seems withdrawn and quiet,9
4416,I feel fine and stable,He avoids family and sleeps a lot,2
4417,I feel tired and hopeless,Behavior appears normal,7
4418,I feel sad without any clear reason,Appears emotionally distant,10
4419,I feel stressed and overwhelmed,Appears emotionally distant,6
4420,I feel disconnected from people,He avoids family and sleeps a lot,9
4421,I feel emotionally numb,Behavior appears normal,6
4422,I feel stressed and overwhelmed,Often prefers to stay alone,1
4423,I feel stressed and overwhelmed,Actively interacts with family,5
4424,I feel sad without any clear reason,He avoids family and sleeps a lot,3
4425,I feel fine and stable,Mood fluctuates frequently,8
4426,I feel worried about everything,Appears emotionally distant,5
4427,I feel worried about everything,Mood fluctuates frequently,4
4428,I feel disconnected from people,She seems withdrawn and quiet,7
4429,I feel disconnected from people,No major change noticed,5
4430,I feel disconnected from people,She seems withdrawn and quiet,6
4431,I feel fine and stable,Mood fluctuates frequently,9
4432,I feel fine and stable,Often prefers to stay alone,9
4433,I feel anxious most of the day,No major change noticed,1
4434,I feel anxious most of the day,No major change noticed,7
4435,I feel fine and stable,He avoids family and sleeps a lot,1
4436,I feel emotionally numb,Behavior appears normal,4
4437,I feel fine and stable,Shows signs of irritability,10
4438,I feel emotionally numb,Mood fluctuates frequently,9
4439,I feel fine and stable,Often prefers to stay alone,3
4440,I feel emotionally numb,No major change noticed,10
4441,I feel calm and normal,Behavior appears normal,8
4442,I feel fine and stable,Actively interacts with family,8
4443,I feel tired and hopeless,Actively interacts with family,10
4444,I feel anxious most of the day,Often prefers to stay alone,3
4445,I feel anxious most of the day,He avoids family and sleeps a lot,3
4446,I feel emotionally numb,She seems withdrawn and quiet,4
4447,I feel emotionally numb,No major change noticed,5
4448,I feel anxious most of the day,He avoids family and sleeps a lot,3
4449,I feel fine and stable,Behavior appears normal,6
4450,I feel emotionally numb,He avoids family and sleeps a lot,5
4451,I feel stressed and overwhelmed,Actively interacts with family,8
4452,I feel tired and hopeless,Seems happy and social,4
4453,I feel disconnected from people,Often prefers to stay alone,5
4454,I feel worried about everything,Mood fluctuates frequently,2
4455,I feel emotionally numb,She seems withdrawn and quiet,7
4456,I feel worried about everything,He avoids family and sleeps a lot,10
4457,I feel emotionally numb,Shows signs of irritability,7
4458,I feel calm and normal,Behavior appears normal,6
4459,I feel emotionally numb,Mood fluctuates frequently,7
4460,I feel fine and stable,Often prefers to stay alone,6
4461,I feel fine and stable,Seems happy and social,9
4462,I feel worried about everything,Shows signs of irritability,7
4463,I feel tired and hopeless,He avoids family and sleeps a lot,1
4464,I feel anxious most of the day,Appears emotionally distant,9
4465,I feel motivated and energetic,Appears emotionally distant,7
4466,I feel worried about everything,Seems happy and social,6
4467,I feel anxious most of the day,Actively interacts with family,6
4468,I feel tired and hopeless,No major change noticed,5
4469,I feel calm and normal,Behavior appears normal,1
4470,I feel worried about everything,Appears emotionally distant,1
4471,I feel calm and normal,Seems happy and social,8
4472,I feel sad without any clear reason,No major change noticed,5
4473,I feel stressed and overwhelmed,She seems withdrawn and quiet,6
4474,I feel disconnected from people,Mood fluctuates frequently,9
4475,I feel anxious most of the day,Shows signs of irritability,4
4476,I feel anxious most of the day,Seems happy and social,2
4477,I feel disconnected from people,Mood fluctuates frequently,6
4478,I feel motivated and energetic,Often prefers to stay alone,8
4479,I feel worried about everything,Mood fluctuates frequently,9
4480,I feel emotionally numb,Behavior appears normal,3
4481,I feel tired and hopeless,Mood fluctuates frequently,9
4482,I feel fine and stable,She seems withdrawn and quiet,2
4483,I feel emotionally numb,Shows signs of irritability,8
4484,I feel tired and hopeless,Mood fluctuates frequently,10
4485,I feel sad without any clear reason,He avoids family and sleeps a lot,6
4486,I feel stressed and overwhelmed,Shows signs of irritability,2
4487,I feel fine and stable,Behavior appears normal,5
4488,I feel stressed and overwhelmed,Appears emotionally distant,9
4489,I feel tired and hopeless,Seems happy and social,8
4490,I feel worried about everything,She seems withdrawn and quiet,5
4491,I feel fine and stable,Mood fluctuates frequently,1
4492,I feel fine and stable,She seems withdrawn and quiet,5
4493,I feel stressed and overwhelmed,Often prefers to stay alone,4
4494,I feel disconnected from people,She seems withdrawn and quiet,5
4495,I feel stressed and overwhelmed,Seems happy and social,3
4496,I feel worried about everything,Actively interacts with family,9
4497,I feel disconnected from people,Actively interacts with family,8
4498,I feel stressed and overwhelmed,Behavior appears normal,9
4499,I feel worried about everything,Appears emotionally distant,10
4500,I feel disconnected from people,He avoids family and sleeps a lot,6
4501,I feel calm and normal,Shows signs of irritability,9
4502,I feel motivated and energetic,Appears emotionally distant,4
4503,I feel motivated and energetic,He avoids family and sleeps a lot,9
4504,I feel sad without any clear reason,Mood fluctuates frequently,4
4505,I feel anxious most of the day,No major change noticed,6
4506,I feel sad without any clear reason,She seems withdrawn and quiet,4
4507,I feel fine and stable,Behavior appears normal,10
4508,I feel motivated and energetic,Appears emotionally distant,4
4509,I feel sad without any clear reason,No major change noticed,2
4510,I feel calm and normal,Often prefers to stay alone,3
4511,I feel tired and hopeless,Seems happy and social,1
4512,I feel fine and stable,Shows signs of irritability,4
4513,I feel tired and hopeless,He avoids family and sleeps a lot,7
4514,I feel sad without any clear reason,He avoids family and sleeps a lot,9
4515,I feel motivated and energetic,Often prefers to stay alone,5
4516,I feel stressed and overwhelmed,No major change noticed,2
4517,I feel worried about everything,He avoids family and sleeps a lot,10
4518,I feel fine and stable,Seems happy and social,8
4519,I feel stressed and overwhelmed,He avoids family and sleeps a lot,4
4520,I feel emotionally numb,Behavior appears normal,1
4521,I feel tired and hopeless,Seems happy and social,8
4522,I feel stressed and overwhelmed,Actively interacts with family,7
4523,I feel anxious most of the day,Actively interacts with family,4
4524,I feel sad without any clear reason,No major change noticed,3
4525,I feel sad without any clear reason,She seems withdrawn and quiet,1
4526,I feel motivated and energetic,He avoids family and sleeps a lot,1
4527,I feel sad without any clear reason,Mood fluctuates frequently,3
4528,I feel emotionally numb,She seems withdrawn and quiet,10
4529,I feel stressed and overwhelmed,She seems withdrawn and quiet,7
4530,I feel motivated and energetic,Mood fluctuates frequently,4
4531,I feel calm and normal,Shows signs of irritability,2
4532,I feel disconnected from people,No major change noticed,9
4533,I feel calm and normal,Actively interacts with family,9
4534,I feel tired and hopeless,Behavior appears normal,2
4535,I feel motivated and energetic,Shows signs of irritability,2
4536,I feel tired and hopeless,Behavior appears normal,3
4537,I feel sad without any clear reason,Appears emotionally distant,7
4538,I feel fine and stable,Shows signs of irritability,8
4539,I feel sad without any clear reason,He avoids family and sleeps a lot,3
4540,I feel motivated and energetic,She seems withdrawn and quiet,8
4541,I feel emotionally numb,He avoids family and sleeps a lot,5
4542,I feel anxious most of the day,She seems withdrawn and quiet,4
4543,I feel anxious most of the day,Seems happy and social,4
4544,I feel calm and normal,Shows signs of irritability,3
4545,I feel sad without any clear reason,Often prefers to stay alone,6
4546,I feel emotionally numb,Shows signs of irritability,3
4547,I feel disconnected from people,Seems happy and social,4
4548,I feel worried about everything,Often prefers to stay alone,2
4549,I feel fine and stable,He avoids family and sleeps a lot,7
4550,I feel sad without any clear reason,Mood fluctuates frequently,1
4551,I feel worried about everything,He avoids family and sleeps a lot,8
4552,I feel calm and normal,He avoids family and sleeps a lot,1
4553,I feel worried about everything,He avoids family and sleeps a lot,4
4554,I feel fine and stable,No major change noticed,10
4555,I feel stressed and overwhelmed,Behavior appears normal,10
4556,I feel anxious most of the day,Shows signs of irritability,3
4557,I feel worried about everything,Shows signs of irritability,3
4558,I feel motivated and energetic,No major change noticed,6
4559,I feel worried about everything,Mood fluctuates frequently,1
4560,I feel emotionally numb,Actively interacts with family,3
4561,I feel emotionally numb,Behavior appears normal,2
4562,I feel motivated and energetic,She seems withdrawn and quiet,6
4563,I feel motivated and energetic,Mood fluctuates frequently,6
4564,I feel anxious most of the day,Actively interacts with family,8
4565,I feel motivated and energetic,Behavior appears normal,9
4566,I feel tired and hopeless,Seems happy and social,8
4567,I feel disconnected from people,Often prefers to stay alone,6
4568,I feel anxious most of the day,He avoids family and sleeps a lot,9
4569,I feel motivated and energetic,Seems happy and social,10
4570,I feel worried about everything,Shows signs of irritability,2
4571,I feel calm and normal,Actively interacts with family,4
4572,I feel fine and stable,Appears emotionally distant,5
4573,I feel motivated and energetic,Appears emotionally distant,2
4574,I feel sad without any clear reason,Behavior appears normal,2
4575,I feel anxious most of the day,Actively interacts with family,1
4576,I feel stressed and overwhelmed,Behavior appears normal,9
4577,I feel stressed and overwhelmed,Seems happy and social,5
4578,I feel disconnected from people,No major change noticed,8
4579,I feel calm and normal,Actively interacts with family,1
4580,I feel sad without any clear reason,Appears emotionally distant,2
4581,I feel motivated and energetic,Actively interacts with family,8
4582,I feel fine and stable,Appears emotionally distant,4
4583,I feel stressed and overwhelmed,Actively interacts with family,6
4584,I feel worried about everything,She seems withdrawn and quiet,2
4585,I feel calm and normal,No major change noticed,5
4586,I feel motivated and energetic,He avoids family and sleeps a lot,5
4587,I feel disconnected from people,Often prefers to stay alone,8
4588,I feel emotionally numb,Behavior appears normal,6
4589,I feel motivated and energetic,Mood fluctuates frequently,7
4590,I feel tired and hopeless,Mood fluctuates frequently,5
4591,I feel disconnected from people,She seems withdrawn and quiet,8
4592,I feel worried about everything,She seems withdrawn and quiet,5
4593,I feel emotionally numb,Behavior appears normal,2
4594,I feel sad without any clear reason,No major change noticed,8
4595,I feel anxious most of the day,Mood fluctuates frequently,5
4596,I feel calm and normal,Seems happy and social,10
4597,I feel motivated and energetic,Seems happy and social,6
4598,I feel anxious most of the day,Mood fluctuates frequently,7
4599,I feel motivated and energetic,Mood fluctuates frequently,4
4600,I feel sad without any clear reason,Behavior appears normal,4
4601,I feel worried about everything,Appears emotionally distant,1
4602,I feel stressed and overwhelmed,Shows signs of irritability,10
4603,I feel motivated and energetic,He avoids family and sleeps a lot,1
4604,I feel anxious most of the day,She seems withdrawn and quiet,6
4605,I feel anxious most of the day,Appears emotionally distant,3
4606,I feel fine and stable,Mood fluctuates frequently,10
4607,I feel tired and hopeless,Often prefers to stay alone,4
4608,I feel tired and hopeless,Mood fluctuates frequently,9
4609,I feel motivated and energetic,He avoids family and sleeps a lot,6
4610,I feel fine and stable,Appears emotionally distant,10
4611,I feel disconnected from people,Seems happy and social,1
4612,I feel motivated and energetic,Behavior appears normal,9
4613,I feel sad without any clear reason,Shows signs of irritability,1
4614,I feel tired and hopeless,Behavior appears normal,8
4615,I feel calm and normal,Often prefers to stay alone,2
4616,I feel tired and hopeless,He avoids family and sleeps a lot,8
4617,I feel anxious most of the day,Behavior appears normal,4
4618,I feel worried about everything,Behavior appears normal,8
4619,I feel tired and hopeless,Appears emotionally distant,2
4620,I feel stressed and overwhelmed,Actively interacts with family,10
4621,I feel anxious most of the day,Behavior appears normal,2
4622,I feel motivated and energetic,She seems withdrawn and quiet,5
4623,I feel calm and normal,Actively interacts with family,4
4624,I feel anxious most of the day,He avoids family and sleeps a lot,1
4625,I feel sad without any clear reason,Appears emotionally distant,10
4626,I feel sad without any clear reason,Mood fluctuates frequently,6
4627,I feel disconnected from people,Actively interacts with family,1
4628,I feel fine and stable,Shows signs of irritability,5
4629,I feel worried about everything,Seems happy and social,2
4630,I feel anxious most of the day,Seems happy and social,7
4631,I feel sad without any clear reason,He avoids family and sleeps a lot,5
4632,I feel motivated and energetic,Often prefers to stay alone,1
4633,I feel tired and hopeless,Appears emotionally distant,4
4634,I feel calm and normal,Mood fluctuates frequently,4
4635,I feel fine and stable,She seems withdrawn and quiet,6
4636,I feel sad without any clear reason,Actively interacts with family,7
4637,I feel worried about everything,No major change noticed,1
4638,I feel anxious most of the day,Appears emotionally distant,9
4639,I feel emotionally numb,Appears emotionally distant,8
4640,I feel worried about everything,No major change noticed,2
4641,I feel disconnected from people,Actively interacts with family,5
4642,I feel calm and normal,He avoids family and sleeps a lot,4
4643,I feel sad without any clear reason,Often prefers to stay alone,9
4644,I feel stressed and overwhelmed,Mood fluctuates frequently,9
4645,I feel calm and normal,Seems happy and social,3
4646,I feel worried about everything,Shows signs of irritability,10
4647,I feel sad without any clear reason,No major change noticed,1
4648,I feel emotionally numb,Behavior appears normal,2
4649,I feel emotionally numb,No major change noticed,3
4650,I feel worried about everything,Appears emotionally distant,2
4651,I feel disconnected from people,Actively interacts with family,4
4652,I feel tired and hopeless,Appears emotionally distant,2
4653,I feel worried about everything,Actively interacts with family,6
4654,I feel stressed and overwhelmed,Shows signs of irritability,4
4655,I feel stressed and overwhelmed,She seems withdrawn and quiet,2
4656,I feel worried about everything,Often prefers to stay alone,7
4657,I feel tired and hopeless,Seems happy and social,6
4658,I feel anxious most of the day,He avoids family and sleeps a lot,2
4659,I feel disconnected from people,Behavior appears normal,6
4660,I feel stressed and overwhelmed,Behavior appears normal,4
4661,I feel motivated and energetic,Actively interacts with family,10
4662,I feel stressed and overwhelmed,Behavior appears normal,6
4663,I feel motivated and energetic,Often prefers to stay alone,10
4664,I feel anxious most of the day,She seems withdrawn and quiet,9
4665,I feel disconnected from people,Behavior appears normal,9
4666,I feel tired and hopeless,Mood fluctuates frequently,4
4667,I feel worried about everything,No major change noticed,6
4668,I feel calm and normal,Behavior appears normal,4
4669,I feel stressed and overwhelmed,Behavior appears normal,4
4670,I feel sad without any clear reason,Shows signs of irritability,6
4671,I feel motivated and energetic,Mood fluctuates frequently,2
4672,I feel sad without any clear reason,Seems happy and social,10
4673,I feel fine and stable,She seems withdrawn and quiet,5
4674,I feel worried about everything,Mood fluctuates frequently,8
4675,I feel stressed and overwhelmed,Seems happy and social,3
4676,I feel calm and normal,No major change noticed,5
4677,I feel motivated and energetic,Often prefers to stay alone,8
4678,I feel worried about everything,Actively interacts with family,5
4679,I feel disconnected from people,Appears emotionally distant,4
4680,I feel emotionally numb,No major change noticed,6
4681,I feel calm and normal,She seems withdrawn and quiet,6
4682,I feel disconnected from people,Appears emotionally distant,9
4683,I feel fine and stable,He avoids family and sleeps a lot,7
4684,I feel motivated and energetic,He avoids family and sleeps a lot,8
4685,I feel calm and normal,Actively interacts with family,7
4686,I feel emotionally numb,Actively interacts with family,5
4687,I feel fine and stable,She seems withdrawn and quiet,9
4688,I feel emotionally numb,Often prefers to stay alone,6
4689,I feel fine and stable,Mood fluctuates frequently,4
4690,I feel stressed and overwhelmed,He avoids family and sleeps a lot,4
4691,I feel anxious most of the day,Often prefers to stay alone,3
4692,I feel emotionally numb,Behavior appears normal,9
4693,I feel emotionally numb,She seems withdrawn and quiet,5
4694,I feel fine and stable,Appears emotionally distant,3
4695,I feel disconnected from people,Mood fluctuates frequently,2
4696,I feel calm and normal,Behavior appears normal,2
4697,I feel disconnected from people,Mood fluctuates frequently,7
4698,I feel fine and stable,She seems withdrawn and quiet,5
4699,I feel tired and hopeless,Often prefers to stay alone,6
4700,I feel emotionally numb,No major change noticed,9
4701,I feel calm and normal,No major change noticed,6
4702,I feel stressed and overwhelmed,Often prefers to stay alone,9
4703,I feel emotionally numb,Shows signs of irritability,6
4704,I feel motivated and energetic,She seems withdrawn and quiet,8
4705,I feel fine and stable,No major change noticed,8
4706,I feel worried about everything,Seems happy and social,6
4707,I feel anxious most of the day,No major change noticed,1
4708,I feel sad without any clear reason,Shows signs of irritability,2
4709,I feel stressed and overwhelmed,No major change noticed,1
4710,I feel tired and hopeless,Appears emotionally distant,8
4711,I feel emotionally numb,He avoids family and sleeps a lot,4
4712,I feel emotionally numb,Behavior appears normal,1
4713,I feel calm and normal,Often prefers to stay alone,2
4714,I feel stressed and overwhelmed,She seems withdrawn and quiet,7
4715,I feel tired and hopeless,He avoids family and sleeps a lot,8
4716,I feel emotionally numb,Appears emotionally distant,2
4717,I feel tired and hopeless,Shows signs of irritability,10
4718,I feel calm and normal,Shows signs of irritability,9
4719,I feel motivated and energetic,Mood fluctuates frequently,8
4720,I feel worried about everything,Often prefers to stay alone,7
4721,I feel worried about everything,Shows signs of irritability,2
4722,I feel tired and hopeless,No major change noticed,1
4723,I feel anxious most of the day,Actively interacts with family,8
4724,I feel anxious most of the day,No major change noticed,10
4725,I feel anxious most of the day,No major change noticed,6
4726,I feel worried about everything,Shows signs of irritability,2
4727,I feel disconnected from people,Behavior appears normal,1
4728,I feel anxious most of the day,She seems withdrawn and quiet,7
4729,I feel calm and normal,Seems happy and social,1
4730,I feel calm and normal,She seems withdrawn and quiet,5
4731,I feel motivated and energetic,Seems happy and social,1
4732,I feel worried about everything,Actively interacts with family,5
4733,I feel worried about everything,Mood fluctuates frequently,4
4734,I feel sad without any clear reason,Behavior appears normal,8
4735,I feel sad without any clear reason,Seems happy and social,2
4736,I feel worried about everything,Mood fluctuates frequently,5
4737,I feel worried about everything,He avoids family and sleeps a lot,9
4738,I feel worried about everything,Behavior appears normal,1
4739,I feel emotionally numb,Often prefers to stay alone,7
4740,I feel tired and hopeless,Often prefers to stay alone,4
4741,I feel worried about everything,Actively interacts with family,3
4742,I feel motivated and energetic,No major change noticed,4
4743,I feel worried about everything,He avoids family and sleeps a lot,4
4744,I feel calm and normal,Actively interacts with family,1
4745,I feel sad without any clear reason,He avoids family and sleeps a lot,7
4746,I feel sad without any clear reason,Behavior appears normal,7
4747,I feel emotionally numb,She seems withdrawn and quiet,9
4748,I feel tired and hopeless,Shows signs of irritability,4
4749,I feel fine and stable,Often prefers to stay alone,4
4750,I feel tired and hopeless,Shows signs of irritability,8
4751,I feel calm and normal,Seems happy and social,1
4752,I feel motivated and energetic,Often prefers to stay alone,6
4753,I feel worried about everything,No major change noticed,4
4754,I feel calm and normal,Actively interacts with family,1
4755,I feel worried about everything,No major change noticed,7
4756,I feel stressed and overwhelmed,Mood fluctuates frequently,9
4757,I feel emotionally numb,She seems withdrawn and quiet,3
4758,I feel calm and normal,Seems happy and social,5
4759,I feel stressed and overwhelmed,Actively interacts with family,6
4760,I feel sad without any clear reason,He avoids family and sleeps a lot,8
4761,I feel disconnected from people,She seems withdrawn and quiet,4
4762,I feel disconnected from people,Actively interacts with family,7
4763,I feel motivated and energetic,Mood fluctuates frequently,3
4764,I feel emotionally numb,Seems happy and social,4
4765,I feel motivated and energetic,Shows signs of irritability,4
4766,I feel motivated and energetic,Actively interacts with family,2
4767,I feel calm and normal,Often prefers to stay alone,3
4768,I feel disconnected from people,Often prefers to stay alone,3
4769,I feel sad without any clear reason,Behavior appears normal,1
4770,I feel stressed and overwhelmed,She seems withdrawn and quiet,6
4771,I feel stressed and overwhelmed,Behavior appears normal,2
4772,I feel anxious most of the day,Actively interacts with family,10
4773,I feel emotionally numb,Often prefers to stay alone,3
4774,I feel fine and stable,Actively interacts with family,7
4775,I feel sad without any clear reason,He avoids family and sleeps a lot,10
4776,I feel worried about everything,Seems happy and social,6
4777,I feel motivated and energetic,Shows signs of irritability,6
4778,I feel motivated and energetic,Often prefers to stay alone,5
4779,I feel tired and hopeless,Seems happy and social,5
4780,I feel calm and normal,She seems withdrawn and quiet,3
4781,I feel calm and normal,Mood fluctuates frequently,7
4782,I feel sad without any clear reason,Actively interacts with family,9
4783,I feel sad without any clear reason,Often prefers to stay alone,2
4784,I feel emotionally numb,Actively interacts with family,6
4785,I feel motivated and energetic,She seems withdrawn and quiet,8
4786,I feel disconnected from people,Behavior appears normal,1
4787,I feel disconnected from people,Appears emotionally distant,8
4788,I feel stressed and overwhelmed,Seems happy and social,3
4789,I feel fine and stable,Mood fluctuates frequently,2
4790,I feel emotionally numb,Appears emotionally distant,7
4791,I feel motivated and energetic,No major change noticed,9
4792,I feel sad without any clear reason,Mood fluctuates frequently,2
4793,I feel fine and stable,Mood fluctuates frequently,4
4794,I feel anxious most of the day,Shows signs of irritability,2
4795,I feel emotionally numb,Shows signs of irritability,9
4796,I feel stressed and overwhelmed,Often prefers to stay alone,3
4797,I feel tired and hopeless,He avoids family and sleeps a lot,5
4798,I feel sad without any clear reason,She seems withdrawn and quiet,5
4799,I feel fine and stable,Seems happy and social,9
4800,I feel sad without any clear reason,Appears emotionally distant,5
4801,I feel fine and stable,Appears emotionally distant,4
4802,I feel emotionally numb,Appears emotionally distant,3
4803,I feel tired and hopeless,He avoids family and sleeps a lot,1
4804,I feel calm and normal,He avoids family and sleeps a lot,5
4805,I feel tired and hopeless,He avoids family and sleeps a lot,8
4806,I feel fine and stable,Mood fluctuates frequently,9
4807,I feel stressed and overwhelmed,Behavior appears normal,5
4808,I feel calm and normal,Mood fluctuates frequently,4
4809,I feel sad without any clear reason,Shows signs of irritability,2
4810,I feel calm and normal,Seems happy and social,9
4811,I feel anxious most of the day,Appears emotionally distant,9
4812,I feel motivated and energetic,He avoids family and sleeps a lot,8
4813,I feel sad without any clear reason,She seems withdrawn and quiet,8
4814,I feel emotionally numb,He avoids family and sleeps a lot,6
4815,I feel calm and normal,Shows signs of irritability,2
4816,I feel sad without any clear reason,Behavior appears normal,1
4817,I feel calm and normal,No major change noticed,9
4818,I feel motivated and energetic,Appears emotionally distant,5
4819,I feel motivated and energetic,Shows signs of irritability,9
4820,I feel anxious most of the day,He avoids family and sleeps a lot,1
4821,I feel sad without any clear reason,She seems withdrawn and quiet,4
4822,I feel sad without any clear reason,She seems withdrawn and quiet,10
4823,I feel anxious most of the day,She seems withdrawn and quiet,5
4824,I feel calm and normal,Behavior appears normal,6
4825,I feel sad without any clear reason,Mood fluctuates frequently,7
4826,I feel fine and stable,Mood fluctuates frequently,5
4827,I feel fine and stable,Seems happy and social,5
4828,I feel emotionally numb,Shows signs of irritability,5
4829,I feel motivated and energetic,Often prefers to stay alone,3
4830,I feel fine and stable,Mood fluctuates frequently,8
4831,I feel tired and hopeless,Shows signs of irritability,1
4832,I feel stressed and overwhelmed,Behavior appears normal,1
4833,I feel tired and hopeless,Behavior appears normal,7
4834,I feel calm and normal,Seems happy and social,7
4835,I feel motivated and energetic,No major change noticed,6
4836,I feel calm and normal,Appears emotionally distant,5
4837,I feel disconnected from people,Appears emotionally distant,5
4838,I feel disconnected from people,No major change noticed,3
4839,I feel emotionally numb,She seems withdrawn and quiet,2
4840,I feel worried about everything,Actively interacts with family,10
4841,I feel tired and hopeless,Shows signs of irritability,7
4842,I feel worried about everything,She seems withdrawn and quiet,5
4843,I feel sad without any clear reason,No major change noticed,3
4844,I feel disconnected from people,Mood fluctuates frequently,3
4845,I feel tired and hopeless,Mood fluctuates frequently,1
4846,I feel calm and normal,Shows signs of irritability,3
4847,I feel disconnected from people,Actively interacts with family,1
4848,I feel worried about everything,Shows signs of irritability,1
4849,I feel motivated and energetic,Actively interacts with family,1
4850,I feel stressed and overwhelmed,Shows signs of irritability,2
4851,I feel emotionally numb,She seems withdrawn and quiet,4
4852,I feel disconnected from people,Often prefers to stay alone,10
4853,I feel motivated and energetic,Behavior appears normal,5
4854,I feel tired and hopeless,She seems withdrawn and quiet,4
4855,I feel disconnected from people,Often prefers to stay alone,9
4856,I feel emotionally numb,She seems withdrawn and quiet,10
4857,I feel disconnected from people,Seems happy and social,10
4858,I feel emotionally numb,Mood fluctuates frequently,10
4859,I feel anxious most of the day,Shows signs of irritability,5
4860,I feel worried about everything,Mood fluctuates frequently,2
4861,I feel fine and stable,Mood fluctuates frequently,6
4862,I feel disconnected from people,She seems withdrawn and quiet,4
4863,I feel emotionally numb,Actively interacts with family,7
4864,I feel fine and stable,Often prefers to stay alone,7
4865,I feel motivated and energetic,Seems happy and social,7
4866,I feel disconnected from people,Behavior appears normal,9
4867,I feel stressed and overwhelmed,She seems withdrawn and quiet,7
4868,I feel calm and normal,Shows signs of irritability,5
4869,I feel anxious most of the day,Shows signs of irritability,1
4870,I feel anxious most of the day,Seems happy and social,7
4871,I feel emotionally numb,Often prefers to stay alone,10
4872,I feel tired and hopeless,She seems withdrawn and quiet,8
4873,I feel tired and hopeless,She seems withdrawn and quiet,6
4874,I feel disconnected from people,Appears emotionally distant,6
4875,I feel tired and hopeless,Often prefers to stay alone,2
4876,I feel calm and normal,Often prefers to stay alone,2
4877,I feel emotionally numb,She seems withdrawn and quiet,2
4878,I feel worried about everything,No major change noticed,4
4879,I feel calm and normal,Shows signs of irritability,4
4880,I feel worried about everything,Shows signs of irritability,1
4881,I feel emotionally numb,Often prefers to stay alone,3
4882,I feel worried about everything,Often prefers to stay alone,3
4883,I feel sad without any clear reason,Appears emotionally distant,8
4884,I feel sad without any clear reason,He avoids family and sleeps a lot,2
4885,I feel calm and normal,Mood fluctuates frequently,9
4886,I feel sad without any clear reason,Appears emotionally distant,1
4887,I feel emotionally numb,He avoids family and sleeps a lot,3
4888,I feel tired and hopeless,Mood fluctuates frequently,3
4889,I feel calm and normal,She seems withdrawn and quiet,4
4890,I feel sad without any clear reason,Mood fluctuates frequently,1
4891,I feel motivated and energetic,He avoids family and sleeps a lot,4
4892,I feel sad without any clear reason,Shows signs of irritability,8
4893,I feel worried about everything,Often prefers to stay alone,10
4894,I feel calm and normal,Shows signs of irritability,5
4895,I feel fine and stable,Appears emotionally distant,4
4896,I feel disconnected from people,Often prefers to stay alone,4
4897,I feel anxious most of the day,He avoids family and sleeps a lot,3
4898,I feel worried about everything,Mood fluctuates frequently,7
4899,I feel tired and hopeless,Behavior appears normal,6
4900,I feel fine and stable,Appears emotionally distant,6
4901,I feel motivated and energetic,Behavior appears normal,7
4902,I feel calm and normal,Mood fluctuates frequently,7
4903,I feel calm and normal,Seems happy and social,10
4904,I feel calm and normal,Behavior appears normal,7
4905,I feel emotionally numb,Seems happy and social,1
4906,I feel tired and hopeless,Often prefers to stay alone,10
4907,I feel sad without any clear reason,He avoids family and sleeps a lot,8
4908,I feel worried about everything,She seems withdrawn and quiet,1
4909,I feel emotionally numb,Shows signs of irritability,4
4910,I feel anxious most of the day,He avoids family and sleeps a lot,4
4911,I feel anxious most of the day,He avoids family and sleeps a lot,10
4912,I feel disconnected from people,Seems happy and social,3
4913,I feel tired and hopeless,Often prefers to stay alone,2
4914,I feel fine and stable,No major change noticed,5
4915,I feel anxious most of the day,Shows signs of irritability,3
4916,I feel emotionally numb,Shows signs of irritability,7
4917,I feel motivated and energetic,Actively interacts with family,4
4918,I feel disconnected from people,Shows signs of irritability,10
4919,I feel anxious most of the day,She seems withdrawn and quiet,2
4920,I feel worried about everything,Appears emotionally distant,5
4921,I feel anxious most of the day,Behavior appears normal,2
4922,I feel motivated and energetic,Appears emotionally distant,10
4923,I feel disconnected from people,Mood fluctuates frequently,4
4924,I feel anxious most of the day,Actively interacts with family,5
4925,I feel motivated and energetic,Seems happy and social,6
4926,I feel emotionally numb,Often prefers to stay alone,9
4927,I feel tired and hopeless,Behavior appears normal,9
4928,I feel worried about everything,Seems happy and social,3
4929,I feel sad without any clear reason,She seems withdrawn and quiet,7
4930,I feel stressed and overwhelmed,Shows signs of irritability,8
4931,I feel disconnected from people,She seems withdrawn and quiet,4
4932,I feel motivated and energetic,Behavior appears normal,7
4933,I feel motivated and energetic,Seems happy and social,3
4934,I feel calm and normal,He avoids family and sleeps a lot,8
4935,I feel worried about everything,Behavior appears normal,5
4936,I feel disconnected from people,Often prefers to stay alone,2
4937,I feel stressed and overwhelmed,Appears emotionally distant,9
4938,I feel motivated and energetic,Often prefers to stay alone,6
4939,I feel sad without any clear reason,He avoids family and sleeps a lot,3
4940,I feel tired and hopeless,Actively interacts with family,10
4941,I feel emotionally numb,Seems happy and social,10
4942,I feel anxious most of the day,Mood fluctuates frequently,2
4943,I feel sad without any clear reason,No major change noticed,1
4944,I feel tired and hopeless,He avoids family and sleeps a lot,8
4945,I feel anxious most of the day,Mood fluctuates frequently,4
4946,I feel sad without any clear reason,No major change noticed,10
4947,I feel worried about everything,Mood fluctuates frequently,10
4948,I feel disconnected from people,Often prefers to stay alone,6
4949,I feel emotionally numb,Often prefers to stay alone,10
4950,I feel disconnected from people,He avoids family and sleeps a lot,8
4951,I feel fine and stable,Seems happy and social,1
4952,I feel worried about everything,No major change noticed,4
4953,I feel tired and hopeless,Seems happy and social,6
4954,I feel fine and stable,No major change noticed,3
4955,I feel stressed and overwhelmed,He avoids family and sleeps a lot,2
4956,I feel tired and hopeless,Behavior appears normal,8
4957,I feel calm and normal,Behavior appears normal,3
4958,I feel stressed and overwhelmed,Actively interacts with family,1
4959,I feel disconnected from people,She seems withdrawn and quiet,1
4960,I feel stressed and overwhelmed,Shows signs of irritability,9
4961,I feel anxious most of the day,Behavior appears normal,2
4962,I feel stressed and overwhelmed,Shows signs of irritability,2
4963,I feel sad without any clear reason,Shows signs of irritability,8
4964,I feel emotionally numb,Shows signs of irritability,1
4965,I feel stressed and overwhelmed,She seems withdrawn and quiet,7
4966,I feel sad without any clear reason,No major change noticed,6
4967,I feel fine and stable,He avoids family and sleeps a lot,6
4968,I feel fine and stable,Seems happy and social,3
4969,I feel disconnected from people,He avoids family and sleeps a lot,1
4970,I feel fine and stable,Seems happy and social,8
4971,I feel anxious most of the day,Appears emotionally distant,1
4972,I feel worried about everything,Appears emotionally distant,9
4973,I feel motivated and energetic,Appears emotionally distant,4
4974,I feel motivated and energetic,Appears emotionally distant,2
4975,I feel tired and hopeless,Seems happy and social,5
4976,I feel fine and stable,Seems happy and social,7
4977,I feel disconnected from people,He avoids family and sleeps a lot,2
4978,I feel calm and normal,Appears emotionally distant,4
4979,I feel emotionally numb,Appears emotionally distant,9
4980,I feel fine and stable,Shows signs of irritability,10
4981,I feel fine and stable,No major change noticed,8
4982,I feel stressed and overwhelmed,He avoids family and sleeps a lot,10
4983,I feel emotionally numb,Actively interacts with family,9
4984,I feel sad without any clear reason,Appears emotionally distant,3
4985,I feel anxious most of the day,Shows signs of irritability,5
4986,I feel fine and stable,She seems withdrawn and quiet,4
4987,I feel tired and hopeless,Mood fluctuates frequently,4
4988,I feel motivated and energetic,Shows signs of irritability,6
4989,I feel worried about everything,Shows signs of irritability,1
4990,I feel fine and stable,Seems happy and social,3
4991,I feel worried about everything,Often prefers to stay alone,7
4992,I feel fine and stable,No major change noticed,6
4993,I feel tired and hopeless,She seems withdrawn and quiet,8
4994,I feel calm and normal,Actively interacts with family,5
4995,I feel disconnected from people,Behavior appears normal,1
4996,I feel fine and stable,Mood fluctuates frequently,9
4997,I feel stressed and overwhelmed,He avoids family and sleeps a lot,1
4998,I feel disconnected from people,He avoids family and sleeps a lot,10
4999,I feel calm and normal,She seems withdrawn and quiet,3
5000,I feel worried about everything,Behavior appears normal,6
5001,I feel stressed and overwhelmed,Actively interacts with family,9
5002,I feel anxious most of the day,He avoids family and sleeps a lot,10
5003,I feel emotionally numb,Shows signs of irritability,9
5004,I feel fine and stable,Appears emotionally distant,6
5005,I feel fine and stable,Actively interacts with family,6
5006,I feel tired and hopeless,Appears emotionally distant,7
5007,I feel fine and stable,Seems happy and social,1
5008,I feel emotionally numb,Appears emotionally distant,2
5009,I feel motivated and energetic,Appears emotionally distant,6
5010,I feel worried about everything,She seems withdrawn and quiet,3
5011,I feel calm and normal,Actively interacts with family,8
5012,I feel tired and hopeless,No major change noticed,7
5013,I feel tired and hopeless,Actively interacts with family,4
5014,I feel calm and normal,Often prefers to stay alone,9
5015,I feel calm and normal,Shows signs of irritability,2
5016,I feel disconnected from people,She seems withdrawn and quiet,9
5017,I feel disconnected from people,Mood fluctuates frequently,5
5018,I feel anxious most of the day,Shows signs of irritability,9
5019,I feel worried about everything,Seems happy and social,1
5020,I feel disconnected from people,She seems withdrawn and quiet,4
5021,I feel stressed and overwhelmed,Mood fluctuates frequently,10
5022,I feel fine and stable,He avoids family and sleeps a lot,3
5023,I feel calm and normal,Mood fluctuates frequently,3
5024,I feel worried about everything,Seems happy and social,5
5025,I feel emotionally numb,No major change noticed,2
5026,I feel tired and hopeless,Shows signs of irritability,5
5027,I feel tired and hopeless,Seems happy and social,8
5028,I feel tired and hopeless,Mood fluctuates frequently,5
5029,I feel emotionally numb,No major change noticed,8
5030,I feel calm and normal,Appears emotionally distant,6
5031,I feel tired and hopeless,Shows signs of irritability,4
5032,I feel sad without any clear reason,Actively interacts with family,8
5033,I feel calm and normal,She seems withdrawn and quiet,2
5034,I feel motivated and energetic,Actively interacts with family,8
5035,I feel fine and stable,Behavior appears normal,2
5036,I feel motivated and energetic,Often prefers to stay alone,10
5037,I feel anxious most of the day,Behavior appears normal,4
5038,I feel calm and normal,Seems happy and social,5
5039,I feel emotionally numb,Often prefers to stay alone,9
5040,I feel stressed and overwhelmed,Behavior appears normal,10
5041,I feel motivated and energetic,Often prefers to stay alone,5
5042,I feel stressed and overwhelmed,No major change noticed,2
5043,I feel emotionally numb,No major change noticed,9
5044,I feel motivated and energetic,Appears emotionally distant,1
5045,I feel stressed and overwhelmed,Shows signs of irritability,3
5046,I feel motivated and energetic,Shows signs of irritability,10
5047,I feel calm and normal,No major change noticed,8
5048,I feel fine and stable,Behavior appears normal,10
5049,I feel stressed and overwhelmed,Often prefers to stay alone,1
5050,I feel worried about everything,Often prefers to stay alone,6
5051,I feel disconnected from people,He avoids family and sleeps a lot,1
5052,I feel emotionally numb,Seems happy and social,9
5053,I feel sad without any clear reason,He avoids family and sleeps a lot,9
5054,I feel emotionally numb,Shows signs of irritability,8
5055,I feel emotionally numb,Behavior appears normal,4
5056,I feel fine and stable,Behavior appears normal,3
5057,I feel worried about everything,Shows signs of irritability,1
5058,I feel worried about everything,Often prefers to stay alone,1
5059,I feel fine and stable,No major change noticed,5
5060,I feel tired and hopeless,Often prefers to stay alone,5
5061,I feel emotionally numb,Appears emotionally distant,2
5062,I feel motivated and energetic,Seems happy and social,1
5063,I feel calm and normal,Seems happy and social,5
5064,I feel disconnected from people,Appears emotionally distant,1
5065,I feel disconnected from people,Often prefers to stay alone,5
5066,I feel motivated and energetic,Shows signs of irritability,1
5067,I feel fine and stable,He avoids family and sleeps a lot,4
5068,I feel stressed and overwhelmed,No major change noticed,5
5069,I feel anxious most of the day,Mood fluctuates frequently,4
5070,I feel disconnected from people,Behavior appears normal,8
5071,I feel stressed and overwhelmed,He avoids family and sleeps a lot,5
5072,I feel calm and normal,No major change noticed,8
5073,I feel calm and normal,He avoids family and sleeps a lot,9
5074,I feel fine and stable,Mood fluctuates frequently,5
5075,I feel tired and hopeless,She seems withdrawn and quiet,2
5076,I feel motivated and energetic,She seems withdrawn and quiet,2
5077,I feel worried about everything,Behavior appears normal,10
5078,I feel calm and normal,No major change noticed,6
5079,I feel disconnected from people,She seems withdrawn and quiet,3
5080,I feel motivated and energetic,Actively interacts with family,2
5081,I feel anxious most of the day,He avoids family and sleeps a lot,10
5082,I feel tired and hopeless,Often prefers to stay alone,10
5083,I feel calm and normal,Seems happy and social,4
5084,I feel sad without any clear reason,Seems happy and social,9
5085,I feel disconnected from people,Seems happy and social,9
5086,I feel fine and stable,Seems happy and social,10
5087,I feel calm and normal,Often prefers to stay alone,1
5088,I feel tired and hopeless,Often prefers to stay alone,1
5089,I feel calm and normal,Often prefers to stay alone,2
5090,I feel stressed and overwhelmed,Shows signs of irritability,10
5091,I feel stressed and overwhelmed,Often prefers to stay alone,2
5092,I feel stressed and overwhelmed,No major change noticed,7
5093,I feel motivated and energetic,Behavior appears normal,5
5094,I feel disconnected from people,Often prefers to stay alone,1
5095,I feel disconnected from people,Behavior appears normal,2
5096,I feel tired and hopeless,Mood fluctuates frequently,10
5097,I feel anxious most of the day,Mood fluctuates frequently,6
5098,I feel disconnected from people,Appears emotionally distant,5
5099,I feel motivated and energetic,Behavior appears normal,5
5100,I feel calm and normal,She seems withdrawn and quiet,4
5101,I feel fine and stable,No major change noticed,4
5102,I feel worried about everything,Actively interacts with family,6
5103,I feel motivated and energetic,No major change noticed,2
5104,I feel motivated and energetic,Often prefers to stay alone,1
5105,I feel anxious most of the day,Actively interacts with family,6
5106,I feel emotionally numb,Actively interacts with family,5
5107,I feel emotionally numb,She seems withdrawn and quiet,4
5108,I feel anxious most of the day,Shows signs of irritability,8
5109,I feel calm and normal,He avoids family and sleeps a lot,5
5110,I feel tired and hopeless,Actively interacts with family,4
5111,I feel worried about everything,Appears emotionally distant,9
5112,I feel emotionally numb,He avoids family and sleeps a lot,9
5113,I feel motivated and energetic,Mood fluctuates frequently,7
5114,I feel worried about everything,Appears emotionally distant,8
5115,I feel calm and normal,Often prefers to stay alone,8
5116,I feel anxious most of the day,Mood fluctuates frequently,2
5117,I feel calm and normal,Often prefers to stay alone,3
5118,I feel anxious most of the day,She seems withdrawn and quiet,10
5119,I feel sad without any clear reason,No major change noticed,9
5120,I feel anxious most of the day,Often prefers to stay alone,4
5121,I feel worried about everything,Mood fluctuates frequently,3
5122,I feel disconnected from people,Appears emotionally distant,10
5123,I feel tired and hopeless,Shows signs of irritability,7
5124,I feel anxious most of the day,Behavior appears normal,8
5125,I feel tired and hopeless,Actively interacts with family,3
5126,I feel calm and normal,Often prefers to stay alone,1
5127,I feel fine and stable,Often prefers to stay alone,3
5128,I feel stressed and overwhelmed,Appears emotionally distant,10
5129,I feel disconnected from people,Seems happy and social,2
5130,I feel calm and normal,Actively interacts with family,3
5131,I feel fine and stable,Appears emotionally distant,7
5132,I feel worried about everything,Actively interacts with family,3
5133,I feel sad without any clear reason,Mood fluctuates frequently,2
5134,I feel anxious most of the day,He avoids family and sleeps a lot,9
5135,I feel fine and stable,Shows signs of irritability,9
5136,I feel motivated and energetic,Mood fluctuates frequently,3
5137,I feel tired and hopeless,Appears emotionally distant,4
5138,I feel worried about everything,Actively interacts with family,1
5139,I feel tired and hopeless,Seems happy and social,5
5140,I feel emotionally numb,No major change noticed,10
5141,I feel calm and normal,He avoids family and sleeps a lot,7
5142,I feel anxious most of the day,Often prefers to stay alone,6
5143,I feel emotionally numb,He avoids family and sleeps a lot,1
5144,I feel fine and stable,Mood fluctuates frequently,8
5145,I feel emotionally numb,She seems withdrawn and quiet,7
5146,I feel tired and hopeless,He avoids family and sleeps a lot,6
5147,I feel calm and normal,No major change noticed,1
5148,I feel calm and normal,Appears emotionally distant,2
5149,I feel anxious most of the day,Behavior appears normal,4
5150,I feel stressed and overwhelmed,Appears emotionally distant,3
5151,I feel worried about everything,Seems happy and social,6
5152,I feel disconnected from people,She seems withdrawn and quiet,10
5153,I feel motivated and energetic,Seems happy and social,8
5154,I feel calm and normal,Behavior appears normal,5
5155,I feel anxious most of the day,Seems happy and social,3
5156,I feel calm and normal,Seems happy and social,4
5157,I feel motivated and energetic,Seems happy and social,7
5158,I feel worried about everything,Appears emotionally distant,6
5159,I feel tired and hopeless,Often prefers to stay alone,7
5160,I feel anxious most of the day,Seems happy and social,2
5161,I feel tired and hopeless,He avoids family and sleeps a lot,9
5162,I feel calm and normal,Actively interacts with family,1
5163,I feel stressed and overwhelmed,Mood fluctuates frequently,8
5164,I feel anxious most of the day,She seems withdrawn and quiet,2
5165,I feel disconnected from people,No major change noticed,1
5166,I feel disconnected from people,Shows signs of irritability,1
5167,I feel tired and hopeless,Often prefers to stay alone,5
5168,I feel worried about everything,Mood fluctuates frequently,9
5169,I feel emotionally numb,Mood fluctuates frequently,3
5170,I feel emotionally numb,Appears emotionally distant,6
5171,I feel worried about everything,Mood fluctuates frequently,6
5172,I feel sad without any clear reason,Mood fluctuates frequently,2
5173,I feel calm and normal,Shows signs of irritability,6
5174,I feel anxious most of the day,Actively interacts with family,2
5175,I feel disconnected from people,Seems happy and social,8
5176,I feel tired and hopeless,Shows signs of irritability,4
5177,I feel tired and hopeless,Mood fluctuates frequently,6
5178,I feel disconnected from people,Actively interacts with family,8
5179,I feel anxious most of the day,Seems happy and social,6
5180,I feel tired and hopeless,No major change noticed,1
5181,I feel stressed and overwhelmed,Appears emotionally distant,3
5182,I feel tired and hopeless,Often prefers to stay alone,2
5183,I feel stressed and overwhelmed,No major change noticed,1
5184,I feel disconnected from people,She seems withdrawn and quiet,10
5185,I feel stressed and overwhelmed,Mood fluctuates frequently,9
5186,I feel emotionally numb,Shows signs of irritability,6
5187,I feel motivated and energetic,Behavior appears normal,9
5188,I feel calm and normal,He avoids family and sleeps a lot,3
5189,I feel sad without any clear reason,Appears emotionally distant,8
5190,I feel emotionally numb,Mood fluctuates frequently,4
5191,I feel sad without any clear reason,Often prefers to stay alone,2
5192,I feel stressed and overwhelmed,Often prefers to stay alone,9
5193,I feel worried about everything,He avoids family and sleeps a lot,5
5194,I feel worried about everything,Actively interacts with family,10
5195,I feel fine and stable,Seems happy and social,4
5196,I feel sad without any clear reason,Seems happy and social,7
5197,I feel stressed and overwhelmed,Often prefers to stay alone,1
5198,I feel worried about everything,No major change noticed,2
5199,I feel sad without any clear reason,Often prefers to stay alone,3
5200,I feel fine and stable,She seems withdrawn and quiet,4
5201,I feel emotionally numb,Often prefers to stay alone,1
5202,I feel worried about everything,Mood fluctuates frequently,8
5203,I feel sad without any clear reason,Actively interacts with family,2
5204,I feel emotionally numb,She seems withdrawn and quiet,6
5205,I feel disconnected from people,Mood fluctuates frequently,2
5206,I feel sad without any clear reason,Behavior appears normal,3
5207,I feel motivated and energetic,Seems happy and social,10
5208,I feel fine and stable,Mood fluctuates frequently,1
5209,I feel worried about everything,Seems happy and social,3
5210,I feel anxious most of the day,Shows signs of irritability,2
5211,I feel anxious most of the day,He avoids family and sleeps a lot,8
5212,I feel tired and hopeless,Actively interacts with family,9
5213,I feel anxious most of the day,Mood fluctuates frequently,7
5214,I feel sad without any clear reason,He avoids family and sleeps a lot,4
5215,I feel emotionally numb,She seems withdrawn and quiet,1
5216,I feel motivated and energetic,Behavior appears normal,5
5217,I feel stressed and overwhelmed,Shows signs of irritability,5
5218,I feel fine and stable,Seems happy and social,7
5219,I feel stressed and overwhelmed,Mood fluctuates frequently,1
5220,I feel worried about everything,Shows signs of irritability,7
5221,I feel anxious most of the day,Appears emotionally distant,2
5222,I feel worried about everything,He avoids family and sleeps a lot,5
5223,I feel emotionally numb,She seems withdrawn and quiet,2
5224,I feel fine and stable,Shows signs of irritability,8
5225,I feel fine and stable,Mood fluctuates frequently,3
5226,I feel calm and normal,Actively interacts with family,9
5227,I feel emotionally numb,Behavior appears normal,4
5228,I feel stressed and overwhelmed,Behavior appears normal,10
5229,I feel calm and normal,Often prefers to stay alone,6
5230,I feel fine and stable,No major change noticed,10
5231,I feel motivated and energetic,He avoids family and sleeps a lot,8
5232,I feel anxious most of the day,He avoids family and sleeps a lot,4
5233,I feel calm and normal,He avoids family and sleeps a lot,8
5234,I feel stressed and overwhelmed,He avoids family and sleeps a lot,9
5235,I feel worried about everything,He avoids family and sleeps a lot,9
5236,I feel fine and stable,Often prefers to stay alone,5
5237,I feel stressed and overwhelmed,Appears emotionally distant,10
5238,I feel sad without any clear reason,Seems happy and social,7
5239,I feel sad without any clear reason,Seems happy and social,6
5240,I feel disconnected from people,Often prefers to stay alone,5
5241,I feel emotionally numb,Behavior appears normal,5
5242,I feel fine and stable,She seems withdrawn and quiet,5
5243,I feel tired and hopeless,No major change noticed,5
5244,I feel worried about everything,Seems happy and social,8
5245,I feel fine and stable,Seems happy and social,6
5246,I feel disconnected from people,Seems happy and social,8
5247,I feel calm and normal,Behavior appears normal,7
5248,I feel disconnected from people,She seems withdrawn and quiet,6
5249,I feel motivated and energetic,Often prefers to stay alone,1
5250,I feel disconnected from people,Shows signs of irritability,4
5251,I feel calm and normal,Mood fluctuates frequently,7
5252,I feel motivated and energetic,She seems withdrawn and quiet,3
5253,I feel fine and stable,Actively interacts with family,1
5254,I feel emotionally numb,Actively interacts with family,9
5255,I feel disconnected from people,Mood fluctuates frequently,9
5256,I feel disconnected from people,Actively interacts with family,3
5257,I feel anxious most of the day,Behavior appears normal,10
5258,I feel worried about everything,Often prefers to stay alone,4
5259,I feel emotionally numb,Often prefers to stay alone,6
5260,I feel worried about everything,She seems withdrawn and quiet,4
5261,I feel anxious most of the day,She seems withdrawn and quiet,7
5262,I feel sad without any clear reason,Shows signs of irritability,1
5263,I feel motivated and energetic,Behavior appears normal,1
5264,I feel emotionally numb,Shows signs of irritability,3
5265,I feel sad without any clear reason,Shows signs of irritability,1
5266,I feel worried about everything,Often prefers to stay alone,5
5267,I feel fine and stable,No major change noticed,4
5268,I feel fine and stable,Appears emotionally distant,3
5269,I feel emotionally numb,Behavior appears normal,6
5270,I feel motivated and energetic,Actively interacts with family,2
5271,I feel emotionally numb,Mood fluctuates frequently,1
5272,I feel anxious most of the day,Actively interacts with family,9
5273,I feel disconnected from people,Seems happy and social,6
5274,I feel fine and stable,Actively interacts with family,10
5275,I feel motivated and energetic,She seems withdrawn and quiet,8
5276,I feel motivated and energetic,Mood fluctuates frequently,9
5277,I feel emotionally numb,He avoids family and sleeps a lot,3
5278,I feel emotionally numb,Seems happy and social,4
5279,I feel fine and stable,Often prefers to stay alone,6
5280,I feel fine and stable,Appears emotionally distant,6
5281,I feel calm and normal,Seems happy and social,9
5282,I feel disconnected from people,Behavior appears normal,10
5283,I feel disconnected from people,Often prefers to stay alone,1
5284,I feel stressed and overwhelmed,Appears emotionally distant,4
5285,I feel disconnected from people,He avoids family and sleeps a lot,7
5286,I feel fine and stable,Behavior appears normal,3
5287,I feel sad without any clear reason,She seems withdrawn and quiet,6
5288,I feel tired and hopeless,Behavior appears normal,1
5289,I feel worried about everything,Seems happy and social,3
5290,I feel motivated and energetic,Appears emotionally distant,1
5291,I feel fine and stable,Seems happy and social,5
5292,I feel stressed and overwhelmed,No major change noticed,4
5293,I feel emotionally numb,She seems withdrawn and quiet,8
5294,I feel anxious most of the day,Appears emotionally distant,1
5295,I feel fine and stable,Often prefers to stay alone,3
5296,I feel calm and normal,Appears emotionally distant,3
5297,I feel sad without any clear reason,No major change noticed,3
5298,I feel stressed and overwhelmed,Seems happy and social,3
5299,I feel emotionally numb,Appears emotionally distant,5
5300,I feel motivated and energetic,Mood fluctuates frequently,9
5301,I feel tired and hopeless,Actively interacts with family,3
5302,I feel disconnected from people,Shows signs of irritability,5
5303,I feel worried about everything,She seems withdrawn and quiet,1
5304,I feel motivated and energetic,No major change noticed,10
5305,I feel emotionally numb,No major change noticed,9
5306,I feel worried about everything,Actively interacts with family,8
5307,I feel fine and stable,He avoids family and sleeps a lot,2
5308,I feel calm and normal,Actively interacts with family,6
5309,I feel sad without any clear reason,Often prefers to stay alone,6
5310,I feel anxious most of the day,He avoids family and sleeps a lot,1
5311,I feel sad without any clear reason,Often prefers to stay alone,3
5312,I feel tired and hopeless,Seems happy and social,6
5313,I feel motivated and energetic,Appears emotionally distant,4
5314,I feel disconnected from people,Actively interacts with family,4
5315,I feel tired and hopeless,Actively interacts with family,4
5316,I feel disconnected from people,Behavior appears normal,6
5317,I feel emotionally numb,Behavior appears normal,9
5318,I feel calm and normal,Mood fluctuates frequently,9
5319,I feel emotionally numb,She seems withdrawn and quiet,7
5320,I feel tired and hopeless,She seems withdrawn and quiet,3
5321,I feel sad without any clear reason,He avoids family and sleeps a lot,1
5322,I feel fine and stable,Seems happy and social,8
5323,I feel calm and normal,She seems withdrawn and quiet,7
5324,I feel disconnected from people,Seems happy and social,7
5325,I feel worried about everything,He avoids family and sleeps a lot,7
5326,I feel anxious most of the day,Behavior appears normal,6
5327,I feel anxious most of the day,Mood fluctuates frequently,9
5328,I feel sad without any clear reason,Actively interacts with family,1
5329,I feel tired and hopeless,Seems happy and social,9
5330,I feel calm and normal,Seems happy and social,10
5331,I feel tired and hopeless,Often prefers to stay alone,9
5332,I feel fine and stable,Actively interacts with family,6
5333,I feel stressed and overwhelmed,Shows signs of irritability,6
5334,I feel fine and stable,He avoids family and sleeps a lot,1
5335,I feel tired and hopeless,She seems withdrawn and quiet,8
5336,I feel anxious most of the day,Actively interacts with family,1
5337,I feel tired and hopeless,Shows signs of irritability,2
5338,I feel disconnected from people,Mood fluctuates frequently,4
5339,I feel calm and normal,No major change noticed,4
5340,I feel disconnected from people,Appears emotionally distant,6
5341,I feel calm and normal,Shows signs of irritability,3
5342,I feel fine and stable,No major change noticed,3
5343,I feel motivated and energetic,No major change noticed,1
5344,I feel tired and hopeless,He avoids family and sleeps a lot,10
5345,I feel worried about everything,Often prefers to stay alone,1
5346,I feel fine and stable,Appears emotionally distant,5
5347,I feel emotionally numb,Behavior appears normal,6
5348,I feel disconnected from people,He avoids family and sleeps a lot,2
5349,I feel fine and stable,Behavior appears normal,10
5350,I feel motivated and energetic,Behavior appears normal,2
5351,I feel fine and stable,Mood fluctuates frequently,1
5352,I feel fine and stable,No major change noticed,2
5353,I feel anxious most of the day,Shows signs of irritability,1
5354,I feel sad without any clear reason,Behavior appears normal,7
5355,I feel motivated and energetic,No major change noticed,6
5356,I feel worried about everything,Seems happy and social,10
5357,I feel stressed and overwhelmed,Shows signs of irritability,5
5358,I feel motivated and energetic,No major change noticed,7
5359,I feel tired and hopeless,Shows signs of irritability,5
5360,I feel motivated and energetic,Behavior appears normal,4
5361,I feel motivated and energetic,He avoids family and sleeps a lot,10
5362,I feel tired and hopeless,Often prefers to stay alone,4
5363,I feel fine and stable,Seems happy and social,6
5364,I feel sad without any clear reason,Seems happy and social,4
5365,I feel anxious most of the day,No major change noticed,3
5366,I feel fine and stable,Actively interacts with family,8
5367,I feel anxious most of the day,Mood fluctuates frequently,4
5368,I feel motivated and energetic,No major change noticed,8
5369,I feel motivated and energetic,She seems withdrawn and quiet,9
5370,I feel stressed and overwhelmed,He avoids family and sleeps a lot,2
5371,I feel worried about everything,Appears emotionally distant,3
5372,I feel worried about everything,Appears emotionally distant,3
5373,I feel motivated and energetic,Behavior appears normal,9
5374,I feel emotionally numb,Behavior appears normal,5
5375,I feel motivated and energetic,Often prefers to stay alone,6
5376,I feel anxious most of the day,Shows signs of irritability,10
5377,I feel calm and normal,Often prefers to stay alone,5
5378,I feel stressed and overwhelmed,Often prefers to stay alone,4
5379,I feel stressed and overwhelmed,Behavior appears normal,8
5380,I feel tired and hopeless,No major change noticed,7
5381,I feel fine and stable,He avoids family and sleeps a lot,1
5382,I feel fine and stable,She seems withdrawn and quiet,9
5383,I feel anxious most of the day,Mood fluctuates frequently,2
5384,I feel tired and hopeless,Seems happy and social,4
5385,I feel stressed and overwhelmed,Mood fluctuates frequently,7
5386,I feel motivated and energetic,He avoids family and sleeps a lot,5
5387,I feel stressed and overwhelmed,Often prefers to stay alone,1
5388,I feel emotionally numb,Actively interacts with family,10
5389,I feel tired and hopeless,Appears emotionally distant,8
5390,I feel tired and hopeless,Often prefers to stay alone,3
5391,I feel fine and stable,Mood fluctuates frequently,1
5392,I feel disconnected from people,He avoids family and sleeps a lot,9
5393,I feel disconnected from people,She seems withdrawn and quiet,10
5394,I feel worried about everything,Actively interacts with family,6
5395,I feel stressed and overwhelmed,Mood fluctuates frequently,6
5396,I feel motivated and energetic,Often prefers to stay alone,8
5397,I feel emotionally numb,Shows signs of irritability,6
5398,I feel sad without any clear reason,No major change noticed,6
5399,I feel stressed and overwhelmed,Behavior appears normal,1
5400,I feel tired and hopeless,She seems withdrawn and quiet,4
5401,I feel tired and hopeless,Appears emotionally distant,4
5402,I feel stressed and overwhelmed,Appears emotionally distant,3
5403,I feel fine and stable,Behavior appears normal,6
5404,I feel fine and stable,Appears emotionally distant,2
5405,I feel sad without any clear reason,Often prefers to stay alone,6
5406,I feel sad without any clear reason,Seems happy and social,5
5407,I feel tired and hopeless,Appears emotionally distant,1
5408,I feel sad without any clear reason,She seems withdrawn and quiet,4
5409,I feel stressed and overwhelmed,Seems happy and social,6
5410,I feel worried about everything,Seems happy and social,6
5411,I feel fine and stable,He avoids family and sleeps a lot,10
5412,I feel sad without any clear reason,Mood fluctuates frequently,5
5413,I feel anxious most of the day,Appears emotionally distant,6
5414,I feel anxious most of the day,He avoids family and sleeps a lot,5
5415,I feel stressed and overwhelmed,Often prefers to stay alone,8
5416,I feel fine and stable,Shows signs of irritability,7
5417,I feel calm and normal,Behavior appears normal,10
5418,I feel emotionally numb,Seems happy and social,4
5419,I feel sad without any clear reason,Actively interacts with family,10
5420,I feel emotionally numb,He avoids family and sleeps a lot,10
5421,I feel tired and hopeless,Mood fluctuates frequently,6
5422,I feel motivated and energetic,Actively interacts with family,10
5423,I feel stressed and overwhelmed,Often prefers to stay alone,4
5424,I feel sad without any clear reason,She seems withdrawn and quiet,7
5425,I feel sad without any clear reason,He avoids family and sleeps a lot,5
5426,I feel motivated and energetic,He avoids family and sleeps a lot,1
5427,I feel fine and stable,Actively interacts with family,8
5428,I feel worried about everything,Seems happy and social,3
5429,I feel calm and normal,No major change noticed,4
5430,I feel fine and stable,Shows signs of irritability,10
5431,I feel disconnected from people,Shows signs of irritability,8
5432,I feel emotionally numb,Behavior appears normal,1
5433,I feel fine and stable,Shows signs of irritability,6
5434,I feel tired and hopeless,Shows signs of irritability,7
5435,I feel fine and stable,Behavior appears normal,5
5436,I feel worried about everything,He avoids family and sleeps a lot,8
5437,I feel tired and hopeless,Seems happy and social,2
5438,I feel motivated and energetic,Behavior appears normal,4
5439,I feel anxious most of the day,Behavior appears normal,9
5440,I feel tired and hopeless,Seems happy and social,9
5441,I feel emotionally numb,Actively interacts with family,4
5442,I feel sad without any clear reason,No major change noticed,4
5443,I feel worried about everything,Shows signs of irritability,9
5444,I feel tired and hopeless,No major change noticed,8
5445,I feel anxious most of the day,Shows signs of irritability,1
5446,I feel tired and hopeless,He avoids family and sleeps a lot,2
5447,I feel motivated and energetic,Seems happy and social,9
5448,I feel tired and hopeless,Mood fluctuates frequently,2
5449,I feel sad without any clear reason,No major change noticed,7
5450,I feel calm and normal,Mood fluctuates frequently,1
5451,I feel disconnected from people,Actively interacts with family,10
5452,I feel emotionally numb,She seems withdrawn and quiet,1
5453,I feel anxious most of the day,No major change noticed,3
5454,I feel motivated and energetic,Behavior appears normal,8
5455,I feel emotionally numb,Behavior appears normal,5
5456,I feel anxious most of the day,She seems withdrawn and quiet,4
5457,I feel disconnected from people,Appears emotionally distant,6
5458,I feel calm and normal,Often prefers to stay alone,4
5459,I feel stressed and overwhelmed,He avoids family and sleeps a lot,3
5460,I feel worried about everything,Seems happy and social,2
5461,I feel worried about everything,Seems happy and social,8
5462,I feel disconnected from people,Appears emotionally distant,5
5463,I feel fine and stable,Appears emotionally distant,10
5464,I feel fine and stable,Appears emotionally distant,8
5465,I feel tired and hopeless,Appears emotionally distant,4
5466,I feel stressed and overwhelmed,He avoids family and sleeps a lot,8
5467,I feel fine and stable,He avoids family and sleeps a lot,1
5468,I feel tired and hopeless,Mood fluctuates frequently,9
5469,I feel worried about everything,Shows signs of irritability,10
5470,I feel emotionally numb,Often prefers to stay alone,8
5471,I feel sad without any clear reason,Shows signs of irritability,7
5472,I feel tired and hopeless,She seems withdrawn and quiet,8
5473,I feel calm and normal,Seems happy and social,1
5474,I feel tired and hopeless,She seems withdrawn and quiet,8
5475,I feel emotionally numb,Often prefers to stay alone,2
5476,I feel tired and hopeless,Seems happy and social,2
5477,I feel anxious most of the day,Often prefers to stay alone,1
5478,I feel tired and hopeless,Behavior appears normal,5
5479,I feel motivated and energetic,He avoids family and sleeps a lot,5
5480,I feel anxious most of the day,No major change noticed,4
5481,I feel motivated and energetic,Behavior appears normal,3
5482,I feel disconnected from people,Seems happy and social,5
5483,I feel motivated and energetic,Shows signs of irritability,4
5484,I feel disconnected from people,Often prefers to stay alone,2
5485,I feel stressed and overwhelmed,Often prefers to stay alone,2
5486,I feel worried about everything,Often prefers to stay alone,3
5487,I feel motivated and energetic,He avoids family and sleeps a lot,3
5488,I feel stressed and overwhelmed,Shows signs of irritability,7
5489,I feel emotionally numb,Mood fluctuates frequently,6
5490,I feel calm and normal,Behavior appears normal,1
5491,I feel motivated and energetic,Actively interacts with family,2
5492,I feel motivated and energetic,Often prefers to stay alone,10
5493,I feel fine and stable,She seems withdrawn and quiet,9
5494,I feel stressed and overwhelmed,No major change noticed,5
5495,I feel worried about everything,Shows signs of irritability,7
5496,I feel fine and stable,Actively interacts with family,2
5497,I feel anxious most of the day,Actively interacts with family,6
5498,I feel motivated and energetic,Appears emotionally distant,8
5499,I feel stressed and overwhelmed,Often prefers to stay alone,8
5500,I feel anxious most of the day,Actively interacts with family,6
5501,I feel disconnected from people,Appears emotionally distant,2
5502,I feel calm and normal,Behavior appears normal,1
5503,I feel anxious most of the day,She seems withdrawn and quiet,2
5504,I feel sad without any clear reason,Shows signs of irritability,4
5505,I feel fine and stable,Often prefers to stay alone,3
5506,I feel motivated and energetic,She seems withdrawn and quiet,6
5507,I feel disconnected from people,Often prefers to stay alone,10
5508,I feel worried about everything,Mood fluctuates frequently,10
5509,I feel fine and stable,Seems happy and social,4
5510,I feel stressed and overwhelmed,No major change noticed,8
5511,I feel stressed and overwhelmed,Seems happy and social,2
5512,I feel worried about everything,Mood fluctuates frequently,8
5513,I feel stressed and overwhelmed,Behavior appears normal,5
5514,I feel emotionally numb,Appears emotionally distant,8
5515,I feel tired and hopeless,She seems withdrawn and quiet,9
5516,I feel emotionally numb,No major change noticed,1
5517,I feel disconnected from people,Behavior appears normal,4
5518,I feel emotionally numb,Appears emotionally distant,7
5519,I feel emotionally numb,Seems happy and social,5
5520,I feel worried about everything,Shows signs of irritability,5
5521,I feel tired and hopeless,Often prefers to stay alone,9
5522,I feel sad without any clear reason,He avoids family and sleeps a lot,8
5523,I feel anxious most of the day,Mood fluctuates frequently,4
5524,I feel tired and hopeless,She seems withdrawn and quiet,5
5525,I feel motivated and energetic,She seems withdrawn and quiet,8
5526,I feel stressed and overwhelmed,He avoids family and sleeps a lot,9
5527,I feel fine and stable,No major change noticed,10
5528,I feel anxious most of the day,No major change noticed,6
5529,I feel calm and normal,Actively interacts with family,3
5530,I feel worried about everything,No major change noticed,4
5531,I feel tired and hopeless,Often prefers to stay alone,2
5532,I feel tired and hopeless,He avoids family and sleeps a lot,9
5533,I feel tired and hopeless,He avoids family and sleeps a lot,3
5534,I feel disconnected from people,Often prefers to stay alone,8
5535,I feel anxious most of the day,No major change noticed,7
5536,I feel fine and stable,Appears emotionally distant,10
5537,I feel anxious most of the day,Shows signs of irritability,9
5538,I feel calm and normal,Behavior appears normal,6
5539,I feel calm and normal,She seems withdrawn and quiet,3
5540,I feel motivated and energetic,Shows signs of irritability,2
5541,I feel worried about everything,Appears emotionally distant,8
5542,I feel worried about everything,No major change noticed,10
5543,I feel fine and stable,She seems withdrawn and quiet,9
5544,I feel anxious most of the day,Often prefers to stay alone,3
5545,I feel sad without any clear reason,No major change noticed,4
5546,I feel disconnected from people,He avoids family and sleeps a lot,6
5547,I feel sad without any clear reason,No major change noticed,5
5548,I feel motivated and energetic,Often prefers to stay alone,3
5549,I feel stressed and overwhelmed,Shows signs of irritability,1
5550,I feel tired and hopeless,Seems happy and social,10
5551,I feel worried about everything,Shows signs of irritability,10
5552,I feel sad without any clear reason,Actively interacts with family,1
5553,I feel calm and normal,Appears emotionally distant,8
5554,I feel calm and normal,Actively interacts with family,2
5555,I feel motivated and energetic,Shows signs of irritability,3
5556,I feel emotionally numb,She seems withdrawn and quiet,6
5557,I feel anxious most of the day,He avoids family and sleeps a lot,10
5558,I feel emotionally numb,He avoids family and sleeps a lot,9
5559,I feel fine and stable,Shows signs of irritability,7
5560,I feel fine and stable,Shows signs of irritability,9
5561,I feel calm and normal,Often prefers to stay alone,2
5562,I feel emotionally numb,Mood fluctuates frequently,8
5563,I feel worried about everything,Often prefers to stay alone,7
5564,I feel tired and hopeless,Actively interacts with family,8
5565,I feel stressed and overwhelmed,Actively interacts with family,3
5566,I feel stressed and overwhelmed,Behavior appears normal,8
5567,I feel calm and normal,No major change noticed,1
5568,I feel disconnected from people,Often prefers to stay alone,6
5569,I feel disconnected from people,Mood fluctuates frequently,7
5570,I feel worried about everything,Seems happy and social,8
5571,I feel calm and normal,No major change noticed,4
5572,I feel tired and hopeless,Shows signs of irritability,3
5573,I feel worried about everything,Actively interacts with family,4
5574,I feel disconnected from people,Actively interacts with family,3
5575,I feel stressed and overwhelmed,Mood fluctuates frequently,5
5576,I feel disconnected from people,No major change noticed,10
5577,I feel motivated and energetic,She seems withdrawn and quiet,7
5578,I feel anxious most of the day,Often prefers to stay alone,2
5579,I feel disconnected from people,Mood fluctuates frequently,1
5580,I feel sad without any clear reason,Behavior appears normal,4
5581,I feel sad without any clear reason,She seems withdrawn and quiet,4
5582,I feel calm and normal,Seems happy and social,4
5583,I feel tired and hopeless,No major change noticed,9
5584,I feel emotionally numb,No major change noticed,5
5585,I feel motivated and energetic,Actively interacts with family,9
5586,I feel fine and stable,Shows signs of irritability,9
5587,I feel fine and stable,Often prefers to stay alone,7
5588,I feel emotionally numb,He avoids family and sleeps a lot,10
5589,I feel stressed and overwhelmed,Often prefers to stay alone,3
5590,I feel calm and normal,Seems happy and social,6
5591,I feel emotionally numb,He avoids family and sleeps a lot,9
5592,I feel motivated and energetic,Seems happy and social,5
5593,I feel anxious most of the day,Mood fluctuates frequently,1
5594,I feel stressed and overwhelmed,Often prefers to stay alone,3
5595,I feel fine and stable,Mood fluctuates frequently,5
5596,I feel sad without any clear reason,Mood fluctuates frequently,10
5597,I feel disconnected from people,He avoids family and sleeps a lot,1
5598,I feel fine and stable,Often prefers to stay alone,3
5599,I feel worried about everything,Shows signs of irritability,10
5600,I feel anxious most of the day,Often prefers to stay alone,10
5601,I feel worried about everything,Actively interacts with family,7
5602,I feel anxious most of the day,Appears emotionally distant,1
5603,I feel fine and stable,Actively interacts with family,5
5604,I feel stressed and overwhelmed,Often prefers to stay alone,4
5605,I feel motivated and energetic,Shows signs of irritability,9
5606,I feel motivated and energetic,He avoids family and sleeps a lot,9
5607,I feel fine and stable,Appears emotionally distant,2
5608,I feel disconnected from people,She seems withdrawn and quiet,1
5609,I feel calm and normal,Seems happy and social,2
5610,I feel motivated and energetic,Seems happy and social,9
5611,I feel worried about everything,No major change noticed,10
5612,I feel stressed and overwhelmed,Shows signs of irritability,8
5613,I feel emotionally numb,Shows signs of irritability,2
5614,I feel calm and normal,Shows signs of irritability,2
5615,I feel calm and normal,He avoids family and sleeps a lot,1
5616,I feel worried about everything,Seems happy and social,9
5617,I feel fine and stable,Mood fluctuates frequently,8
5618,I feel worried about everything,Behavior appears normal,1
5619,I feel disconnected from people,Behavior appears normal,1
5620,I feel calm and normal,Mood fluctuates frequently,6
5621,I feel worried about everything,No major change noticed,4
5622,I feel emotionally numb,Behavior appears normal,2
5623,I feel disconnected from people,No major change noticed,5
5624,I feel disconnected from people,Seems happy and social,9
5625,I feel stressed and overwhelmed,No major change noticed,1
5626,I feel calm and normal,She seems withdrawn and quiet,3
5627,I feel sad without any clear reason,Seems happy and social,3
5628,I feel tired and hopeless,Seems happy and social,10
5629,I feel disconnected from people,Seems happy and social,5
5630,I feel anxious most of the day,She seems withdrawn and quiet,3
5631,I feel anxious most of the day,Seems happy and social,3
5632,I feel fine and stable,Seems happy and social,1
5633,I feel emotionally numb,Behavior appears normal,9
5634,I feel calm and normal,He avoids family and sleeps a lot,7
5635,I feel motivated and energetic,Appears emotionally distant,1
5636,I feel motivated and energetic,Seems happy and social,1
5637,I feel calm and normal,Mood fluctuates frequently,7
5638,I feel disconnected from people,No major change noticed,4
5639,I feel fine and stable,He avoids family and sleeps a lot,6
5640,I feel stressed and overwhelmed,He avoids family and sleeps a lot,6
5641,I feel anxious most of the day,She seems withdrawn and quiet,6
5642,I feel motivated and energetic,Actively interacts with family,10
5643,I feel emotionally numb,No major change noticed,7
5644,I feel sad without any clear reason,Seems happy and social,1
5645,I feel anxious most of the day,Behavior appears normal,5
5646,I feel calm and normal,No major change noticed,9
5647,I feel stressed and overwhelmed,No major change noticed,3
5648,I feel tired and hopeless,Seems happy and social,5
5649,I feel sad without any clear reason,Seems happy and social,6
5650,I feel worried about everything,Often prefers to stay alone,3
5651,I feel disconnected from people,Seems happy and social,5
5652,I feel stressed and overwhelmed,Shows signs of irritability,5
5653,I feel anxious most of the day,Appears emotionally distant,7
5654,I feel worried about everything,He avoids family and sleeps a lot,4
5655,I feel fine and stable,She seems withdrawn and quiet,1
5656,I feel calm and normal,Mood fluctuates frequently,5
5657,I feel sad without any clear reason,She seems withdrawn and quiet,9
5658,I feel disconnected from people,Often prefers to stay alone,5
5659,I feel tired and hopeless,Mood fluctuates frequently,5
5660,I feel calm and normal,Shows signs of irritability,8
5661,I feel emotionally numb,Behavior appears normal,4
5662,I feel disconnected from people,He avoids family and sleeps a lot,6
5663,I feel emotionally numb,Mood fluctuates frequently,4
5664,I feel worried about everything,No major change noticed,3
5665,I feel disconnected from people,Behavior appears normal,10
5666,I feel sad without any clear reason,No major change noticed,7
5667,I feel sad without any clear reason,He avoids family and sleeps a lot,2
5668,I feel motivated and energetic,Seems happy and social,3
5669,I feel sad without any clear reason,Appears emotionally distant,8
5670,I feel disconnected from people,Often prefers to stay alone,10
5671,I feel disconnected from people,Seems happy and social,7
5672,I feel calm and normal,No major change noticed,7
5673,I feel emotionally numb,Behavior appears normal,6
5674,I feel sad without any clear reason,Shows signs of irritability,10
5675,I feel anxious most of the day,Shows signs of irritability,3
5676,I feel fine and stable,Behavior appears normal,2
5677,I feel fine and stable,Often prefers to stay alone,3
5678,I feel disconnected from people,Appears emotionally distant,9
5679,I feel anxious most of the day,Actively interacts with family,10
5680,I feel worried about everything,Often prefers to stay alone,4
5681,I feel tired and hopeless,Appears emotionally distant,4
5682,I feel tired and hopeless,Mood fluctuates frequently,2
5683,I feel tired and hopeless,She seems withdrawn and quiet,7
5684,I feel disconnected from people,Appears emotionally distant,5
5685,I feel sad without any clear reason,Actively interacts with family,9
5686,I feel fine and stable,Shows signs of irritability,7
5687,I feel fine and stable,Mood fluctuates frequently,6
5688,I feel stressed and overwhelmed,He avoids family and sleeps a lot,7
5689,I feel motivated and energetic,Appears emotionally distant,6
5690,I feel calm and normal,Mood fluctuates frequently,10
5691,I feel fine and stable,No major change noticed,2
5692,I feel emotionally numb,Actively interacts with family,9
5693,I feel emotionally numb,He avoids family and sleeps a lot,3
5694,I feel fine and stable,Appears emotionally distant,9
5695,I feel sad without any clear reason,Shows signs of irritability,8
5696,I feel disconnected from people,Seems happy and social,6
5697,I feel calm and normal,Mood fluctuates frequently,9
5698,I feel motivated and energetic,Often prefers to stay alone,4
5699,I feel motivated and energetic,Actively interacts with family,7
5700,I feel worried about everything,Appears emotionally distant,9
5701,I feel disconnected from people,Behavior appears normal,3
5702,I feel disconnected from people,Appears emotionally distant,7
5703,I feel calm and normal,Seems happy and social,6
5704,I feel calm and normal,Appears emotionally distant,4
5705,I feel motivated and energetic,Appears emotionally distant,5
5706,I feel fine and stable,Mood fluctuates frequently,5
5707,I feel stressed and overwhelmed,Actively interacts with family,10
5708,I feel motivated and energetic,No major change noticed,8
5709,I feel emotionally numb,Mood fluctuates frequently,4
5710,I feel tired and hopeless,Mood fluctuates frequently,1
5711,I feel emotionally numb,Shows signs of irritability,8
5712,I feel stressed and overwhelmed,He avoids family and sleeps a lot,5
5713,I feel sad without any clear reason,Behavior appears normal,5
5714,I feel calm and normal,Appears emotionally distant,5
5715,I feel disconnected from people,Seems happy and social,6
5716,I feel emotionally numb,Appears emotionally distant,10
5717,I feel sad without any clear reason,She seems withdrawn and quiet,1
5718,I feel motivated and energetic,He avoids family and sleeps a lot,5
5719,I feel anxious most of the day,Appears emotionally distant,6
5720,I feel sad without any clear reason,Seems happy and social,10
5721,I feel sad without any clear reason,She seems withdrawn and quiet,4
5722,I feel calm and normal,Mood fluctuates frequently,4
5723,I feel tired and hopeless,Often prefers to stay alone,3
5724,I feel fine and stable,Appears emotionally distant,3
5725,I feel disconnected from people,Actively interacts with family,9
5726,I feel calm and normal,Mood fluctuates frequently,7
5727,I feel worried about everything,Actively interacts with family,4
5728,I feel sad without any clear reason,Often prefers to stay alone,4
5729,I feel stressed and overwhelmed,Actively interacts with family,5
5730,I feel motivated and energetic,He avoids family and sleeps a lot,4
5731,I feel stressed and overwhelmed,She seems withdrawn and quiet,1
5732,I feel worried about everything,He avoids family and sleeps a lot,7
5733,I feel calm and normal,No major change noticed,4
5734,I feel fine and stable,He avoids family and sleeps a lot,7
5735,I feel worried about everything,Often prefers to stay alone,7
5736,I feel sad without any clear reason,Behavior appears normal,9
5737,I feel motivated and energetic,She seems withdrawn and quiet,1
5738,I feel sad without any clear reason,Actively interacts with family,6
5739,I feel sad without any clear reason,She seems withdrawn and quiet,9
5740,I feel fine and stable,No major change noticed,9
5741,I feel fine and stable,She seems withdrawn and quiet,7
5742,I feel anxious most of the day,No major change noticed,7
5743,I feel emotionally numb,Shows signs of irritability,4
5744,I feel disconnected from people,Shows signs of irritability,9
5745,I feel fine and stable,Actively interacts with family,5
5746,I feel fine and stable,Behavior appears normal,9
5747,I feel tired and hopeless,Seems happy and social,6
5748,I feel worried about everything,Appears emotionally distant,4
5749,I feel emotionally numb,He avoids family and sleeps a lot,10
5750,I feel disconnected from people,Shows signs of irritability,5
5751,I feel disconnected from people,Actively interacts with family,6
5752,I feel motivated and energetic,Actively interacts with family,1
5753,I feel tired and hopeless,Mood fluctuates frequently,9
5754,I feel worried about everything,Actively interacts with family,9
5755,I feel stressed and overwhelmed,No major change noticed,6
5756,I feel motivated and energetic,Seems happy and social,5
5757,I feel sad without any clear reason,Actively interacts with family,5
5758,I feel sad without any clear reason,Often prefers to stay alone,10
5759,I feel fine and stable,No major change noticed,9
5760,I feel motivated and energetic,She seems withdrawn and quiet,4
5761,I feel anxious most of the day,Appears emotionally distant,3
5762,I feel stressed and overwhelmed,Mood fluctuates frequently,3
5763,I feel worried about everything,She seems withdrawn and quiet,9
5764,I feel sad without any clear reason,Mood fluctuates frequently,9
5765,I feel anxious most of the day,Mood fluctuates frequently,8
5766,I feel emotionally numb,Behavior appears normal,9
5767,I feel worried about everything,Seems happy and social,3
5768,I feel emotionally numb,Often prefers to stay alone,1
5769,I feel worried about everything,Seems happy and social,6
5770,I feel stressed and overwhelmed,He avoids family and sleeps a lot,5
5771,I feel motivated and energetic,Mood fluctuates frequently,7
5772,I feel calm and normal,Often prefers to stay alone,4
5773,I feel motivated and energetic,Appears emotionally distant,5
5774,I feel tired and hopeless,She seems withdrawn and quiet,8
5775,I feel anxious most of the day,She seems withdrawn and quiet,4
5776,I feel tired and hopeless,Behavior appears normal,8
5777,I feel stressed and overwhelmed,No major change noticed,9
5778,I feel tired and hopeless,Often prefers to stay alone,1
5779,I feel calm and normal,Shows signs of irritability,1
5780,I feel worried about everything,She seems withdrawn and quiet,10
5781,I feel calm and normal,Shows signs of irritability,1
5782,I feel emotionally numb,Often prefers to stay alone,1
5783,I feel emotionally numb,She seems withdrawn and quiet,9
5784,I feel calm and normal,Seems happy and social,8
5785,I feel fine and stable,Mood fluctuates frequently,7
5786,I feel calm and normal,Shows signs of irritability,1
5787,I feel disconnected from people,Often prefers to stay alone,1
5788,I feel worried about everything,Behavior appears normal,7
5789,I feel fine and stable,Mood fluctuates frequently,10
5790,I feel fine and stable,Appears emotionally distant,4
5791,I feel emotionally numb,He avoids family and sleeps a lot,8
5792,I feel sad without any clear reason,Shows signs of irritability,1
5793,I feel worried about everything,No major change noticed,6
5794,I feel tired and hopeless,Appears emotionally distant,2
5795,I feel stressed and overwhelmed,He avoids family and sleeps a lot,1
5796,I feel anxious most of the day,Appears emotionally distant,3
5797,I feel anxious most of the day,Behavior appears normal,2
5798,I feel fine and stable,She seems withdrawn and quiet,6
5799,I feel anxious most of the day,Appears emotionally distant,3
5800,I feel tired and hopeless,Behavior appears normal,5
5801,I feel calm and normal,Often prefers to stay alone,1
5802,I feel sad without any clear reason,He avoids family and sleeps a lot,5
5803,I feel worried about everything,He avoids family and sleeps a lot,5
5804,I feel anxious most of the day,Seems happy and social,3
5805,I feel sad without any clear reason,Actively interacts with family,8
5806,I feel fine and stable,Often prefers to stay alone,8
5807,I feel worried about everything,He avoids family and sleeps a lot,10
5808,I feel calm and normal,Actively interacts with family,3
5809,I feel fine and stable,Mood fluctuates frequently,5
5810,I feel calm and normal,She seems withdrawn and quiet,10
5811,I feel fine and stable,Actively interacts with family,8
5812,I feel anxious most of the day,Shows signs of irritability,1
5813,I feel stressed and overwhelmed,Behavior appears normal,9
5814,I feel anxious most of the day,He avoids family and sleeps a lot,9
5815,I feel motivated and energetic,Appears emotionally distant,8
5816,I feel tired and hopeless,Mood fluctuates frequently,8
5817,I feel anxious most of the day,No major change noticed,1
5818,I feel worried about everything,He avoids family and sleeps a lot,7
5819,I feel fine and stable,No major change noticed,7
5820,I feel fine and stable,Actively interacts with family,5
5821,I feel worried about everything,Mood fluctuates frequently,9
5822,I feel motivated and energetic,She seems withdrawn and quiet,7
5823,I feel worried about everything,Actively interacts with family,5
5824,I feel calm and normal,No major change noticed,7
5825,I feel sad without any clear reason,Behavior appears normal,5
5826,I feel worried about everything,Shows signs of irritability,7
5827,I feel fine and stable,No major change noticed,10
5828,I feel motivated and energetic,Mood fluctuates frequently,5
5829,I feel motivated and energetic,Appears emotionally distant,2
5830,I feel stressed and overwhelmed,Behavior appears normal,6
5831,I feel calm and normal,Appears emotionally distant,5
5832,I feel motivated and energetic,Behavior appears normal,5
5833,I feel calm and normal,He avoids family and sleeps a lot,6
5834,I feel disconnected from people,She seems withdrawn and quiet,1
5835,I feel worried about everything,No major change noticed,4
5836,I feel worried about everything,Shows signs of irritability,1
5837,I feel sad without any clear reason,She seems withdrawn and quiet,10
5838,I feel emotionally numb,Mood fluctuates frequently,3
5839,I feel stressed and overwhelmed,Behavior appears normal,9
5840,I feel disconnected from people,No major change noticed,5
5841,I feel calm and normal,She seems withdrawn and quiet,7
5842,I feel disconnected from people,Actively interacts with family,3
5843,I feel disconnected from people,Behavior appears normal,6
5844,I feel calm and normal,Often prefers to stay alone,5
5845,I feel tired and hopeless,He avoids family and sleeps a lot,8
5846,I feel sad without any clear reason,Often prefers to stay alone,1
5847,I feel worried about everything,Seems happy and social,4
5848,I feel sad without any clear reason,He avoids family and sleeps a lot,7
5849,I feel stressed and overwhelmed,She seems withdrawn and quiet,9
5850,I feel disconnected from people,Often prefers to stay alone,7
5851,I feel anxious most of the day,No major change noticed,3
5852,I feel emotionally numb,She seems withdrawn and quiet,6
5853,I feel stressed and overwhelmed,Actively interacts with family,1
5854,I feel sad without any clear reason,Appears emotionally distant,8
5855,I feel anxious most of the day,Appears emotionally distant,2
5856,I feel fine and stable,Often prefers to stay alone,3
5857,I feel worried about everything,Often prefers to stay alone,6
5858,I feel emotionally numb,Appears emotionally distant,3
5859,I feel motivated and energetic,Seems happy and social,6
5860,I feel worried about everything,Behavior appears normal,4
5861,I feel worried about everything,Appears emotionally distant,8
5862,I feel emotionally numb,Behavior appears normal,7
5863,I feel calm and normal,Often prefers to stay alone,7
5864,I feel disconnected from people,Actively interacts with family,9
5865,I feel anxious most of the day,Often prefers to stay alone,6
5866,I feel disconnected from people,Actively interacts with family,9
5867,I feel motivated and energetic,Behavior appears normal,4
5868,I feel motivated and energetic,No major change noticed,1
5869,I feel stressed and overwhelmed,Often prefers to stay alone,2
5870,I feel motivated and energetic,Actively interacts with family,1
5871,I feel anxious most of the day,Seems happy and social,7
5872,I feel emotionally numb,Mood fluctuates frequently,3
5873,I feel stressed and overwhelmed,No major change noticed,8
5874,I feel fine and stable,He avoids family and sleeps a lot,2
5875,I feel disconnected from people,Behavior appears normal,8
5876,I feel sad without any clear reason,She seems withdrawn and quiet,8
5877,I feel emotionally numb,Often prefers to stay alone,10
5878,I feel fine and stable,Appears emotionally distant,8
5879,I feel sad without any clear reason,Actively interacts with family,7
5880,I feel sad without any clear reason,He avoids family and sleeps a lot,9
5881,I feel anxious most of the day,Appears emotionally distant,6
5882,I feel emotionally numb,He avoids family and sleeps a lot,3
5883,I feel anxious most of the day,Behavior appears normal,9
5884,I feel sad without any clear reason,Mood fluctuates frequently,8
5885,I feel motivated and energetic,He avoids family and sleeps a lot,3
5886,I feel fine and stable,Shows signs of irritability,2
5887,I feel stressed and overwhelmed,He avoids family and sleeps a lot,10
5888,I feel sad without any clear reason,No major change noticed,7
5889,I feel emotionally numb,Actively interacts with family,1
5890,I feel fine and stable,Often prefers to stay alone,10
5891,I feel tired and hopeless,Seems happy and social,1
5892,I feel worried about everything,Shows signs of irritability,1
5893,I feel anxious most of the day,Often prefers to stay alone,1
5894,I feel sad without any clear reason,Shows signs of irritability,6
5895,I feel worried about everything,Appears emotionally distant,1
5896,I feel tired and hopeless,Mood fluctuates frequently,1
5897,I feel tired and hopeless,Behavior appears normal,1
5898,I feel anxious most of the day,She seems withdrawn and quiet,5
5899,I feel tired and hopeless,She seems withdrawn and quiet,6
5900,I feel tired and hopeless,She seems withdrawn and quiet,9
5901,I feel tired and hopeless,No major change noticed,2
5902,I feel calm and normal,Actively interacts with family,2
5903,I feel sad without any clear reason,Appears emotionally distant,3
5904,I feel anxious most of the day,Seems happy and social,1
5905,I feel fine and stable,No major change noticed,5
5906,I feel worried about everything,Often prefers to stay alone,6
5907,I feel calm and normal,Mood fluctuates frequently,4
5908,I feel tired and hopeless,Appears emotionally distant,5
5909,I feel disconnected from people,Often prefers to stay alone,6
5910,I feel motivated and energetic,No major change noticed,6
5911,I feel motivated and energetic,Often prefers to stay alone,6
5912,I feel anxious most of the day,Appears emotionally distant,2
5913,I feel disconnected from people,Behavior appears normal,8
5914,I feel tired and hopeless,Seems happy and social,4
5915,I feel sad without any clear reason,She seems withdrawn and quiet,7
5916,I feel stressed and overwhelmed,Shows signs of irritability,6
5917,I feel tired and hopeless,Shows signs of irritability,1
5918,I feel worried about everything,Mood fluctuates frequently,1
5919,I feel disconnected from people,Behavior appears normal,7
5920,I feel anxious most of the day,No major change noticed,1
5921,I feel calm and normal,Actively interacts with family,7
5922,I feel sad without any clear reason,No major change noticed,3
5923,I feel motivated and energetic,Shows signs of irritability,9
5924,I feel tired and hopeless,She seems withdrawn and quiet,6
5925,I feel sad without any clear reason,Seems happy and social,3
5926,I feel anxious most of the day,She seems withdrawn and quiet,2
5927,I feel sad without any clear reason,No major change noticed,4
5928,I feel motivated and energetic,She seems withdrawn and quiet,5
5929,I feel worried about everything,Actively interacts with family,10
5930,I feel worried about everything,Behavior appears normal,6
5931,I feel anxious most of the day,Appears emotionally distant,4
5932,I feel disconnected from people,Often prefers to stay alone,1
5933,I feel disconnected from people,No major change noticed,4
5934,I feel fine and stable,Appears emotionally distant,4
5935,I feel emotionally numb,Mood fluctuates frequently,1
5936,I feel calm and normal,He avoids family and sleeps a lot,10
5937,I feel anxious most of the day,Shows signs of irritability,7
5938,I feel motivated and energetic,Often prefers to stay alone,8
5939,I feel sad without any clear reason,No major change noticed,5
5940,I feel disconnected from people,Mood fluctuates frequently,6
5941,I feel emotionally numb,He avoids family and sleeps a lot,10
5942,I feel emotionally numb,Shows signs of irritability,4
5943,I feel anxious most of the day,Actively interacts with family,5
5944,I feel motivated and energetic,No major change noticed,3
5945,I feel calm and normal,No major change noticed,9
5946,I feel fine and stable,Often prefers to stay alone,1
5947,I feel calm and normal,He avoids family and sleeps a lot,2
5948,I feel emotionally numb,Appears emotionally distant,4
5949,I feel fine and stable,Appears emotionally distant,5
5950,I feel sad without any clear reason,Shows signs of irritability,7
5951,I feel calm and normal,Behavior appears normal,3
5952,I feel sad without any clear reason,Often prefers to stay alone,5
5953,I feel emotionally numb,Often prefers to stay alone,1
5954,I feel tired and hopeless,Appears emotionally distant,3
5955,I feel disconnected from people,She seems withdrawn and quiet,7
5956,I feel motivated and energetic,Appears emotionally distant,7
5957,I feel sad without any clear reason,Seems happy and social,4
5958,I feel anxious most of the day,No major change noticed,3
5959,I feel stressed and overwhelmed,Actively interacts with family,7
5960,I feel tired and hopeless,Shows signs of irritability,10
5961,I feel calm and normal,She seems withdrawn and quiet,9
5962,I feel disconnected from people,Seems happy and social,8
5963,I feel disconnected from people,She seems withdrawn and quiet,8
5964,I feel sad without any clear reason,Shows signs of irritability,5
5965,I feel sad without any clear reason,She seems withdrawn and quiet,4
5966,I feel anxious most of the day,No major change noticed,3
5967,I feel sad without any clear reason,No major change noticed,10
5968,I feel motivated and energetic,Seems happy and social,7
5969,I feel disconnected from people,Often prefers to stay alone,2
5970,I feel anxious most of the day,Shows signs of irritability,10
5971,I feel calm and normal,She seems withdrawn and quiet,5
5972,I feel motivated and energetic,She seems withdrawn and quiet,10
5973,I feel motivated and energetic,Behavior appears normal,6
5974,I feel stressed and overwhelmed,She seems withdrawn and quiet,5
5975,I feel anxious most of the day,Seems happy and social,3
5976,I feel calm and normal,Shows signs of irritability,5
5977,I feel stressed and overwhelmed,Seems happy and social,2
5978,I feel anxious most of the day,Mood fluctuates frequently,6
5979,I feel anxious most of the day,Actively interacts with family,9
5980,I feel sad without any clear reason,Shows signs of irritability,7
5981,I feel disconnected from people,He avoids family and sleeps a lot,6
5982,I feel disconnected from people,Shows signs of irritability,9
5983,I feel fine and stable,Shows signs of irritability,7
5984,I feel emotionally numb,Appears emotionally distant,2
5985,I feel motivated and energetic,She seems withdrawn and quiet,4
5986,I feel calm and normal,Behavior appears normal,2
5987,I feel disconnected from people,Shows signs of irritability,2
5988,I feel stressed and overwhelmed,He avoids family and sleeps a lot,5
5989,I feel motivated and energetic,Behavior appears normal,8
5990,I feel emotionally numb,Seems happy and social,7
5991,I feel fine and stable,Seems happy and social,5
5992,I feel worried about everything,Mood fluctuates frequently,7
5993,I feel worried about everything,No major change noticed,9
5994,I feel stressed and overwhelmed,He avoids family and sleeps a lot,10
5995,I feel motivated and energetic,Actively interacts with family,5
5996,I feel tired and hopeless,Mood fluctuates frequently,3
5997,I feel disconnected from people,Actively interacts with family,5
5998,I feel calm and normal,Behavior appears normal,7
5999,I feel tired and hopeless,Actively interacts with family,4
6000,I feel fine and stable,Often prefers to stay alone,4
6001,I feel calm and normal,Often prefers to stay alone,3
6002,I feel anxious most of the day,He avoids family and sleeps a lot,9
6003,I feel motivated and energetic,No major change noticed,2
6004,I feel stressed and overwhelmed,Appears emotionally distant,5
6005,I feel sad without any clear reason,Behavior appears normal,8
6006,I feel motivated and energetic,Often prefers to stay alone,3
6007,I feel disconnected from people,Behavior appears normal,2
6008,I feel motivated and energetic,She seems withdrawn and quiet,7
6009,I feel disconnected from people,Actively interacts with family,4
6010,I feel fine and stable,Mood fluctuates frequently,9
6011,I feel fine and stable,Shows signs of irritability,1
6012,I feel worried about everything,Actively interacts with family,1
6013,I feel anxious most of the day,Mood fluctuates frequently,9
6014,I feel disconnected from people,Mood fluctuates frequently,9
6015,I feel calm and normal,He avoids family and sleeps a lot,4
6016,I feel emotionally numb,Often prefers to stay alone,6
6017,I feel stressed and overwhelmed,Actively interacts with family,9
6018,I feel motivated and energetic,Often prefers to stay alone,3
6019,I feel anxious most of the day,Mood fluctuates frequently,10
6020,I feel worried about everything,No major change noticed,5
6021,I feel motivated and energetic,Behavior appears normal,8
6022,I feel stressed and overwhelmed,Shows signs of irritability,2
6023,I feel tired and hopeless,Seems happy and social,10
6024,I feel worried about everything,She seems withdrawn and quiet,6
6025,I feel fine and stable,Behavior appears normal,3
6026,I feel worried about everything,Shows signs of irritability,9
6027,I feel calm and normal,Behavior appears normal,6
6028,I feel fine and stable,She seems withdrawn and quiet,4
6029,I feel fine and stable,Appears emotionally distant,8
6030,I feel tired and hopeless,Often prefers to stay alone,6
6031,I feel stressed and overwhelmed,Often prefers to stay alone,7
6032,I feel anxious most of the day,Behavior appears normal,3
6033,I feel tired and hopeless,Appears emotionally distant,6
6034,I feel anxious most of the day,Often prefers to stay alone,5
6035,I feel tired and hopeless,Shows signs of irritability,5
6036,I feel emotionally numb,Appears emotionally distant,4
6037,I feel motivated and energetic,Shows signs of irritability,9
6038,I feel disconnected from people,Behavior appears normal,8
6039,I feel sad without any clear reason,Often prefers to stay alone,3
6040,I feel worried about everything,Actively interacts with family,5
6041,I feel tired and hopeless,Actively interacts with family,5
6042,I feel emotionally numb,Seems happy and social,4
6043,I feel fine and stable,Actively interacts with family,4
6044,I feel motivated and energetic,She seems withdrawn and quiet,10
6045,I feel emotionally numb,She seems withdrawn and quiet,8
6046,I feel disconnected from people,Often prefers to stay alone,8
6047,I feel fine and stable,She seems withdrawn and quiet,9
6048,I feel stressed and overwhelmed,No major change noticed,2
6049,I feel tired and hopeless,Appears emotionally distant,4
6050,I feel calm and normal,Often prefers to stay alone,3
6051,I feel emotionally numb,Appears emotionally distant,5
6052,I feel fine and stable,Shows signs of irritability,6
6053,I feel calm and normal,Appears emotionally distant,2
6054,I feel anxious most of the day,Appears emotionally distant,1
6055,I feel emotionally numb,Shows signs of irritability,4
6056,I feel disconnected from people,No major change noticed,7
6057,I feel stressed and overwhelmed,No major change noticed,2
6058,I feel calm and normal,Mood fluctuates frequently,10
6059,I feel anxious most of the day,No major change noticed,10
6060,I feel motivated and energetic,She seems withdrawn and quiet,5
6061,I feel calm and normal,Mood fluctuates frequently,10
6062,I feel calm and normal,Mood fluctuates frequently,1
6063,I feel worried about everything,Often prefers to stay alone,10
6064,I feel anxious most of the day,Actively interacts with family,5
6065,I feel emotionally numb,No major change noticed,8
6066,I feel emotionally numb,Actively interacts with family,7
6067,I feel calm and normal,Seems happy and social,8
6068,I feel worried about everything,Mood fluctuates frequently,10
6069,I feel calm and normal,Behavior appears normal,1
6070,I feel tired and hopeless,Often prefers to stay alone,1
6071,I feel fine and stable,Actively interacts with family,5
6072,I feel stressed and overwhelmed,Shows signs of irritability,2
6073,I feel disconnected from people,Mood fluctuates frequently,10
6074,I feel worried about everything,Mood fluctuates frequently,6
6075,I feel fine and stable,Behavior appears normal,5
6076,I feel motivated and energetic,Shows signs of irritability,5
6077,I feel calm and normal,Often prefers to stay alone,8
6078,I feel tired and hopeless,He avoids family and sleeps a lot,8
6079,I feel worried about everything,Appears emotionally distant,4
6080,I feel tired and hopeless,Often prefers to stay alone,4
6081,I feel anxious most of the day,Behavior appears normal,3
6082,I feel stressed and overwhelmed,Mood fluctuates frequently,2
6083,I feel motivated and energetic,She seems withdrawn and quiet,3
6084,I feel motivated and energetic,Often prefers to stay alone,7
6085,I feel emotionally numb,Appears emotionally distant,9
6086,I feel sad without any clear reason,No major change noticed,5
6087,I feel worried about everything,Seems happy and social,3
6088,I feel anxious most of the day,Mood fluctuates frequently,3
6089,I feel motivated and energetic,Behavior appears normal,3
6090,I feel disconnected from people,Mood fluctuates frequently,10
6091,I feel disconnected from people,Behavior appears normal,3
6092,I feel motivated and energetic,Actively interacts with family,4
6093,I feel sad without any clear reason,Actively interacts with family,5
6094,I feel emotionally numb,She seems withdrawn and quiet,8
6095,I feel emotionally numb,Mood fluctuates frequently,6
6096,I feel disconnected from people,Mood fluctuates frequently,5
6097,I feel emotionally numb,Shows signs of irritability,7
6098,I feel motivated and energetic,Behavior appears normal,9
6099,I feel worried about everything,Behavior appears normal,9
6100,I feel anxious most of the day,Shows signs of irritability,7
6101,I feel disconnected from people,He avoids family and sleeps a lot,9
6102,I feel tired and hopeless,Mood fluctuates frequently,5
6103,I feel stressed and overwhelmed,Shows signs of irritability,8
6104,I feel disconnected from people,Often prefers to stay alone,10
6105,I feel fine and stable,He avoids family and sleeps a lot,1
6106,I feel disconnected from people,Behavior appears normal,6
6107,I feel worried about everything,She seems withdrawn and quiet,5
6108,I feel emotionally numb,Appears emotionally distant,3
6109,I feel stressed and overwhelmed,Shows signs of irritability,10
6110,I feel calm and normal,He avoids family and sleeps a lot,5
6111,I feel disconnected from people,Seems happy and social,7
6112,I feel calm and normal,Often prefers to stay alone,2
6113,I feel stressed and overwhelmed,He avoids family and sleeps a lot,5
6114,I feel tired and hopeless,Appears emotionally distant,8
6115,I feel stressed and overwhelmed,He avoids family and sleeps a lot,2
6116,I feel emotionally numb,He avoids family and sleeps a lot,10
6117,I feel disconnected from people,No major change noticed,8
6118,I feel emotionally numb,No major change noticed,1
6119,I feel anxious most of the day,Seems happy and social,8
6120,I feel worried about everything,Shows signs of irritability,10
6121,I feel worried about everything,No major change noticed,6
6122,I feel sad without any clear reason,He avoids family and sleeps a lot,10
6123,I feel worried about everything,Appears emotionally distant,9
6124,I feel tired and hopeless,Seems happy and social,5
6125,I feel emotionally numb,Actively interacts with family,9
6126,I feel emotionally numb,No major change noticed,1
6127,I feel sad without any clear reason,Actively interacts with family,10
6128,I feel calm and normal,Mood fluctuates frequently,4
6129,I feel stressed and overwhelmed,Seems happy and social,5
6130,I feel anxious most of the day,He avoids family and sleeps a lot,3
6131,I feel motivated and energetic,Often prefers to stay alone,8
6132,I feel disconnected from people,Shows signs of irritability,10
6133,I feel tired and hopeless,Shows signs of irritability,8
6134,I feel calm and normal,Actively interacts with family,7
6135,I feel worried about everything,He avoids family and sleeps a lot,9
6136,I feel worried about everything,Seems happy and social,6
6137,I feel worried about everything,Appears emotionally distant,2
6138,I feel anxious most of the day,Mood fluctuates frequently,7
6139,I feel sad without any clear reason,Appears emotionally distant,5
6140,I feel worried about everything,Often prefers to stay alone,7
6141,I feel disconnected from people,Actively interacts with family,9
6142,I feel stressed and overwhelmed,Behavior appears normal,6
6143,I feel motivated and energetic,Seems happy and social,8
6144,I feel tired and hopeless,Mood fluctuates frequently,4
6145,I feel stressed and overwhelmed,Shows signs of irritability,4
6146,I feel emotionally numb,Seems happy and social,6
6147,I feel fine and stable,Actively interacts with family,7
6148,I feel calm and normal,Actively interacts with family,6
6149,I feel disconnected from people,He avoids family and sleeps a lot,6
6150,I feel motivated and energetic,Often prefers to stay alone,5
6151,I feel stressed and overwhelmed,Seems happy and social,2
6152,I feel disconnected from people,Appears emotionally distant,7
6153,I feel tired and hopeless,Seems happy and social,7
6154,I feel stressed and overwhelmed,Seems happy and social,7
6155,I feel anxious most of the day,Seems happy and social,8
6156,I feel emotionally numb,Often prefers to stay alone,8
6157,I feel calm and normal,Often prefers to stay alone,9
6158,I feel calm and normal,Shows signs of irritability,3
6159,I feel worried about everything,He avoids family and sleeps a lot,1
6160,I feel anxious most of the day,Actively interacts with family,6
6161,I feel anxious most of the day,He avoids family and sleeps a lot,2
6162,I feel anxious most of the day,Mood fluctuates frequently,5
6163,I feel motivated and energetic,Appears emotionally distant,4
6164,I feel tired and hopeless,She seems withdrawn and quiet,7
6165,I feel disconnected from people,Seems happy and social,5
6166,I feel motivated and energetic,Appears emotionally distant,1
6167,I feel sad without any clear reason,Seems happy and social,2
6168,I feel calm and normal,No major change noticed,9
6169,I feel motivated and energetic,She seems withdrawn and quiet,1
6170,I feel emotionally numb,Mood fluctuates frequently,5
6171,I feel worried about everything,No major change noticed,8
6172,I feel tired and hopeless,Seems happy and social,9
6173,I feel stressed and overwhelmed,Mood fluctuates frequently,5
6174,I feel fine and stable,Appears emotionally distant,7
6175,I feel calm and normal,No major change noticed,5
6176,I feel sad without any clear reason,Mood fluctuates frequently,5
6177,I feel worried about everything,No major change noticed,9
6178,I feel disconnected from people,She seems withdrawn and quiet,8
6179,I feel motivated and energetic,She seems withdrawn and quiet,8
6180,I feel stressed and overwhelmed,Behavior appears normal,10
6181,I feel tired and hopeless,He avoids family and sleeps a lot,4
6182,I feel emotionally numb,No major change noticed,10
6183,I feel fine and stable,Appears emotionally distant,1
6184,I feel calm and normal,Often prefers to stay alone,6
6185,I feel emotionally numb,Mood fluctuates frequently,8
6186,I feel anxious most of the day,Behavior appears normal,3
6187,I feel disconnected from people,Mood fluctuates frequently,4
6188,I feel stressed and overwhelmed,Actively interacts with family,3
6189,I feel calm and normal,Often prefers to stay alone,10
6190,I feel calm and normal,He avoids family and sleeps a lot,4
6191,I feel emotionally numb,Mood fluctuates frequently,1
6192,I feel motivated and energetic,Seems happy and social,7
6193,I feel motivated and energetic,Mood fluctuates frequently,5
6194,I feel anxious most of the day,Often prefers to stay alone,10
6195,I feel sad without any clear reason,She seems withdrawn and quiet,1
6196,I feel fine and stable,He avoids family and sleeps a lot,1
6197,I feel stressed and overwhelmed,She seems withdrawn and quiet,5
6198,I feel motivated and energetic,He avoids family and sleeps a lot,4
6199,I feel calm and normal,Seems happy and social,2
6200,I feel disconnected from people,Behavior appears normal,4
6201,I feel anxious most of the day,Appears emotionally distant,3
6202,I feel tired and hopeless,He avoids family and sleeps a lot,5
6203,I feel tired and hopeless,Shows signs of irritability,4
6204,I feel fine and stable,No major change noticed,1
6205,I feel sad without any clear reason,Seems happy and social,3
6206,I feel disconnected from people,Mood fluctuates frequently,6
6207,I feel disconnected from people,Appears emotionally distant,10
6208,I feel disconnected from people,Seems happy and social,3
6209,I feel anxious most of the day,Actively interacts with family,3
6210,I feel worried about everything,Shows signs of irritability,10
6211,I feel emotionally numb,Actively interacts with family,9
6212,I feel tired and hopeless,Actively interacts with family,5
6213,I feel emotionally numb,Shows signs of irritability,8
6214,I feel motivated and energetic,Shows signs of irritability,1
6215,I feel disconnected from people,Mood fluctuates frequently,5
6216,I feel calm and normal,Seems happy and social,6
6217,I feel worried about everything,Seems happy and social,10
6218,I feel motivated and energetic,Appears emotionally distant,5
6219,I feel fine and stable,Seems happy and social,5
6220,I feel worried about everything,Seems happy and social,8
6221,I feel tired and hopeless,Shows signs of irritability,4
6222,I feel anxious most of the day,Often prefers to stay alone,1
6223,I feel motivated and energetic,Often prefers to stay alone,8
6224,I feel stressed and overwhelmed,Actively interacts with family,8
6225,I feel fine and stable,Often prefers to stay alone,5
6226,I feel calm and normal,Often prefers to stay alone,10
6227,I feel fine and stable,She seems withdrawn and quiet,1
6228,I feel calm and normal,Shows signs of irritability,9
6229,I feel emotionally numb,Often prefers to stay alone,9
6230,I feel tired and hopeless,Mood fluctuates frequently,8
6231,I feel stressed and overwhelmed,Seems happy and social,8
6232,I feel sad without any clear reason,Appears emotionally distant,2
6233,I feel disconnected from people,Shows signs of irritability,1
6234,I feel motivated and energetic,Appears emotionally distant,10
6235,I feel anxious most of the day,She seems withdrawn and quiet,4
6236,I feel worried about everything,No major change noticed,9
6237,I feel motivated and energetic,She seems withdrawn and quiet,4
6238,I feel anxious most of the day,Shows signs of irritability,1
6239,I feel disconnected from people,Mood fluctuates frequently,5
6240,I feel fine and stable,Often prefers to stay alone,10
6241,I feel anxious most of the day,No major change noticed,10
6242,I feel calm and normal,Seems happy and social,5
6243,I feel anxious most of the day,Appears emotionally distant,3
6244,I feel tired and hopeless,Often prefers to stay alone,5
6245,I feel worried about everything,Appears emotionally distant,6
6246,I feel anxious most of the day,Mood fluctuates frequently,5
6247,I feel emotionally numb,No major change noticed,5
6248,I feel stressed and overwhelmed,She seems withdrawn and quiet,7
6249,I feel stressed and overwhelmed,She seems withdrawn and quiet,6
6250,I feel emotionally numb,He avoids family and sleeps a lot,5
6251,I feel calm and normal,Mood fluctuates frequently,4
6252,I feel fine and stable,Shows signs of irritability,4
6253,I feel disconnected from people,He avoids family and sleeps a lot,1
6254,I feel anxious most of the day,Behavior appears normal,5
6255,I feel anxious most of the day,She seems withdrawn and quiet,7
6256,I feel motivated and energetic,He avoids family and sleeps a lot,1
6257,I feel disconnected from people,She seems withdrawn and quiet,6
6258,I feel motivated and energetic,Behavior appears normal,1
6259,I feel calm and normal,Often prefers to stay alone,2
6260,I feel tired and hopeless,He avoids family and sleeps a lot,6
6261,I feel stressed and overwhelmed,Actively interacts with family,5
6262,I feel emotionally numb,Behavior appears normal,1
6263,I feel tired and hopeless,Behavior appears normal,10
6264,I feel stressed and overwhelmed,Seems happy and social,4
6265,I feel motivated and energetic,Behavior appears normal,9
6266,I feel emotionally numb,Often prefers to stay alone,10
6267,I feel disconnected from people,No major change noticed,10
6268,I feel worried about everything,Appears emotionally distant,5
6269,I feel disconnected from people,Often prefers to stay alone,4
6270,I feel stressed and overwhelmed,Often prefers to stay alone,8
6271,I feel disconnected from people,Shows signs of irritability,8
6272,I feel tired and hopeless,Often prefers to stay alone,9
6273,I feel stressed and overwhelmed,Mood fluctuates frequently,6
6274,I feel stressed and overwhelmed,Appears emotionally distant,5
6275,I feel worried about everything,Often prefers to stay alone,8
6276,I feel sad without any clear reason,Behavior appears normal,10
6277,I feel fine and stable,Mood fluctuates frequently,9
6278,I feel fine and stable,She seems withdrawn and quiet,10
6279,I feel worried about everything,Actively interacts with family,4
6280,I feel calm and normal,Appears emotionally distant,9
6281,I feel sad without any clear reason,Often prefers to stay alone,6
6282,I feel tired and hopeless,Often prefers to stay alone,3
6283,I feel fine and stable,Often prefers to stay alone,3
6284,I feel stressed and overwhelmed,Often prefers to stay alone,7
6285,I feel stressed and overwhelmed,Mood fluctuates frequently,10
6286,I feel calm and normal,Appears emotionally distant,10
6287,I feel calm and normal,He avoids family and sleeps a lot,9
6288,I feel fine and stable,Often prefers to stay alone,2
6289,I feel disconnected from people,Shows signs of irritability,2
6290,I feel anxious most of the day,Actively interacts with family,7
6291,I feel calm and normal,Mood fluctuates frequently,2
6292,I feel stressed and overwhelmed,Mood fluctuates frequently,6
6293,I feel fine and stable,Appears emotionally distant,7
6294,I feel sad without any clear reason,He avoids family and sleeps a lot,9
6295,I feel calm and normal,Seems happy and social,10
6296,I feel fine and stable,She seems withdrawn and quiet,2
6297,I feel tired and hopeless,Behavior appears normal,8
6298,I feel calm and normal,Often prefers to stay alone,3
6299,I feel fine and stable,She seems withdrawn and quiet,1
6300,I feel tired and hopeless,No major change noticed,8
6301,I feel sad without any clear reason,Behavior appears normal,2
6302,I feel disconnected from people,Appears emotionally distant,9
6303,I feel motivated and energetic,Shows signs of irritability,3
6304,I feel anxious most of the day,Actively interacts with family,10
6305,I feel motivated and energetic,Shows signs of irritability,1
6306,I feel motivated and energetic,No major change noticed,2
6307,I feel stressed and overwhelmed,Mood fluctuates frequently,2
6308,I feel motivated and energetic,Actively interacts with family,2
6309,I feel anxious most of the day,Behavior appears normal,5
6310,I feel sad without any clear reason,Actively interacts with family,6
6311,I feel fine and stable,No major change noticed,4
6312,I feel disconnected from people,Mood fluctuates frequently,8
6313,I feel motivated and energetic,Appears emotionally distant,10
6314,I feel tired and hopeless,Seems happy and social,9
6315,I feel tired and hopeless,Often prefers to stay alone,5
6316,I feel fine and stable,Often prefers to stay alone,7
6317,I feel emotionally numb,He avoids family and sleeps a lot,3
6318,I feel tired and hopeless,Shows signs of irritability,10
6319,I feel tired and hopeless,She seems withdrawn and quiet,10
6320,I feel disconnected from people,Behavior appears normal,4
6321,I feel worried about everything,Shows signs of irritability,9
6322,I feel worried about everything,He avoids family and sleeps a lot,10
6323,I feel tired and hopeless,She seems withdrawn and quiet,10
6324,I feel anxious most of the day,No major change noticed,5
6325,I feel worried about everything,Seems happy and social,7
6326,I feel sad without any clear reason,Shows signs of irritability,4
6327,I feel worried about everything,Often prefers to stay alone,1
6328,I feel disconnected from people,Seems happy and social,4
6329,I feel disconnected from people,Shows signs of irritability,1
6330,I feel motivated and energetic,Often prefers to stay alone,10
6331,I feel anxious most of the day,Often prefers to stay alone,6
6332,I feel fine and stable,Behavior appears normal,3
6333,I feel sad without any clear reason,She seems withdrawn and quiet,6
6334,I feel sad without any clear reason,No major change noticed,1
6335,I feel motivated and energetic,Mood fluctuates frequently,8
6336,I feel fine and stable,Mood fluctuates frequently,3
6337,I feel worried about everything,Often prefers to stay alone,5
6338,I feel emotionally numb,Seems happy and social,4
6339,I feel anxious most of the day,He avoids family and sleeps a lot,7
6340,I feel disconnected from people,Mood fluctuates frequently,7
6341,I feel tired and hopeless,Behavior appears normal,9
6342,I feel fine and stable,Seems happy and social,2
6343,I feel disconnected from people,Mood fluctuates frequently,9
6344,I feel fine and stable,Mood fluctuates frequently,5
6345,I feel anxious most of the day,Behavior appears normal,4
6346,I feel sad without any clear reason,She seems withdrawn and quiet,6
6347,I feel fine and stable,Appears emotionally distant,7
6348,I feel fine and stable,Seems happy and social,2
6349,I feel fine and stable,Appears emotionally distant,4
6350,I feel motivated and energetic,Appears emotionally distant,7
6351,I feel sad without any clear reason,She seems withdrawn and quiet,3
6352,I feel motivated and energetic,Actively interacts with family,10
6353,I feel sad without any clear reason,Behavior appears normal,3
6354,I feel anxious most of the day,Actively interacts with family,10
6355,I feel calm and normal,She seems withdrawn and quiet,10
6356,I feel tired and hopeless,Seems happy and social,7
6357,I feel anxious most of the day,Seems happy and social,2
6358,I feel motivated and energetic,Shows signs of irritability,2
6359,I feel stressed and overwhelmed,Often prefers to stay alone,1
6360,I feel anxious most of the day,She seems withdrawn and quiet,9
6361,I feel calm and normal,Mood fluctuates frequently,10
6362,I feel tired and hopeless,Seems happy and social,4
6363,I feel anxious most of the day,Mood fluctuates frequently,2
6364,I feel anxious most of the day,Shows signs of irritability,2
6365,I feel anxious most of the day,Behavior appears normal,2
6366,I feel stressed and overwhelmed,No major change noticed,7
6367,I feel anxious most of the day,Behavior appears normal,6
6368,I feel anxious most of the day,Behavior appears normal,3
6369,I feel disconnected from people,Actively interacts with family,7
6370,I feel fine and stable,No major change noticed,6
6371,I feel worried about everything,Often prefers to stay alone,6
6372,I feel stressed and overwhelmed,Behavior appears normal,9
6373,I feel fine and stable,He avoids family and sleeps a lot,1
6374,I feel tired and hopeless,Mood fluctuates frequently,1
6375,I feel calm and normal,She seems withdrawn and quiet,8
6376,I feel sad without any clear reason,She seems withdrawn and quiet,5
6377,I feel disconnected from people,Appears emotionally distant,1
6378,I feel emotionally numb,Seems happy and social,10
6379,I feel disconnected from people,Behavior appears normal,3
6380,I feel motivated and energetic,Behavior appears normal,8
6381,I feel worried about everything,He avoids family and sleeps a lot,10
6382,I feel worried about everything,She seems withdrawn and quiet,6
6383,I feel anxious most of the day,Actively interacts with family,4
6384,I feel worried about everything,She seems withdrawn and quiet,4
6385,I feel disconnected from people,Mood fluctuates frequently,5
6386,I feel motivated and energetic,Seems happy and social,2
6387,I feel tired and hopeless,Appears emotionally distant,3
6388,I feel anxious most of the day,He avoids family and sleeps a lot,8
6389,I feel motivated and energetic,He avoids family and sleeps a lot,9
6390,I feel disconnected from people,He avoids family and sleeps a lot,10
6391,I feel tired and hopeless,Actively interacts with family,4
6392,I feel motivated and energetic,No major change noticed,8
6393,I feel tired and hopeless,Actively interacts with family,3
6394,I feel motivated and energetic,Seems happy and social,4
6395,I feel sad without any clear reason,Appears emotionally distant,10
6396,I feel disconnected from people,Actively interacts with family,9
6397,I feel stressed and overwhelmed,Often prefers to stay alone,4
6398,I feel motivated and energetic,Actively interacts with family,2
6399,I feel disconnected from people,Behavior appears normal,3
6400,I feel emotionally numb,Shows signs of irritability,4
6401,I feel fine and stable,Seems happy and social,3
6402,I feel calm and normal,No major change noticed,9
6403,I feel anxious most of the day,Shows signs of irritability,1
6404,I feel fine and stable,He avoids family and sleeps a lot,1
6405,I feel worried about everything,Seems happy and social,2
6406,I feel anxious most of the day,Mood fluctuates frequently,1
6407,I feel motivated and energetic,Actively interacts with family,6
6408,I feel calm and normal,No major change noticed,6
6409,I feel worried about everything,No major change noticed,9
6410,I feel tired and hopeless,Behavior appears normal,10
6411,I feel calm and normal,Behavior appears normal,5
6412,I feel worried about everything,Shows signs of irritability,9
6413,I feel worried about everything,She seems withdrawn and quiet,9
6414,I feel disconnected from people,Behavior appears normal,8
6415,I feel tired and hopeless,He avoids family and sleeps a lot,8
6416,I feel tired and hopeless,Actively interacts with family,7
6417,I feel tired and hopeless,Behavior appears normal,3
6418,I feel fine and stable,Mood fluctuates frequently,3
6419,I feel worried about everything,Actively interacts with family,3
6420,I feel fine and stable,No major change noticed,1
6421,I feel worried about everything,Actively interacts with family,4
6422,I feel tired and hopeless,No major change noticed,3
6423,I feel fine and stable,Often prefers to stay alone,5
6424,I feel disconnected from people,Appears emotionally distant,5
6425,I feel motivated and energetic,Behavior appears normal,7
6426,I feel tired and hopeless,She seems withdrawn and quiet,2
6427,I feel worried about everything,Appears emotionally distant,8
6428,I feel anxious most of the day,He avoids family and sleeps a lot,10
6429,I feel worried about everything,Appears emotionally distant,5
6430,I feel anxious most of the day,She seems withdrawn and quiet,3
6431,I feel calm and normal,Seems happy and social,9
6432,I feel disconnected from people,She seems withdrawn and quiet,10
6433,I feel emotionally numb,Shows signs of irritability,4
6434,I feel disconnected from people,She seems withdrawn and quiet,8
6435,I feel stressed and overwhelmed,She seems withdrawn and quiet,2
6436,I feel fine and stable,Shows signs of irritability,10
6437,I feel fine and stable,No major change noticed,3
6438,I feel motivated and energetic,He avoids family and sleeps a lot,1
6439,I feel calm and normal,Actively interacts with family,7
6440,I feel calm and normal,Appears emotionally distant,9
6441,I feel stressed and overwhelmed,Mood fluctuates frequently,1
6442,I feel fine and stable,Actively interacts with family,3
6443,I feel stressed and overwhelmed,Mood fluctuates frequently,3
6444,I feel stressed and overwhelmed,He avoids family and sleeps a lot,6
6445,I feel anxious most of the day,She seems withdrawn and quiet,4
6446,I feel disconnected from people,Appears emotionally distant,1
6447,I feel fine and stable,She seems withdrawn and quiet,7
6448,I feel disconnected from people,Behavior appears normal,5
6449,I feel fine and stable,Shows signs of irritability,2
6450,I feel calm and normal,Often prefers to stay alone,5
6451,I feel fine and stable,Appears emotionally distant,1
6452,I feel emotionally numb,She seems withdrawn and quiet,5
6453,I feel sad without any clear reason,Mood fluctuates frequently,9
6454,I feel fine and stable,He avoids family and sleeps a lot,4
6455,I feel fine and stable,Behavior appears normal,7
6456,I feel emotionally numb,Often prefers to stay alone,6
6457,I feel stressed and overwhelmed,Actively interacts with family,9
6458,I feel sad without any clear reason,Appears emotionally distant,5
6459,I feel fine and stable,Appears emotionally distant,2
6460,I feel tired and hopeless,No major change noticed,5
6461,I feel worried about everything,Often prefers to stay alone,3
6462,I feel stressed and overwhelmed,Appears emotionally distant,6
6463,I feel emotionally numb,She seems withdrawn and quiet,8
6464,I feel disconnected from people,He avoids family and sleeps a lot,7
6465,I feel worried about everything,Seems happy and social,2
6466,I feel sad without any clear reason,Seems happy and social,1
6467,I feel worried about everything,He avoids family and sleeps a lot,10
6468,I feel fine and stable,She seems withdrawn and quiet,10
6469,I feel tired and hopeless,Behavior appears normal,7
6470,I feel sad without any clear reason,Seems happy and social,7
6471,I feel sad without any clear reason,She seems withdrawn and quiet,8
6472,I feel calm and normal,He avoids family and sleeps a lot,3
6473,I feel emotionally numb,Often prefers to stay alone,10
6474,I feel worried about everything,Seems happy and social,7
6475,I feel worried about everything,Mood fluctuates frequently,10
6476,I feel stressed and overwhelmed,Actively interacts with family,7
6477,I feel fine and stable,Behavior appears normal,4
6478,I feel emotionally numb,Mood fluctuates frequently,10
6479,I feel disconnected from people,She seems withdrawn and quiet,2
6480,I feel fine and stable,Appears emotionally distant,1
6481,I feel calm and normal,Mood fluctuates frequently,3
6482,I feel fine and stable,Often prefers to stay alone,9
6483,I feel motivated and energetic,Shows signs of irritability,5
6484,I feel emotionally numb,Shows signs of irritability,4
6485,I feel disconnected from people,Behavior appears normal,7
6486,I feel stressed and overwhelmed,Actively interacts with family,8
6487,I feel disconnected from people,She seems withdrawn and quiet,10
6488,I feel anxious most of the day,No major change noticed,7
6489,I feel calm and normal,Shows signs of irritability,4
6490,I feel tired and hopeless,Seems happy and social,9
6491,I feel worried about everything,Often prefers to stay alone,3
6492,I feel anxious most of the day,She seems withdrawn and quiet,6
6493,I feel anxious most of the day,Actively interacts with family,3
6494,I feel disconnected from people,He avoids family and sleeps a lot,6
6495,I feel calm and normal,Often prefers to stay alone,3
6496,I feel emotionally numb,Mood fluctuates frequently,9
6497,I feel calm and normal,Shows signs of irritability,7
6498,I feel stressed and overwhelmed,Appears emotionally distant,4
6499,I feel stressed and overwhelmed,She seems withdrawn and quiet,3
6500,I feel anxious most of the day,Seems happy and social,7
6501,I feel emotionally numb,No major change noticed,2
6502,I feel motivated and energetic,He avoids family and sleeps a lot,7
6503,I feel emotionally numb,Shows signs of irritability,10
6504,I feel emotionally numb,Behavior appears normal,3
6505,I feel anxious most of the day,Appears emotionally distant,9
6506,I feel fine and stable,Actively interacts with family,3
6507,I feel stressed and overwhelmed,He avoids family and sleeps a lot,7
6508,I feel tired and hopeless,No major change noticed,7
6509,I feel disconnected from people,Mood fluctuates frequently,8
6510,I feel worried about everything,Shows signs of irritability,10
6511,I feel worried about everything,He avoids family and sleeps a lot,4
6512,I feel emotionally numb,Behavior appears normal,3
6513,I feel fine and stable,She seems withdrawn and quiet,6
6514,I feel stressed and overwhelmed,Actively interacts with family,9
6515,I feel stressed and overwhelmed,Shows signs of irritability,10
6516,I feel tired and hopeless,He avoids family and sleeps a lot,10
6517,I feel motivated and energetic,No major change noticed,9
6518,I feel worried about everything,Appears emotionally distant,7
6519,I feel anxious most of the day,Actively interacts with family,7
6520,I feel tired and hopeless,Shows signs of irritability,10
6521,I feel calm and normal,Appears emotionally distant,3
6522,I feel disconnected from people,She seems withdrawn and quiet,2
6523,I feel emotionally numb,Actively interacts with family,10
6524,I feel sad without any clear reason,No major change noticed,3
6525,I feel anxious most of the day,Often prefers to stay alone,1
6526,I feel anxious most of the day,Mood fluctuates frequently,2
6527,I feel tired and hopeless,Appears emotionally distant,10
6528,I feel motivated and energetic,She seems withdrawn and quiet,1
6529,I feel anxious most of the day,Often prefers to stay alone,8
6530,I feel motivated and energetic,Behavior appears normal,8
6531,I feel worried about everything,Mood fluctuates frequently,10
6532,I feel sad without any clear reason,Shows signs of irritability,9
6533,I feel emotionally numb,Mood fluctuates frequently,6
6534,I feel stressed and overwhelmed,No major change noticed,1
6535,I feel tired and hopeless,Appears emotionally distant,4
6536,I feel anxious most of the day,Actively interacts with family,3
6537,I feel stressed and overwhelmed,He avoids family and sleeps a lot,5
6538,I feel anxious most of the day,She seems withdrawn and quiet,7
6539,I feel tired and hopeless,He avoids family and sleeps a lot,6
6540,I feel anxious most of the day,No major change noticed,7
6541,I feel sad without any clear reason,Often prefers to stay alone,7
6542,I feel sad without any clear reason,Mood fluctuates frequently,7
6543,I feel stressed and overwhelmed,She seems withdrawn and quiet,6
6544,I feel sad without any clear reason,Shows signs of irritability,2
6545,I feel stressed and overwhelmed,Seems happy and social,5
6546,I feel calm and normal,Shows signs of irritability,10
6547,I feel sad without any clear reason,Actively interacts with family,2
6548,I feel fine and stable,Often prefers to stay alone,3
6549,I feel motivated and energetic,Appears emotionally distant,4
6550,I feel motivated and energetic,Shows signs of irritability,7
6551,I feel calm and normal,Shows signs of irritability,2
6552,I feel motivated and energetic,She seems withdrawn and quiet,6
6553,I feel tired and hopeless,Actively interacts with family,2
6554,I feel tired and hopeless,He avoids family and sleeps a lot,5
6555,I feel calm and normal,Appears emotionally distant,2
6556,I feel sad without any clear reason,Often prefers to stay alone,2
6557,I feel worried about everything,Seems happy and social,2
6558,I feel anxious most of the day,No major change noticed,10
6559,I feel disconnected from people,She seems withdrawn and quiet,6
6560,I feel anxious most of the day,Shows signs of irritability,1
6561,I feel stressed and overwhelmed,Actively interacts with family,6
6562,I feel worried about everything,Seems happy and social,10
6563,I feel motivated and energetic,Appears emotionally distant,10
6564,I feel stressed and overwhelmed,Appears emotionally distant,3
6565,I feel emotionally numb,Mood fluctuates frequently,4
6566,I feel worried about everything,Shows signs of irritability,7
6567,I feel anxious most of the day,No major change noticed,1
6568,I feel tired and hopeless,Often prefers to stay alone,1
6569,I feel motivated and energetic,He avoids family and sleeps a lot,6
6570,I feel disconnected from people,She seems withdrawn and quiet,3
6571,I feel motivated and energetic,Behavior appears normal,3
6572,I feel worried about everything,Appears emotionally distant,6
6573,I feel calm and normal,No major change noticed,3
6574,I feel emotionally numb,He avoids family and sleeps a lot,8
6575,I feel calm and normal,He avoids family and sleeps a lot,5
6576,I feel tired and hopeless,Behavior appears normal,4
6577,I feel motivated and energetic,Often prefers to stay alone,2
6578,I feel fine and stable,No major change noticed,5
6579,I feel disconnected from people,Shows signs of irritability,2
6580,I feel stressed and overwhelmed,Often prefers to stay alone,6
6581,I feel stressed and overwhelmed,She seems withdrawn and quiet,3
6582,I feel disconnected from people,Often prefers to stay alone,5
6583,I feel motivated and energetic,Actively interacts with family,8
6584,I feel fine and stable,Mood fluctuates frequently,3
6585,I feel fine and stable,He avoids family and sleeps a lot,7
6586,I feel disconnected from people,Appears emotionally distant,4
6587,I feel sad without any clear reason,Appears emotionally distant,6
6588,I feel emotionally numb,Shows signs of irritability,2
6589,I feel stressed and overwhelmed,He avoids family and sleeps a lot,8
6590,I feel worried about everything,Actively interacts with family,6
6591,I feel tired and hopeless,Shows signs of irritability,9
6592,I feel tired and hopeless,No major change noticed,3
6593,I feel motivated and energetic,Mood fluctuates frequently,1
6594,I feel anxious most of the day,Seems happy and social,6
6595,I feel stressed and overwhelmed,No major change noticed,5
6596,I feel disconnected from people,Appears emotionally distant,8
6597,I feel motivated and energetic,No major change noticed,2
6598,I feel fine and stable,Behavior appears normal,8
6599,I feel anxious most of the day,Actively interacts with family,6
6600,I feel motivated and energetic,No major change noticed,1
6601,I feel anxious most of the day,Actively interacts with family,8
6602,I feel stressed and overwhelmed,Behavior appears normal,1
6603,I feel worried about everything,Appears emotionally distant,1
6604,I feel worried about everything,Mood fluctuates frequently,6
6605,I feel tired and hopeless,Often prefers to stay alone,4
6606,I feel sad without any clear reason,Appears emotionally distant,4
6607,I feel emotionally numb,Mood fluctuates frequently,1
6608,I feel fine and stable,Seems happy and social,6
6609,I feel motivated and energetic,Seems happy and social,10
6610,I feel disconnected from people,Mood fluctuates frequently,3
6611,I feel stressed and overwhelmed,Shows signs of irritability,6
6612,I feel calm and normal,Actively interacts with family,8
6613,I feel disconnected from people,Appears emotionally distant,9
6614,I feel emotionally numb,He avoids family and sleeps a lot,10
6615,I feel stressed and overwhelmed,Seems happy and social,7
6616,I feel motivated and energetic,Actively interacts with family,10
6617,I feel fine and stable,Actively interacts with family,5
6618,I feel disconnected from people,Behavior appears normal,2
6619,I feel disconnected from people,Shows signs of irritability,5
6620,I feel calm and normal,Seems happy and social,5
6621,I feel emotionally numb,Mood fluctuates frequently,9
6622,I feel anxious most of the day,Often prefers to stay alone,9
6623,I feel disconnected from people,No major change noticed,1
6624,I feel stressed and overwhelmed,Actively interacts with family,7
6625,I feel stressed and overwhelmed,He avoids family and sleeps a lot,8
6626,I feel anxious most of the day,Mood fluctuates frequently,4
6627,I feel anxious most of the day,No major change noticed,5
6628,I feel sad without any clear reason,Often prefers to stay alone,4
6629,I feel calm and normal,Shows signs of irritability,8
6630,I feel sad without any clear reason,Seems happy and social,4
6631,I feel motivated and energetic,No major change noticed,9
6632,I feel motivated and energetic,No major change noticed,7
6633,I feel emotionally numb,Actively interacts with family,6
6634,I feel stressed and overwhelmed,Shows signs of irritability,6
6635,I feel worried about everything,Shows signs of irritability,10
6636,I feel emotionally numb,Mood fluctuates frequently,9
6637,I feel fine and stable,No major change noticed,2
6638,I feel tired and hopeless,Shows signs of irritability,3
6639,I feel calm and normal,Often prefers to stay alone,6
6640,I feel emotionally numb,Shows signs of irritability,7
6641,I feel emotionally numb,She seems withdrawn and quiet,3
6642,I feel anxious most of the day,Often prefers to stay alone,9
6643,I feel calm and normal,Mood fluctuates frequently,2
6644,I feel tired and hopeless,Behavior appears normal,6
6645,I feel worried about everything,Behavior appears normal,9
6646,I feel worried about everything,Seems happy and social,8
6647,I feel calm and normal,Mood fluctuates frequently,6
6648,I feel sad without any clear reason,She seems withdrawn and quiet,3
6649,I feel anxious most of the day,Behavior appears normal,3
6650,I feel disconnected from people,Often prefers to stay alone,10
6651,I feel disconnected from people,Shows signs of irritability,5
6652,I feel emotionally numb,She seems withdrawn and quiet,10
6653,I feel disconnected from people,Actively interacts with family,9
6654,I feel tired and hopeless,No major change noticed,8
6655,I feel calm and normal,He avoids family and sleeps a lot,7
6656,I feel stressed and overwhelmed,Shows signs of irritability,10
6657,I feel disconnected from people,He avoids family and sleeps a lot,9
6658,I feel sad without any clear reason,He avoids family and sleeps a lot,1
6659,I feel sad without any clear reason,Appears emotionally distant,8
6660,I feel calm and normal,Shows signs of irritability,1
6661,I feel disconnected from people,Mood fluctuates frequently,5
6662,I feel motivated and energetic,Shows signs of irritability,3
6663,I feel calm and normal,She seems withdrawn and quiet,8
6664,I feel emotionally numb,Actively interacts with family,10
6665,I feel disconnected from people,Mood fluctuates frequently,1
6666,I feel fine and stable,Seems happy and social,8
6667,I feel stressed and overwhelmed,Appears emotionally distant,5
6668,I feel calm and normal,She seems withdrawn and quiet,1
6669,I feel motivated and energetic,Appears emotionally distant,5
6670,I feel fine and stable,No major change noticed,8
6671,I feel disconnected from people,Shows signs of irritability,6
6672,I feel tired and hopeless,Shows signs of irritability,7
6673,I feel sad without any clear reason,Mood fluctuates frequently,4
6674,I feel stressed and overwhelmed,He avoids family and sleeps a lot,7
6675,I feel stressed and overwhelmed,No major change noticed,10
6676,I feel motivated and energetic,Seems happy and social,5
6677,I feel calm and normal,Shows signs of irritability,5
6678,I feel stressed and overwhelmed,Appears emotionally distant,5
6679,I feel motivated and energetic,Mood fluctuates frequently,9
6680,I feel motivated and energetic,Seems happy and social,10
6681,I feel stressed and overwhelmed,Appears emotionally distant,2
6682,I feel fine and stable,He avoids family and sleeps a lot,8
6683,I feel calm and normal,Often prefers to stay alone,1
6684,I feel motivated and energetic,No major change noticed,5
6685,I feel emotionally numb,No major change noticed,8
6686,I feel sad without any clear reason,Mood fluctuates frequently,10
6687,I feel emotionally numb,Often prefers to stay alone,4
6688,I feel stressed and overwhelmed,He avoids family and sleeps a lot,4
6689,I feel disconnected from people,No major change noticed,4
6690,I feel disconnected from people,Behavior appears normal,5
6691,I feel worried about everything,Appears emotionally distant,6
6692,I feel tired and hopeless,Seems happy and social,6
6693,I feel anxious most of the day,Actively interacts with family,4
6694,I feel calm and normal,No major change noticed,6
6695,I feel tired and hopeless,Often prefers to stay alone,8
6696,I feel emotionally numb,Often prefers to stay alone,7
6697,I feel stressed and overwhelmed,Often prefers to stay alone,6
6698,I feel calm and normal,No major change noticed,8
6699,I feel tired and hopeless,No major change noticed,5
6700,I feel anxious most of the day,She seems withdrawn and quiet,1
6701,I feel worried about everything,Mood fluctuates frequently,7
6702,I feel anxious most of the day,Actively interacts with family,4
6703,I feel anxious most of the day,Shows signs of irritability,7
6704,I feel motivated and energetic,Actively interacts with family,10
6705,I feel motivated and energetic,She seems withdrawn and quiet,1
6706,I feel sad without any clear reason,Shows signs of irritability,2
6707,I feel sad without any clear reason,He avoids family and sleeps a lot,5
6708,I feel worried about everything,Often prefers to stay alone,2
6709,I feel worried about everything,Appears emotionally distant,3
6710,I feel emotionally numb,Shows signs of irritability,8
6711,I feel tired and hopeless,She seems withdrawn and quiet,4
6712,I feel stressed and overwhelmed,Mood fluctuates frequently,10
6713,I feel emotionally numb,No major change noticed,8
6714,I feel disconnected from people,She seems withdrawn and quiet,2
6715,I feel tired and hopeless,Shows signs of irritability,1
6716,I feel anxious most of the day,Appears emotionally distant,4
6717,I feel calm and normal,Appears emotionally distant,10
6718,I feel stressed and overwhelmed,Mood fluctuates frequently,3
6719,I feel emotionally numb,Actively interacts with family,8
6720,I feel disconnected from people,Actively interacts with family,8
6721,I feel calm and normal,He avoids family and sleeps a lot,4
6722,I feel emotionally numb,Behavior appears normal,6
6723,I feel disconnected from people,She seems withdrawn and quiet,10
6724,I feel disconnected from people,Shows signs of irritability,5
6725,I feel fine and stable,Seems happy and social,1
6726,I feel worried about everything,She seems withdrawn and quiet,7
6727,I feel motivated and energetic,Appears emotionally distant,7
6728,I feel tired and hopeless,Seems happy and social,4
6729,I feel calm and normal,Behavior appears normal,7
6730,I feel calm and normal,Appears emotionally distant,3
6731,I feel stressed and overwhelmed,Often prefers to stay alone,3
6732,I feel worried about everything,Shows signs of irritability,10
6733,I feel calm and normal,He avoids family and sleeps a lot,1
6734,I feel worried about everything,Often prefers to stay alone,10
6735,I feel tired and hopeless,He avoids family and sleeps a lot,7
6736,I feel calm and normal,Shows signs of irritability,10
6737,I feel disconnected from people,He avoids family and sleeps a lot,3
6738,I feel calm and normal,Seems happy and social,6
6739,I feel tired and hopeless,Behavior appears normal,1
6740,I feel tired and hopeless,Seems happy and social,3
6741,I feel worried about everything,Mood fluctuates frequently,6
6742,I feel tired and hopeless,Seems happy and social,1
6743,I feel tired and hopeless,Shows signs of irritability,4
6744,I feel motivated and energetic,Appears emotionally distant,9
6745,I feel emotionally numb,Mood fluctuates frequently,8
6746,I feel worried about everything,Shows signs of irritability,5
6747,I feel worried about everything,Often prefers to stay alone,9
6748,I feel stressed and overwhelmed,Behavior appears normal,1
6749,I feel worried about everything,Behavior appears normal,5
6750,I feel calm and normal,Seems happy and social,2
6751,I feel anxious most of the day,Often prefers to stay alone,4
6752,I feel emotionally numb,Seems happy and social,3
6753,I feel emotionally numb,He avoids family and sleeps a lot,4
6754,I feel anxious most of the day,Behavior appears normal,5
6755,I feel tired and hopeless,She seems withdrawn and quiet,1
6756,I feel anxious most of the day,Shows signs of irritability,10
6757,I feel motivated and energetic,Seems happy and social,2
6758,I feel tired and hopeless,Often prefers to stay alone,4
6759,I feel anxious most of the day,Mood fluctuates frequently,2
6760,I feel calm and normal,Shows signs of irritability,2
6761,I feel sad without any clear reason,Often prefers to stay alone,7
6762,I feel sad without any clear reason,Behavior appears normal,4
6763,I feel disconnected from people,Behavior appears normal,9
6764,I feel calm and normal,Behavior appears normal,7
6765,I feel stressed and overwhelmed,No major change noticed,9
6766,I feel disconnected from people,No major change noticed,9
6767,I feel sad without any clear reason,Shows signs of irritability,2
6768,I feel sad without any clear reason,Actively interacts with family,6
6769,I feel emotionally numb,Often prefers to stay alone,3
6770,I feel sad without any clear reason,Shows signs of irritability,3
6771,I feel anxious most of the day,Often prefers to stay alone,7
6772,I feel disconnected from people,Shows signs of irritability,5
6773,I feel motivated and energetic,Seems happy and social,9
6774,I feel fine and stable,Seems happy and social,2
6775,I feel tired and hopeless,He avoids family and sleeps a lot,1
6776,I feel motivated and energetic,Actively interacts with family,9
6777,I feel anxious most of the day,Behavior appears normal,7
6778,I feel emotionally numb,Mood fluctuates frequently,7
6779,I feel stressed and overwhelmed,Appears emotionally distant,4
6780,I feel stressed and overwhelmed,Behavior appears normal,6
6781,I feel anxious most of the day,He avoids family and sleeps a lot,1
6782,I feel sad without any clear reason,Often prefers to stay alone,3
6783,I feel anxious most of the day,No major change noticed,6
6784,I feel tired and hopeless,He avoids family and sleeps a lot,1
6785,I feel worried about everything,Often prefers to stay alone,5
6786,I feel disconnected from people,No major change noticed,8
6787,I feel emotionally numb,No major change noticed,5
6788,I feel worried about everything,Shows signs of irritability,8
6789,I feel emotionally numb,Seems happy and social,2
6790,I feel fine and stable,Seems happy and social,2
6791,I feel stressed and overwhelmed,Shows signs of irritability,5
6792,I feel sad without any clear reason,Seems happy and social,9
6793,I feel stressed and overwhelmed,Often prefers to stay alone,8
6794,I feel fine and stable,Actively interacts with family,7
6795,I feel emotionally numb,She seems withdrawn and quiet,10
6796,I feel tired and hopeless,He avoids family and sleeps a lot,6
6797,I feel stressed and overwhelmed,Behavior appears normal,5
6798,I feel tired and hopeless,Behavior appears normal,6
6799,I feel fine and stable,Often prefers to stay alone,3
6800,I feel sad without any clear reason,Actively interacts with family,8
6801,I feel worried about everything,No major change noticed,3
6802,I feel emotionally numb,He avoids family and sleeps a lot,8
6803,I feel calm and normal,No major change noticed,3
6804,I feel fine and stable,Appears emotionally distant,2
6805,I feel fine and stable,Shows signs of irritability,8
6806,I feel calm and normal,Appears emotionally distant,10
6807,I feel stressed and overwhelmed,Shows signs of irritability,5
6808,I feel stressed and overwhelmed,He avoids family and sleeps a lot,4
6809,I feel disconnected from people,He avoids family and sleeps a lot,5
6810,I feel fine and stable,Behavior appears normal,7
6811,I feel disconnected from people,He avoids family and sleeps a lot,7
6812,I feel anxious most of the day,Mood fluctuates frequently,4
6813,I feel disconnected from people,Shows signs of irritability,2
6814,I feel anxious most of the day,She seems withdrawn and quiet,10
6815,I feel fine and stable,Appears emotionally distant,1
6816,I feel emotionally numb,Seems happy and social,6
6817,I feel tired and hopeless,No major change noticed,9
6818,I feel calm and normal,Actively interacts with family,2
6819,I feel calm and normal,Behavior appears normal,5
6820,I feel worried about everything,Mood fluctuates frequently,10
6821,I feel anxious most of the day,Mood fluctuates frequently,2
6822,I feel emotionally numb,Actively interacts with family,4
6823,I feel fine and stable,She seems withdrawn and quiet,1
6824,I feel sad without any clear reason,Actively interacts with family,4
6825,I feel worried about everything,Actively interacts with family,6
6826,I feel fine and stable,He avoids family and sleeps a lot,4
6827,I feel anxious most of the day,He avoids family and sleeps a lot,4
6828,I feel emotionally numb,Behavior appears normal,6
6829,I feel sad without any clear reason,No major change noticed,9
6830,I feel stressed and overwhelmed,Often prefers to stay alone,6
6831,I feel motivated and energetic,Mood fluctuates frequently,9
6832,I feel disconnected from people,Often prefers to stay alone,10
6833,I feel calm and normal,Mood fluctuates frequently,1
6834,I feel tired and hopeless,Mood fluctuates frequently,4
6835,I feel worried about everything,Appears emotionally distant,4
6836,I feel fine and stable,Often prefers to stay alone,5
6837,I feel worried about everything,Behavior appears normal,5
6838,I feel fine and stable,She seems withdrawn and quiet,7
6839,I feel motivated and energetic,Mood fluctuates frequently,8
6840,I feel anxious most of the day,Shows signs of irritability,2
6841,I feel calm and normal,Behavior appears normal,3
6842,I feel motivated and energetic,Mood fluctuates frequently,4
6843,I feel calm and normal,Appears emotionally distant,7
6844,I feel emotionally numb,No major change noticed,3
6845,I feel stressed and overwhelmed,She seems withdrawn and quiet,4
6846,I feel fine and stable,Mood fluctuates frequently,8
6847,I feel anxious most of the day,No major change noticed,1
6848,I feel fine and stable,No major change noticed,6
6849,I feel fine and stable,Seems happy and social,6
6850,I feel stressed and overwhelmed,Behavior appears normal,6
6851,I feel anxious most of the day,Often prefers to stay alone,5
6852,I feel sad without any clear reason,Often prefers to stay alone,5
6853,I feel disconnected from people,Seems happy and social,3
6854,I feel motivated and energetic,Shows signs of irritability,9
6855,I feel anxious most of the day,Seems happy and social,2
6856,I feel emotionally numb,Actively interacts with family,8
6857,I feel tired and hopeless,Actively interacts with family,8
6858,I feel tired and hopeless,She seems withdrawn and quiet,1
6859,I feel stressed and overwhelmed,Behavior appears normal,3
6860,I feel calm and normal,Seems happy and social,5
6861,I feel sad without any clear reason,Mood fluctuates frequently,3
6862,I feel disconnected from people,Actively interacts with family,2
6863,I feel worried about everything,Mood fluctuates frequently,3
6864,I feel motivated and energetic,No major change noticed,3
6865,I feel emotionally numb,Appears emotionally distant,8
6866,I feel motivated and energetic,No major change noticed,7
6867,I feel tired and hopeless,No major change noticed,10
6868,I feel disconnected from people,Often prefers to stay alone,8
6869,I feel calm and normal,No major change noticed,1
6870,I feel disconnected from people,Often prefers to stay alone,9
6871,I feel motivated and energetic,Actively interacts with family,9
6872,I feel stressed and overwhelmed,Shows signs of irritability,10
6873,I feel disconnected from people,Actively interacts with family,2
6874,I feel fine and stable,No major change noticed,1
6875,I feel anxious most of the day,He avoids family and sleeps a lot,2
6876,I feel anxious most of the day,Mood fluctuates frequently,6
6877,I feel motivated and energetic,Often prefers to stay alone,2
6878,I feel emotionally numb,He avoids family and sleeps a lot,9
6879,I feel emotionally numb,She seems withdrawn and quiet,5
6880,I feel worried about everything,Often prefers to stay alone,8
6881,I feel emotionally numb,He avoids family and sleeps a lot,6
6882,I feel calm and normal,Behavior appears normal,2
6883,I feel emotionally numb,Mood fluctuates frequently,1
6884,I feel fine and stable,Actively interacts with family,4
6885,I feel anxious most of the day,Mood fluctuates frequently,5
6886,I feel disconnected from people,No major change noticed,1
6887,I feel worried about everything,Often prefers to stay alone,2
6888,I feel anxious most of the day,Seems happy and social,4
6889,I feel tired and hopeless,Appears emotionally distant,4
6890,I feel disconnected from people,Often prefers to stay alone,6
6891,I feel emotionally numb,Seems happy and social,4
6892,I feel fine and stable,Seems happy and social,8
6893,I feel stressed and overwhelmed,Actively interacts with family,7
6894,I feel motivated and energetic,Appears emotionally distant,10
6895,I feel fine and stable,Mood fluctuates frequently,6
6896,I feel tired and hopeless,Often prefers to stay alone,5
6897,I feel worried about everything,Appears emotionally distant,3
6898,I feel fine and stable,Often prefers to stay alone,6
6899,I feel calm and normal,Appears emotionally distant,5
6900,I feel tired and hopeless,Seems happy and social,1
6901,I feel emotionally numb,Behavior appears normal,4
6902,I feel calm and normal,Actively interacts with family,4
6903,I feel disconnected from people,He avoids family and sleeps a lot,4
6904,I feel disconnected from people,She seems withdrawn and quiet,4
6905,I feel fine and stable,Appears emotionally distant,10
6906,I feel calm and normal,Seems happy and social,3
6907,I feel stressed and overwhelmed,He avoids family and sleeps a lot,2
6908,I feel tired and hopeless,Seems happy and social,1
6909,I feel anxious most of the day,No major change noticed,2
6910,I feel emotionally numb,Behavior appears normal,1
6911,I feel worried about everything,Mood fluctuates frequently,4
6912,I feel motivated and energetic,Appears emotionally distant,10
6913,I feel emotionally numb,He avoids family and sleeps a lot,2
6914,I feel emotionally numb,Appears emotionally distant,5
6915,I feel disconnected from people,Often prefers to stay alone,7
6916,I feel tired and hopeless,Shows signs of irritability,5
6917,I feel fine and stable,Seems happy and social,6
6918,I feel worried about everything,Often prefers to stay alone,8
6919,I feel fine and stable,No major change noticed,6
6920,I feel stressed and overwhelmed,Shows signs of irritability,9
6921,I feel worried about everything,Seems happy and social,3
6922,I feel calm and normal,Actively interacts with family,10
6923,I feel worried about everything,Mood fluctuates frequently,2
6924,I feel worried about everything,Seems happy and social,3
6925,I feel stressed and overwhelmed,Shows signs of irritability,3
6926,I feel emotionally numb,No major change noticed,8
6927,I feel calm and normal,Mood fluctuates frequently,10
6928,I feel calm and normal,Appears emotionally distant,2
6929,I feel motivated and energetic,Shows signs of irritability,6
6930,I feel fine and stable,Shows signs of irritability,1
6931,I feel worried about everything,Seems happy and social,1
6932,I feel emotionally numb,Often prefers to stay alone,10
6933,I feel anxious most of the day,Seems happy and social,8
6934,I feel stressed and overwhelmed,No major change noticed,9
6935,I feel sad without any clear reason,Often prefers to stay alone,6
6936,I feel worried about everything,Appears emotionally distant,5
6937,I feel stressed and overwhelmed,Actively interacts with family,6
6938,I feel fine and stable,Appears emotionally distant,8
6939,I feel worried about everything,Behavior appears normal,10
6940,I feel anxious most of the day,Actively interacts with family,8
6941,I feel worried about everything,She seems withdrawn and quiet,4
6942,I feel stressed and overwhelmed,Appears emotionally distant,2
6943,I feel emotionally numb,No major change noticed,7
6944,I feel disconnected from people,Mood fluctuates frequently,8
6945,I feel emotionally numb,Actively interacts with family,10
6946,I feel disconnected from people,He avoids family and sleeps a lot,8
6947,I feel emotionally numb,She seems withdrawn and quiet,10
6948,I feel fine and stable,Behavior appears normal,7
6949,I feel fine and stable,Seems happy and social,6
6950,I feel anxious most of the day,Actively interacts with family,8
6951,I feel emotionally numb,Mood fluctuates frequently,3
6952,I feel stressed and overwhelmed,No major change noticed,2
6953,I feel sad without any clear reason,She seems withdrawn and quiet,2
6954,I feel tired and hopeless,Often prefers to stay alone,4
6955,I feel sad without any clear reason,He avoids family and sleeps a lot,1
6956,I feel fine and stable,Often prefers to stay alone,8
6957,I feel motivated and energetic,Mood fluctuates frequently,6
6958,I feel motivated and energetic,Mood fluctuates frequently,9
6959,I feel calm and normal,Shows signs of irritability,9
6960,I feel sad without any clear reason,No major change noticed,3
6961,I feel stressed and overwhelmed,She seems withdrawn and quiet,7
6962,I feel emotionally numb,Actively interacts with family,9
6963,I feel calm and normal,She seems withdrawn and quiet,5
6964,I feel anxious most of the day,He avoids family and sleeps a lot,3
6965,I feel worried about everything,Actively interacts with family,10
6966,I feel tired and hopeless,Actively interacts with family,10
6967,I feel stressed and overwhelmed,He avoids family and sleeps a lot,8
6968,I feel worried about everything,Mood fluctuates frequently,4
6969,I feel anxious most of the day,Mood fluctuates frequently,4
6970,I feel calm and normal,Seems happy and social,5
6971,I feel calm and normal,Shows signs of irritability,10
6972,I feel fine and stable,Often prefers to stay alone,8
6973,I feel emotionally numb,Behavior appears normal,3
6974,I feel motivated and energetic,Often prefers to stay alone,7
6975,I feel calm and normal,No major change noticed,2
6976,I feel stressed and overwhelmed,No major change noticed,6
6977,I feel calm and normal,Mood fluctuates frequently,3
6978,I feel stressed and overwhelmed,Seems happy and social,7
6979,I feel stressed and overwhelmed,Shows signs of irritability,5
6980,I feel anxious most of the day,Often prefers to stay alone,3
6981,I feel tired and hopeless,Shows signs of irritability,7
6982,I feel stressed and overwhelmed,Actively interacts with family,10
6983,I feel emotionally numb,Behavior appears normal,3
6984,I feel tired and hopeless,She seems withdrawn and quiet,5
6985,I feel sad without any clear reason,Behavior appears normal,3
6986,I feel stressed and overwhelmed,Appears emotionally distant,2
6987,I feel motivated and energetic,Mood fluctuates frequently,8
6988,I feel fine and stable,Appears emotionally distant,1
6989,I feel fine and stable,Mood fluctuates frequently,3
6990,I feel calm and normal,Often prefers to stay alone,5
6991,I feel calm and normal,No major change noticed,5
6992,I feel tired and hopeless,Mood fluctuates frequently,9
6993,I feel anxious most of the day,Actively interacts with family,6
6994,I feel disconnected from people,Mood fluctuates frequently,4
6995,I feel stressed and overwhelmed,Actively interacts with family,6
6996,I feel emotionally numb,Mood fluctuates frequently,3
6997,I feel sad without any clear reason,Mood fluctuates frequently,7
6998,I feel anxious most of the day,He avoids family and sleeps a lot,9
6999,I feel worried about everything,Appears emotionally distant,3
7000,I feel disconnected from people,No major change noticed,9
7001,I feel emotionally numb,No major change noticed,3
7002,I feel emotionally numb,Appears emotionally distant,1
7003,I feel stressed and overwhelmed,No major change noticed,6
7004,I feel motivated and energetic,Appears emotionally distant,9
7005,I feel worried about everything,She seems withdrawn and quiet,2
7006,I feel anxious most of the day,Mood fluctuates frequently,5
7007,I feel stressed and overwhelmed,Actively interacts with family,2
7008,I feel motivated and energetic,Actively interacts with family,7
7009,I feel stressed and overwhelmed,Appears emotionally distant,2
7010,I feel disconnected from people,He avoids family and sleeps a lot,10
7011,I feel emotionally numb,No major change noticed,6
7012,I feel calm and normal,She seems withdrawn and quiet,8
7013,I feel stressed and overwhelmed,She seems withdrawn and quiet,1
7014,I feel disconnected from people,Behavior appears normal,8
7015,I feel sad without any clear reason,Often prefers to stay alone,1
7016,I feel motivated and energetic,Actively interacts with family,10
7017,I feel calm and normal,Appears emotionally distant,10
7018,I feel fine and stable,She seems withdrawn and quiet,2
7019,I feel motivated and energetic,She seems withdrawn and quiet,3
7020,I feel anxious most of the day,She seems withdrawn and quiet,10
7021,I feel disconnected from people,Often prefers to stay alone,1
7022,I feel calm and normal,Mood fluctuates frequently,1
7023,I feel calm and normal,Shows signs of irritability,3
7024,I feel emotionally numb,He avoids family and sleeps a lot,4
7025,I feel stressed and overwhelmed,Behavior appears normal,10
7026,I feel worried about everything,Shows signs of irritability,3
7027,I feel motivated and energetic,Shows signs of irritability,2
7028,I feel stressed and overwhelmed,Seems happy and social,1
7029,I feel stressed and overwhelmed,Mood fluctuates frequently,4
7030,I feel anxious most of the day,Actively interacts with family,6
7031,I feel disconnected from people,Shows signs of irritability,7
7032,I feel disconnected from people,Actively interacts with family,3
7033,I feel stressed and overwhelmed,She seems withdrawn and quiet,10
7034,I feel tired and hopeless,No major change noticed,5
7035,I feel tired and hopeless,He avoids family and sleeps a lot,9
7036,I feel motivated and energetic,Actively interacts with family,10
7037,I feel worried about everything,Actively interacts with family,4
7038,I feel anxious most of the day,He avoids family and sleeps a lot,2
7039,I feel calm and normal,He avoids family and sleeps a lot,6
7040,I feel fine and stable,Appears emotionally distant,10
7041,I feel worried about everything,Actively interacts with family,10
7042,I feel calm and normal,Shows signs of irritability,6
7043,I feel stressed and overwhelmed,Mood fluctuates frequently,8
7044,I feel anxious most of the day,Mood fluctuates frequently,3
7045,I feel worried about everything,She seems withdrawn and quiet,9
7046,I feel stressed and overwhelmed,Actively interacts with family,6
7047,I feel fine and stable,Appears emotionally distant,4
7048,I feel calm and normal,Mood fluctuates frequently,5
7049,I feel anxious most of the day,She seems withdrawn and quiet,9
7050,I feel motivated and energetic,Often prefers to stay alone,9
7051,I feel fine and stable,Shows signs of irritability,4
7052,I feel disconnected from people,He avoids family and sleeps a lot,2
7053,I feel stressed and overwhelmed,Shows signs of irritability,2
7054,I feel motivated and energetic,She seems withdrawn and quiet,10
7055,I feel emotionally numb,Mood fluctuates frequently,2
7056,I feel fine and stable,Mood fluctuates frequently,6
7057,I feel motivated and energetic,Seems happy and social,4
7058,I feel worried about everything,Appears emotionally distant,9
7059,I feel motivated and energetic,Often prefers to stay alone,4
7060,I feel tired and hopeless,She seems withdrawn and quiet,6
7061,I feel stressed and overwhelmed,Behavior appears normal,3
7062,I feel worried about everything,Seems happy and social,10
7063,I feel emotionally numb,Often prefers to stay alone,1
7064,I feel tired and hopeless,Behavior appears normal,8
7065,I feel emotionally numb,Mood fluctuates frequently,2
7066,I feel emotionally numb,She seems withdrawn and quiet,1
7067,I feel sad without any clear reason,Seems happy and social,5
7068,I feel anxious most of the day,Behavior appears normal,7
7069,I feel fine and stable,Shows signs of irritability,10
7070,I feel worried about everything,Mood fluctuates frequently,6
7071,I feel stressed and overwhelmed,Often prefers to stay alone,3
7072,I feel fine and stable,Mood fluctuates frequently,4
7073,I feel anxious most of the day,No major change noticed,2
7074,I feel sad without any clear reason,Actively interacts with family,8
7075,I feel worried about everything,He avoids family and sleeps a lot,1
7076,I feel emotionally numb,No major change noticed,2
7077,I feel motivated and energetic,Shows signs of irritability,2
7078,I feel stressed and overwhelmed,Appears emotionally distant,4
7079,I feel calm and normal,Appears emotionally distant,1
7080,I feel calm and normal,He avoids family and sleeps a lot,5
7081,I feel stressed and overwhelmed,He avoids family and sleeps a lot,1
7082,I feel calm and normal,He avoids family and sleeps a lot,2
7083,I feel stressed and overwhelmed,Mood fluctuates frequently,1
7084,I feel sad without any clear reason,She seems withdrawn and quiet,4
7085,I feel anxious most of the day,She seems withdrawn and quiet,5
7086,I feel worried about everything,She seems withdrawn and quiet,3
7087,I feel anxious most of the day,She seems withdrawn and quiet,5
7088,I feel stressed and overwhelmed,He avoids family and sleeps a lot,1
7089,I feel sad without any clear reason,Appears emotionally distant,7
7090,I feel worried about everything,Actively interacts with family,3
7091,I feel sad without any clear reason,He avoids family and sleeps a lot,6
7092,I feel worried about everything,Often prefers to stay alone,5
7093,I feel fine and stable,She seems withdrawn and quiet,1
7094,I feel sad without any clear reason,Often prefers to stay alone,8
7095,I feel calm and normal,Mood fluctuates frequently,2
7096,I feel tired and hopeless,Appears emotionally distant,10
7097,I feel worried about everything,Mood fluctuates frequently,3
7098,I feel stressed and overwhelmed,No major change noticed,9
7099,I feel disconnected from people,She seems withdrawn and quiet,3
7100,I feel emotionally numb,Shows signs of irritability,5
7101,I feel emotionally numb,Seems happy and social,10
7102,I feel disconnected from people,Behavior appears normal,9
7103,I feel anxious most of the day,Seems happy and social,10
7104,I feel calm and normal,Often prefers to stay alone,3
7105,I feel anxious most of the day,No major change noticed,4
7106,I feel worried about everything,He avoids family and sleeps a lot,10
7107,I feel motivated and energetic,Mood fluctuates frequently,7
7108,I feel disconnected from people,Often prefers to stay alone,10
7109,I feel stressed and overwhelmed,She seems withdrawn and quiet,9
7110,I feel emotionally numb,She seems withdrawn and quiet,5
7111,I feel calm and normal,Often prefers to stay alone,3
7112,I feel motivated and energetic,Often prefers to stay alone,1
7113,I feel emotionally numb,Shows signs of irritability,2
7114,I feel stressed and overwhelmed,Shows signs of irritability,9
7115,I feel emotionally numb,She seems withdrawn and quiet,3
7116,I feel stressed and overwhelmed,Behavior appears normal,7
7117,I feel calm and normal,No major change noticed,4
7118,I feel motivated and energetic,Shows signs of irritability,7
7119,I feel fine and stable,No major change noticed,9
7120,I feel stressed and overwhelmed,Actively interacts with family,7
7121,I feel stressed and overwhelmed,Actively interacts with family,4
7122,I feel stressed and overwhelmed,Behavior appears normal,10
7123,I feel tired and hopeless,He avoids family and sleeps a lot,5
7124,I feel stressed and overwhelmed,Often prefers to stay alone,6
7125,I feel tired and hopeless,Often prefers to stay alone,3
7126,I feel tired and hopeless,No major change noticed,6
7127,I feel worried about everything,Seems happy and social,4
7128,I feel motivated and energetic,She seems withdrawn and quiet,10
7129,I feel motivated and energetic,He avoids family and sleeps a lot,10
7130,I feel anxious most of the day,Actively interacts with family,8
7131,I feel tired and hopeless,Often prefers to stay alone,4
7132,I feel worried about everything,Actively interacts with family,4
7133,I feel motivated and energetic,She seems withdrawn and quiet,2
7134,I feel sad without any clear reason,No major change noticed,7
7135,I feel fine and stable,He avoids family and sleeps a lot,10
7136,I feel disconnected from people,Shows signs of irritability,7
7137,I feel stressed and overwhelmed,No major change noticed,7
7138,I feel calm and normal,Seems happy and social,6
7139,I feel disconnected from people,Appears emotionally distant,8
7140,I feel fine and stable,He avoids family and sleeps a lot,7
7141,I feel calm and normal,Behavior appears normal,1
7142,I feel stressed and overwhelmed,Often prefers to stay alone,2
7143,I feel emotionally numb,He avoids family and sleeps a lot,7
7144,I feel stressed and overwhelmed,No major change noticed,7
7145,I feel stressed and overwhelmed,He avoids family and sleeps a lot,6
7146,I feel calm and normal,She seems withdrawn and quiet,1
7147,I feel worried about everything,Appears emotionally distant,6
7148,I feel emotionally numb,No major change noticed,4
7149,I feel calm and normal,Seems happy and social,5
7150,I feel sad without any clear reason,Actively interacts with family,9
7151,I feel sad without any clear reason,Seems happy and social,8
7152,I feel stressed and overwhelmed,Mood fluctuates frequently,4
7153,I feel sad without any clear reason,Mood fluctuates frequently,10
7154,I feel tired and hopeless,Appears emotionally distant,2
7155,I feel motivated and energetic,Behavior appears normal,9
7156,I feel tired and hopeless,Seems happy and social,8
7157,I feel motivated and energetic,Shows signs of irritability,10
7158,I feel tired and hopeless,Mood fluctuates frequently,5
7159,I feel fine and stable,No major change noticed,7
7160,I feel anxious most of the day,Appears emotionally distant,10
7161,I feel worried about everything,Appears emotionally distant,8
7162,I feel fine and stable,He avoids family and sleeps a lot,9
7163,I feel sad without any clear reason,No major change noticed,4
7164,I feel sad without any clear reason,Seems happy and social,7
7165,I feel stressed and overwhelmed,Shows signs of irritability,2
7166,I feel emotionally numb,Shows signs of irritability,7
7167,I feel worried about everything,He avoids family and sleeps a lot,5
7168,I feel fine and stable,She seems withdrawn and quiet,8
7169,I feel stressed and overwhelmed,Shows signs of irritability,2
7170,I feel tired and hopeless,She seems withdrawn and quiet,7
7171,I feel disconnected from people,Mood fluctuates frequently,7
7172,I feel fine and stable,Seems happy and social,4
7173,I feel emotionally numb,Behavior appears normal,6
7174,I feel stressed and overwhelmed,Actively interacts with family,3
7175,I feel stressed and overwhelmed,Actively interacts with family,5
7176,I feel anxious most of the day,Actively interacts with family,4
7177,I feel emotionally numb,No major change noticed,5
7178,I feel calm and normal,She seems withdrawn and quiet,2
7179,I feel fine and stable,He avoids family and sleeps a lot,10
7180,I feel stressed and overwhelmed,Behavior appears normal,9
7181,I feel tired and hopeless,She seems withdrawn and quiet,2
7182,I feel disconnected from people,Mood fluctuates frequently,7
7183,I feel motivated and energetic,Appears emotionally distant,3
7184,I feel anxious most of the day,She seems withdrawn and quiet,6
7185,I feel stressed and overwhelmed,Seems happy and social,6
7186,I feel fine and stable,No major change noticed,1
7187,I feel fine and stable,Often prefers to stay alone,6
7188,I feel calm and normal,Shows signs of irritability,6
7189,I feel fine and stable,Seems happy and social,5
7190,I feel fine and stable,He avoids family and sleeps a lot,4
7191,I feel disconnected from people,Shows signs of irritability,3
7192,I feel fine and stable,Seems happy and social,1
7193,I feel calm and normal,No major change noticed,7
7194,I feel sad without any clear reason,She seems withdrawn and quiet,5
7195,I feel disconnected from people,He avoids family and sleeps a lot,2
7196,I feel motivated and energetic,Often prefers to stay alone,7
7197,I feel sad without any clear reason,She seems withdrawn and quiet,4
7198,I feel calm and normal,Appears emotionally distant,2
7199,I feel fine and stable,Shows signs of irritability,4
7200,I feel worried about everything,He avoids family and sleeps a lot,3
7201,I feel calm and normal,Often prefers to stay alone,4
7202,I feel worried about everything,Appears emotionally distant,3
7203,I feel stressed and overwhelmed,Appears emotionally distant,1
7204,I feel motivated and energetic,Often prefers to stay alone,7
7205,I feel fine and stable,No major change noticed,1
7206,I feel sad without any clear reason,Appears emotionally distant,5
7207,I feel sad without any clear reason,No major change noticed,5
7208,I feel calm and normal,Seems happy and social,3
7209,I feel worried about everything,Shows signs of irritability,3
7210,I feel disconnected from people,Often prefers to stay alone,6
7211,I feel anxious most of the day,She seems withdrawn and quiet,8
7212,I feel sad without any clear reason,Seems happy and social,5
7213,I feel tired and hopeless,Seems happy and social,4
7214,I feel anxious most of the day,Appears emotionally distant,10
7215,I feel emotionally numb,Mood fluctuates frequently,1
7216,I feel anxious most of the day,Often prefers to stay alone,2
7217,I feel tired and hopeless,Seems happy and social,7
7218,I feel sad without any clear reason,Shows signs of irritability,6
7219,I feel fine and stable,Appears emotionally distant,6
7220,I feel fine and stable,Seems happy and social,6
7221,I feel emotionally numb,He avoids family and sleeps a lot,10
7222,I feel emotionally numb,Often prefers to stay alone,6
7223,I feel sad without any clear reason,Mood fluctuates frequently,9
7224,I feel disconnected from people,She seems withdrawn and quiet,9
7225,I feel sad without any clear reason,Shows signs of irritability,10
7226,I feel sad without any clear reason,Actively interacts with family,9
7227,I feel calm and normal,She seems withdrawn and quiet,1
7228,I feel stressed and overwhelmed,Behavior appears normal,9
7229,I feel anxious most of the day,Mood fluctuates frequently,10
7230,I feel fine and stable,Mood fluctuates frequently,8
7231,I feel anxious most of the day,Mood fluctuates frequently,1
7232,I feel emotionally numb,Seems happy and social,10
7233,I feel stressed and overwhelmed,He avoids family and sleeps a lot,3
7234,I feel anxious most of the day,No major change noticed,2
7235,I feel anxious most of the day,Mood fluctuates frequently,1
7236,I feel anxious most of the day,Actively interacts with family,2
7237,I feel disconnected from people,Mood fluctuates frequently,8
7238,I feel sad without any clear reason,Often prefers to stay alone,9
7239,I feel stressed and overwhelmed,Appears emotionally distant,4
7240,I feel worried about everything,Often prefers to stay alone,2
7241,I feel emotionally numb,Seems happy and social,1
7242,I feel anxious most of the day,Actively interacts with family,3
7243,I feel stressed and overwhelmed,Often prefers to stay alone,2
7244,I feel calm and normal,Mood fluctuates frequently,4
7245,I feel tired and hopeless,Seems happy and social,10
7246,I feel emotionally numb,Seems happy and social,5
7247,I feel motivated and energetic,Seems happy and social,1
7248,I feel anxious most of the day,Behavior appears normal,8
7249,I feel sad without any clear reason,Actively interacts with family,10
7250,I feel motivated and energetic,Appears emotionally distant,10
7251,I feel fine and stable,He avoids family and sleeps a lot,2
7252,I feel fine and stable,Actively interacts with family,2
7253,I feel stressed and overwhelmed,He avoids family and sleeps a lot,4
7254,I feel anxious most of the day,Often prefers to stay alone,1
7255,I feel motivated and energetic,Mood fluctuates frequently,9
7256,I feel calm and normal,Appears emotionally distant,5
7257,I feel tired and hopeless,Mood fluctuates frequently,1
7258,I feel tired and hopeless,She seems withdrawn and quiet,2
7259,I feel tired and hopeless,Appears emotionally distant,10
7260,I feel stressed and overwhelmed,Appears emotionally distant,2
7261,I feel fine and stable,Shows signs of irritability,5
7262,I feel calm and normal,He avoids family and sleeps a lot,9
7263,I feel disconnected from people,Shows signs of irritability,1
7264,I feel tired and hopeless,She seems withdrawn and quiet,7
7265,I feel fine and stable,Shows signs of irritability,1
7266,I feel fine and stable,She seems withdrawn and quiet,8
7267,I feel motivated and energetic,Behavior appears normal,2
7268,I feel calm and normal,Mood fluctuates frequently,10
7269,I feel sad without any clear reason,Often prefers to stay alone,3
7270,I feel fine and stable,Behavior appears normal,8
7271,I feel fine and stable,He avoids family and sleeps a lot,7
7272,I feel motivated and energetic,He avoids family and sleeps a lot,6
7273,I feel disconnected from people,Mood fluctuates frequently,4
7274,I feel calm and normal,Shows signs of irritability,1
7275,I feel stressed and overwhelmed,Often prefers to stay alone,9
7276,I feel motivated and energetic,Shows signs of irritability,5
7277,I feel tired and hopeless,She seems withdrawn and quiet,1
7278,I feel emotionally numb,No major change noticed,7
7279,I feel fine and stable,Actively interacts with family,1
7280,I feel stressed and overwhelmed,Shows signs of irritability,6
7281,I feel anxious most of the day,Seems happy and social,7
7282,I feel anxious most of the day,Actively interacts with family,5
7283,I feel sad without any clear reason,Behavior appears normal,3
7284,I feel worried about everything,Often prefers to stay alone,9
7285,I feel anxious most of the day,Mood fluctuates frequently,7
7286,I feel calm and normal,Seems happy and social,10
7287,I feel anxious most of the day,He avoids family and sleeps a lot,7
7288,I feel worried about everything,Mood fluctuates frequently,10
7289,I feel calm and normal,Appears emotionally distant,1
7290,I feel sad without any clear reason,Shows signs of irritability,8
7291,I feel anxious most of the day,Behavior appears normal,6
7292,I feel worried about everything,Shows signs of irritability,5
7293,I feel anxious most of the day,He avoids family and sleeps a lot,6
7294,I feel disconnected from people,He avoids family and sleeps a lot,5
7295,I feel calm and normal,No major change noticed,6
7296,I feel anxious most of the day,He avoids family and sleeps a lot,4
7297,I feel calm and normal,Appears emotionally distant,3
7298,I feel stressed and overwhelmed,She seems withdrawn and quiet,2
7299,I feel anxious most of the day,Appears emotionally distant,2
7300,I feel motivated and energetic,Actively interacts with family,5
7301,I feel sad without any clear reason,Actively interacts with family,2
7302,I feel tired and hopeless,Mood fluctuates frequently,4
7303,I feel disconnected from people,Actively interacts with family,3
7304,I feel tired and hopeless,No major change noticed,8
7305,I feel emotionally numb,She seems withdrawn and quiet,9
7306,I feel fine and stable,Actively interacts with family,8
7307,I feel emotionally numb,Mood fluctuates frequently,3
7308,I feel sad without any clear reason,He avoids family and sleeps a lot,1
7309,I feel disconnected from people,Shows signs of irritability,2
7310,I feel fine and stable,Actively interacts with family,6
7311,I feel motivated and energetic,Mood fluctuates frequently,1
7312,I feel disconnected from people,Shows signs of irritability,9
7313,I feel tired and hopeless,Mood fluctuates frequently,4
7314,I feel anxious most of the day,Often prefers to stay alone,7
7315,I feel emotionally numb,Behavior appears normal,2
7316,I feel anxious most of the day,Often prefers to stay alone,3
7317,I feel emotionally numb,Mood fluctuates frequently,7
7318,I feel tired and hopeless,Appears emotionally distant,10
7319,I feel tired and hopeless,Often prefers to stay alone,4
7320,I feel stressed and overwhelmed,Appears emotionally distant,1
7321,I feel calm and normal,Shows signs of irritability,6
7322,I feel stressed and overwhelmed,He avoids family and sleeps a lot,10
7323,I feel anxious most of the day,No major change noticed,10
7324,I feel calm and normal,Shows signs of irritability,1
7325,I feel disconnected from people,Often prefers to stay alone,4
7326,I feel motivated and energetic,Mood fluctuates frequently,1
7327,I feel disconnected from people,Shows signs of irritability,6
7328,I feel sad without any clear reason,Seems happy and social,4
7329,I feel emotionally numb,Seems happy and social,9
7330,I feel sad without any clear reason,Shows signs of irritability,3
7331,I feel sad without any clear reason,Often prefers to stay alone,4
7332,I feel emotionally numb,Mood fluctuates frequently,5
7333,I feel motivated and energetic,Shows signs of irritability,7
7334,I feel emotionally numb,Actively interacts with family,4
7335,I feel fine and stable,Actively interacts with family,8
7336,I feel fine and stable,Seems happy and social,2
7337,I feel tired and hopeless,She seems withdrawn and quiet,9
7338,I feel tired and hopeless,No major change noticed,1
7339,I feel stressed and overwhelmed,Behavior appears normal,3
7340,I feel sad without any clear reason,Actively interacts with family,9
7341,I feel disconnected from people,She seems withdrawn and quiet,4
7342,I feel worried about everything,Seems happy and social,1
7343,I feel tired and hopeless,No major change noticed,2
7344,I feel calm and normal,Seems happy and social,2
7345,I feel motivated and energetic,Behavior appears normal,6
7346,I feel emotionally numb,She seems withdrawn and quiet,7
7347,I feel anxious most of the day,Appears emotionally distant,6
7348,I feel disconnected from people,Often prefers to stay alone,8
7349,I feel disconnected from people,Actively interacts with family,5
7350,I feel sad without any clear reason,Shows signs of irritability,7
7351,I feel calm and normal,Seems happy and social,8
7352,I feel calm and normal,She seems withdrawn and quiet,10
7353,I feel emotionally numb,Behavior appears normal,1
7354,I feel motivated and energetic,He avoids family and sleeps a lot,10
7355,I feel disconnected from people,Behavior appears normal,8
7356,I feel disconnected from people,Mood fluctuates frequently,8
7357,I feel anxious most of the day,Actively interacts with family,9
7358,I feel motivated and energetic,He avoids family and sleeps a lot,2
7359,I feel tired and hopeless,Behavior appears normal,3
7360,I feel fine and stable,Behavior appears normal,10
7361,I feel disconnected from people,Appears emotionally distant,8
7362,I feel sad without any clear reason,Often prefers to stay alone,4
7363,I feel emotionally numb,Mood fluctuates frequently,8
7364,I feel worried about everything,Seems happy and social,10
7365,I feel anxious most of the day,He avoids family and sleeps a lot,4
7366,I feel sad without any clear reason,Behavior appears normal,5
7367,I feel emotionally numb,No major change noticed,3
7368,I feel anxious most of the day,Seems happy and social,7
7369,I feel motivated and energetic,No major change noticed,2
7370,I feel worried about everything,Often prefers to stay alone,1
7371,I feel stressed and overwhelmed,He avoids family and sleeps a lot,7
7372,I feel disconnected from people,Seems happy and social,8
7373,I feel stressed and overwhelmed,Behavior appears normal,7
7374,I feel tired and hopeless,Behavior appears normal,6
7375,I feel fine and stable,Behavior appears normal,7
7376,I feel sad without any clear reason,Behavior appears normal,2
7377,I feel sad without any clear reason,Seems happy and social,1
7378,I feel stressed and overwhelmed,Shows signs of irritability,3
7379,I feel motivated and energetic,He avoids family and sleeps a lot,5
7380,I feel tired and hopeless,No major change noticed,8
7381,I feel tired and hopeless,Shows signs of irritability,9
7382,I feel fine and stable,Mood fluctuates frequently,8
7383,I feel sad without any clear reason,He avoids family and sleeps a lot,4
7384,I feel emotionally numb,Appears emotionally distant,4
7385,I feel fine and stable,No major change noticed,2
7386,I feel emotionally numb,Seems happy and social,6
7387,I feel tired and hopeless,Seems happy and social,1
7388,I feel motivated and energetic,Often prefers to stay alone,4
7389,I feel sad without any clear reason,Mood fluctuates frequently,10
7390,I feel worried about everything,No major change noticed,9
7391,I feel tired and hopeless,Often prefers to stay alone,5
7392,I feel sad without any clear reason,Seems happy and social,7
7393,I feel stressed and overwhelmed,Mood fluctuates frequently,3
7394,I feel tired and hopeless,Mood fluctuates frequently,2
7395,I feel worried about everything,Seems happy and social,8
7396,I feel worried about everything,He avoids family and sleeps a lot,7
7397,I feel emotionally numb,Actively interacts with family,1
7398,I feel stressed and overwhelmed,Often prefers to stay alone,10
7399,I feel tired and hopeless,Often prefers to stay alone,1
7400,I feel disconnected from people,He avoids family and sleeps a lot,2
7401,I feel stressed and overwhelmed,Appears emotionally distant,5
7402,I feel fine and stable,Behavior appears normal,8
7403,I feel worried about everything,Often prefers to stay alone,1
7404,I feel fine and stable,Mood fluctuates frequently,9
7405,I feel disconnected from people,Shows signs of irritability,6
7406,I feel worried about everything,Often prefers to stay alone,8
7407,I feel tired and hopeless,Seems happy and social,5
7408,I feel worried about everything,Appears emotionally distant,9
7409,I feel worried about everything,Seems happy and social,7
7410,I feel worried about everything,He avoids family and sleeps a lot,10
7411,I feel sad without any clear reason,Shows signs of irritability,8
7412,I feel sad without any clear reason,Often prefers to stay alone,6
7413,I feel motivated and energetic,Seems happy and social,7
7414,I feel disconnected from people,Actively interacts with family,9
7415,I feel anxious most of the day,No major change noticed,8
7416,I feel motivated and energetic,Actively interacts with family,10
7417,I feel disconnected from people,Seems happy and social,5
7418,I feel worried about everything,She seems withdrawn and quiet,1
7419,I feel fine and stable,She seems withdrawn and quiet,6
7420,I feel anxious most of the day,She seems withdrawn and quiet,6
7421,I feel tired and hopeless,She seems withdrawn and quiet,4
7422,I feel stressed and overwhelmed,Actively interacts with family,8
7423,I feel worried about everything,She seems withdrawn and quiet,2
7424,I feel anxious most of the day,Shows signs of irritability,10
7425,I feel calm and normal,Actively interacts with family,4
7426,I feel sad without any clear reason,Appears emotionally distant,8
7427,I feel anxious most of the day,Actively interacts with family,2
7428,I feel anxious most of the day,Appears emotionally distant,5
7429,I feel tired and hopeless,Behavior appears normal,9
7430,I feel tired and hopeless,Shows signs of irritability,10
7431,I feel calm and normal,He avoids family and sleeps a lot,1
7432,I feel anxious most of the day,Appears emotionally distant,3
7433,I feel disconnected from people,Shows signs of irritability,2
7434,I feel worried about everything,No major change noticed,3
7435,I feel sad without any clear reason,Mood fluctuates frequently,9
7436,I feel tired and hopeless,She seems withdrawn and quiet,9
7437,I feel disconnected from people,Behavior appears normal,8
7438,I feel disconnected from people,She seems withdrawn and quiet,7
7439,I feel tired and hopeless,Mood fluctuates frequently,4
7440,I feel anxious most of the day,Behavior appears normal,6
7441,I feel stressed and overwhelmed,He avoids family and sleeps a lot,9
7442,I feel calm and normal,He avoids family and sleeps a lot,10
7443,I feel anxious most of the day,Behavior appears normal,9
7444,I feel tired and hopeless,Behavior appears normal,1
7445,I feel emotionally numb,Often prefers to stay alone,6
7446,I feel calm and normal,Actively interacts with family,2
7447,I feel fine and stable,She seems withdrawn and quiet,9
7448,I feel calm and normal,No major change noticed,3
7449,I feel motivated and energetic,She seems withdrawn and quiet,7
7450,I feel tired and hopeless,Actively interacts with family,2
7451,I feel motivated and energetic,Seems happy and social,4
7452,I feel worried about everything,Appears emotionally distant,8
7453,I feel fine and stable,Shows signs of irritability,3
7454,I feel fine and stable,Shows signs of irritability,4
7455,I feel sad without any clear reason,Shows signs of irritability,10
7456,I feel disconnected from people,Often prefers to stay alone,2
7457,I feel fine and stable,Seems happy and social,3
7458,I feel fine and stable,Appears emotionally distant,2
7459,I feel sad without any clear reason,She seems withdrawn and quiet,8
7460,I feel sad without any clear reason,Mood fluctuates frequently,8
7461,I feel tired and hopeless,No major change noticed,9
7462,I feel stressed and overwhelmed,Appears emotionally distant,4
7463,I feel disconnected from people,No major change noticed,5
7464,I feel worried about everything,Seems happy and social,3
7465,I feel anxious most of the day,He avoids family and sleeps a lot,9
7466,I feel sad without any clear reason,Seems happy and social,10
7467,I feel sad without any clear reason,Shows signs of irritability,9
7468,I feel sad without any clear reason,Shows signs of irritability,3
7469,I feel fine and stable,Actively interacts with family,3
7470,I feel worried about everything,Mood fluctuates frequently,8
7471,I feel stressed and overwhelmed,Seems happy and social,8
7472,I feel anxious most of the day,She seems withdrawn and quiet,9
7473,I feel calm and normal,He avoids family and sleeps a lot,1
7474,I feel calm and normal,Shows signs of irritability,2
7475,I feel anxious most of the day,Seems happy and social,4
7476,I feel calm and normal,Often prefers to stay alone,8
7477,I feel motivated and energetic,Appears emotionally distant,6
7478,I feel stressed and overwhelmed,Mood fluctuates frequently,4
7479,I feel fine and stable,Actively interacts with family,1
7480,I feel emotionally numb,Shows signs of irritability,7
7481,I feel tired and hopeless,Mood fluctuates frequently,7
7482,I feel emotionally numb,Appears emotionally distant,8
7483,I feel calm and normal,Actively interacts with family,8
7484,I feel stressed and overwhelmed,Shows signs of irritability,6
7485,I feel anxious most of the day,Shows signs of irritability,5
7486,I feel stressed and overwhelmed,Actively interacts with family,5
7487,I feel calm and normal,Mood fluctuates frequently,4
7488,I feel motivated and energetic,Shows signs of irritability,7
7489,I feel sad without any clear reason,No major change noticed,8
7490,I feel stressed and overwhelmed,No major change noticed,3
7491,I feel stressed and overwhelmed,He avoids family and sleeps a lot,2
7492,I feel tired and hopeless,Actively interacts with family,10
7493,I feel anxious most of the day,No major change noticed,3
7494,I feel worried about everything,Appears emotionally distant,6
7495,I feel disconnected from people,Behavior appears normal,2
7496,I feel fine and stable,Shows signs of irritability,4
7497,I feel anxious most of the day,Seems happy and social,9
7498,I feel sad without any clear reason,Behavior appears normal,1
7499,I feel sad without any clear reason,Appears emotionally distant,1
7500,I feel sad without any clear reason,He avoids family and sleeps a lot,9
7501,I feel calm and normal,Behavior appears normal,4
7502,I feel sad without any clear reason,Behavior appears normal,9
7503,I feel motivated and energetic,Seems happy and social,4
7504,I feel calm and normal,Mood fluctuates frequently,10
7505,I feel anxious most of the day,Shows signs of irritability,2
7506,I feel motivated and energetic,Actively interacts with family,9
7507,I feel sad without any clear reason,Seems happy and social,2
7508,I feel fine and stable,Often prefers to stay alone,8
7509,I feel fine and stable,No major change noticed,1
7510,I feel emotionally numb,Mood fluctuates frequently,10
7511,I feel tired and hopeless,Often prefers to stay alone,10
7512,I feel emotionally numb,Shows signs of irritability,10
7513,I feel fine and stable,She seems withdrawn and quiet,10
7514,I feel stressed and overwhelmed,No major change noticed,8
7515,I feel fine and stable,No major change noticed,6
7516,I feel calm and normal,Actively interacts with family,9
7517,I feel anxious most of the day,Shows signs of irritability,1
7518,I feel worried about everything,Shows signs of irritability,1
7519,I feel tired and hopeless,He avoids family and sleeps a lot,3
7520,I feel fine and stable,No major change noticed,6
7521,I feel calm and normal,Seems happy and social,9
7522,I feel worried about everything,No major change noticed,4
7523,I feel stressed and overwhelmed,Often prefers to stay alone,4
7524,I feel tired and hopeless,Seems happy and social,7
7525,I feel disconnected from people,Actively interacts with family,10
7526,I feel stressed and overwhelmed,She seems withdrawn and quiet,5
7527,I feel motivated and energetic,Shows signs of irritability,3
7528,I feel emotionally numb,She seems withdrawn and quiet,2
7529,I feel anxious most of the day,Behavior appears normal,5
7530,I feel anxious most of the day,Shows signs of irritability,5
7531,I feel stressed and overwhelmed,Behavior appears normal,6
7532,I feel fine and stable,Appears emotionally distant,7
7533,I feel calm and normal,Often prefers to stay alone,5
7534,I feel calm and normal,Seems happy and social,9
7535,I feel worried about everything,Behavior appears normal,2
7536,I feel motivated and energetic,Mood fluctuates frequently,2
7537,I feel calm and normal,No major change noticed,6
7538,I feel disconnected from people,Seems happy and social,7
7539,I feel motivated and energetic,Behavior appears normal,10
7540,I feel stressed and overwhelmed,She seems withdrawn and quiet,3
7541,I feel emotionally numb,Shows signs of irritability,9
7542,I feel calm and normal,Shows signs of irritability,7
7543,I feel emotionally numb,Mood fluctuates frequently,10
7544,I feel tired and hopeless,Appears emotionally distant,8
7545,I feel fine and stable,He avoids family and sleeps a lot,5
7546,I feel anxious most of the day,No major change noticed,6
7547,I feel worried about everything,No major change noticed,3
7548,I feel motivated and energetic,Behavior appears normal,2
7549,I feel emotionally numb,Appears emotionally distant,3
7550,I feel fine and stable,Often prefers to stay alone,1
7551,I feel anxious most of the day,He avoids family and sleeps a lot,6
7552,I feel emotionally numb,Shows signs of irritability,2
7553,I feel sad without any clear reason,He avoids family and sleeps a lot,3
7554,I feel anxious most of the day,Mood fluctuates frequently,9
7555,I feel fine and stable,Often prefers to stay alone,2
7556,I feel anxious most of the day,No major change noticed,1
7557,I feel motivated and energetic,She seems withdrawn and quiet,5
7558,I feel stressed and overwhelmed,Appears emotionally distant,6
7559,I feel motivated and energetic,Actively interacts with family,1
7560,I feel fine and stable,Shows signs of irritability,1
7561,I feel motivated and energetic,Often prefers to stay alone,8
7562,I feel anxious most of the day,No major change noticed,7
7563,I feel tired and hopeless,Mood fluctuates frequently,8
7564,I feel disconnected from people,He avoids family and sleeps a lot,7
7565,I feel calm and normal,Actively interacts with family,10
7566,I feel emotionally numb,She seems withdrawn and quiet,8
7567,I feel sad without any clear reason,She seems withdrawn and quiet,5
7568,I feel fine and stable,Appears emotionally distant,7
7569,I feel anxious most of the day,Often prefers to stay alone,3
7570,I feel tired and hopeless,Appears emotionally distant,8
7571,I feel stressed and overwhelmed,Often prefers to stay alone,3
7572,I feel calm and normal,No major change noticed,2
7573,I feel disconnected from people,No major change noticed,10
7574,I feel emotionally numb,He avoids family and sleeps a lot,7
7575,I feel tired and hopeless,He avoids family and sleeps a lot,9
7576,I feel disconnected from people,Seems happy and social,6
7577,I feel emotionally numb,Behavior appears normal,10
7578,I feel sad without any clear reason,Appears emotionally distant,2
7579,I feel emotionally numb,Behavior appears normal,1
7580,I feel sad without any clear reason,He avoids family and sleeps a lot,10
7581,I feel tired and hopeless,Seems happy and social,1
7582,I feel stressed and overwhelmed,Actively interacts with family,9
7583,I feel sad without any clear reason,Often prefers to stay alone,3
7584,I feel calm and normal,He avoids family and sleeps a lot,2
7585,I feel stressed and overwhelmed,Actively interacts with family,2
7586,I feel stressed and overwhelmed,No major change noticed,6
7587,I feel emotionally numb,Appears emotionally distant,10
7588,I feel motivated and energetic,Mood fluctuates frequently,10
7589,I feel anxious most of the day,Behavior appears normal,1
7590,I feel calm and normal,Mood fluctuates frequently,7
7591,I feel anxious most of the day,Seems happy and social,9
7592,I feel anxious most of the day,He avoids family and sleeps a lot,10
7593,I feel fine and stable,Mood fluctuates frequently,5
7594,I feel tired and hopeless,No major change noticed,5
7595,I feel sad without any clear reason,Seems happy and social,5
7596,I feel fine and stable,Actively interacts with family,1
7597,I feel fine and stable,No major change noticed,1
7598,I feel tired and hopeless,Often prefers to stay alone,1
7599,I feel fine and stable,She seems withdrawn and quiet,1
7600,I feel tired and hopeless,Behavior appears normal,3
7601,I feel disconnected from people,No major change noticed,2
7602,I feel sad without any clear reason,No major change noticed,3
7603,I feel tired and hopeless,He avoids family and sleeps a lot,5
7604,I feel fine and stable,Shows signs of irritability,5
7605,I feel stressed and overwhelmed,Actively interacts with family,4
7606,I feel tired and hopeless,Seems happy and social,7
7607,I feel sad without any clear reason,Actively interacts with family,6
7608,I feel worried about everything,Actively interacts with family,1
7609,I feel worried about everything,No major change noticed,2
7610,I feel disconnected from people,Often prefers to stay alone,3
7611,I feel emotionally numb,Appears emotionally distant,3
7612,I feel fine and stable,No major change noticed,4
7613,I feel sad without any clear reason,Often prefers to stay alone,10
7614,I feel disconnected from people,Behavior appears normal,3
7615,I feel worried about everything,Seems happy and social,9
7616,I feel anxious most of the day,Often prefers to stay alone,2
7617,I feel stressed and overwhelmed,She seems withdrawn and quiet,1
7618,I feel emotionally numb,Actively interacts with family,9
7619,I feel emotionally numb,Shows signs of irritability,7
7620,I feel anxious most of the day,Often prefers to stay alone,6
7621,I feel tired and hopeless,Appears emotionally distant,9
7622,I feel anxious most of the day,Mood fluctuates frequently,4
7623,I feel anxious most of the day,Appears emotionally distant,4
7624,I feel motivated and energetic,She seems withdrawn and quiet,7
7625,I feel tired and hopeless,No major change noticed,1
7626,I feel anxious most of the day,Actively interacts with family,10
7627,I feel fine and stable,Behavior appears normal,8
7628,I feel sad without any clear reason,He avoids family and sleeps a lot,3
7629,I feel worried about everything,She seems withdrawn and quiet,8
7630,I feel fine and stable,Actively interacts with family,5
7631,I feel anxious most of the day,Mood fluctuates frequently,6
7632,I feel worried about everything,Mood fluctuates frequently,5
7633,I feel calm and normal,Seems happy and social,10
7634,I feel fine and stable,Seems happy and social,4
7635,I feel fine and stable,He avoids family and sleeps a lot,6
7636,I feel sad without any clear reason,He avoids family and sleeps a lot,1
7637,I feel motivated and energetic,Often prefers to stay alone,8
7638,I feel motivated and energetic,Shows signs of irritability,10
7639,I feel emotionally numb,Mood fluctuates frequently,5
7640,I feel worried about everything,Shows signs of irritability,7
7641,I feel fine and stable,Actively interacts with family,3
7642,I feel tired and hopeless,Actively interacts with family,8
7643,I feel fine and stable,Mood fluctuates frequently,1
7644,I feel disconnected from people,Mood fluctuates frequently,9
7645,I feel worried about everything,No major change noticed,6
7646,I feel stressed and overwhelmed,Mood fluctuates frequently,6
7647,I feel anxious most of the day,He avoids family and sleeps a lot,10
7648,I feel calm and normal,Shows signs of irritability,3
7649,I feel worried about everything,Mood fluctuates frequently,8
7650,I feel emotionally numb,Behavior appears normal,4
7651,I feel anxious most of the day,No major change noticed,6
7652,I feel tired and hopeless,Appears emotionally distant,2
7653,I feel calm and normal,He avoids family and sleeps a lot,9
7654,I feel sad without any clear reason,He avoids family and sleeps a lot,5
7655,I feel stressed and overwhelmed,Seems happy and social,5
7656,I feel anxious most of the day,Appears emotionally distant,3
7657,I feel emotionally numb,She seems withdrawn and quiet,9
7658,I feel tired and hopeless,Often prefers to stay alone,9
7659,I feel sad without any clear reason,Often prefers to stay alone,1
7660,I feel calm and normal,Behavior appears normal,10
7661,I feel anxious most of the day,She seems withdrawn and quiet,5
7662,I feel emotionally numb,Shows signs of irritability,1
7663,I feel worried about everything,Appears emotionally distant,4
7664,I feel fine and stable,Behavior appears normal,9
7665,I feel motivated and energetic,She seems withdrawn and quiet,10
7666,I feel calm and normal,Behavior appears normal,2
7667,I feel worried about everything,Behavior appears normal,1
7668,I feel fine and stable,Mood fluctuates frequently,1
7669,I feel motivated and energetic,Seems happy and social,1
7670,I feel motivated and energetic,Mood fluctuates frequently,8
7671,I feel stressed and overwhelmed,Often prefers to stay alone,10
7672,I feel stressed and overwhelmed,Actively interacts with family,5
7673,I feel worried about everything,Seems happy and social,9
7674,I feel motivated and energetic,No major change noticed,10
7675,I feel fine and stable,Actively interacts with family,1
7676,I feel worried about everything,She seems withdrawn and quiet,6
7677,I feel motivated and energetic,Shows signs of irritability,4
7678,I feel calm and normal,He avoids family and sleeps a lot,9
7679,I feel motivated and energetic,Actively interacts with family,10
7680,I feel emotionally numb,Mood fluctuates frequently,3
7681,I feel worried about everything,Actively interacts with family,2
7682,I feel worried about everything,Mood fluctuates frequently,8
7683,I feel calm and normal,Mood fluctuates frequently,4
7684,I feel tired and hopeless,She seems withdrawn and quiet,4
7685,I feel calm and normal,Often prefers to stay alone,8
7686,I feel sad without any clear reason,Actively interacts with family,7
7687,I feel tired and hopeless,He avoids family and sleeps a lot,3
7688,I feel disconnected from people,Behavior appears normal,1
7689,I feel fine and stable,He avoids family and sleeps a lot,10
7690,I feel fine and stable,Seems happy and social,2
7691,I feel stressed and overwhelmed,Behavior appears normal,6
7692,I feel disconnected from people,She seems withdrawn and quiet,7
7693,I feel tired and hopeless,She seems withdrawn and quiet,1
7694,I feel emotionally numb,Behavior appears normal,4
7695,I feel tired and hopeless,Mood fluctuates frequently,4
7696,I feel anxious most of the day,Appears emotionally distant,4
7697,I feel sad without any clear reason,No major change noticed,9
7698,I feel motivated and energetic,No major change noticed,6
7699,I feel motivated and energetic,Appears emotionally distant,2
7700,I feel fine and stable,Shows signs of irritability,7
7701,I feel motivated and energetic,She seems withdrawn and quiet,7
7702,I feel worried about everything,Shows signs of irritability,5
7703,I feel anxious most of the day,She seems withdrawn and quiet,4
7704,I feel worried about everything,He avoids family and sleeps a lot,9
7705,I feel motivated and energetic,Often prefers to stay alone,1
7706,I feel stressed and overwhelmed,Appears emotionally distant,5
7707,I feel sad without any clear reason,She seems withdrawn and quiet,10
7708,I feel worried about everything,Appears emotionally distant,1
7709,I feel tired and hopeless,Actively interacts with family,8
7710,I feel fine and stable,Mood fluctuates frequently,5
7711,I feel anxious most of the day,He avoids family and sleeps a lot,10
7712,I feel calm and normal,She seems withdrawn and quiet,10
7713,I feel tired and hopeless,She seems withdrawn and quiet,5
7714,I feel motivated and energetic,Shows signs of irritability,10
7715,I feel tired and hopeless,Seems happy and social,6
7716,I feel disconnected from people,Actively interacts with family,1
7717,I feel worried about everything,Behavior appears normal,6
7718,I feel sad without any clear reason,Mood fluctuates frequently,1
7719,I feel emotionally numb,Shows signs of irritability,3
7720,I feel worried about everything,Shows signs of irritability,5
7721,I feel fine and stable,Mood fluctuates frequently,7
7722,I feel worried about everything,Seems happy and social,3
7723,I feel disconnected from people,Shows signs of irritability,5
7724,I feel sad without any clear reason,No major change noticed,6
7725,I feel emotionally numb,Mood fluctuates frequently,10
7726,I feel sad without any clear reason,Behavior appears normal,6
7727,I feel tired and hopeless,Behavior appears normal,5
7728,I feel emotionally numb,She seems withdrawn and quiet,1
7729,I feel fine and stable,Behavior appears normal,5
7730,I feel motivated and energetic,Appears emotionally distant,4
7731,I feel disconnected from people,Shows signs of irritability,9
7732,I feel disconnected from people,He avoids family and sleeps a lot,5
7733,I feel tired and hopeless,Behavior appears normal,9
7734,I feel motivated and energetic,Actively interacts with family,9
7735,I feel tired and hopeless,Shows signs of irritability,10
7736,I feel anxious most of the day,She seems withdrawn and quiet,4
7737,I feel emotionally numb,No major change noticed,2
7738,I feel emotionally numb,She seems withdrawn and quiet,7
7739,I feel emotionally numb,Often prefers to stay alone,5
7740,I feel anxious most of the day,Actively interacts with family,7
7741,I feel anxious most of the day,No major change noticed,4
7742,I feel disconnected from people,Mood fluctuates frequently,1
7743,I feel tired and hopeless,She seems withdrawn and quiet,10
7744,I feel fine and stable,Appears emotionally distant,1
7745,I feel motivated and energetic,Seems happy and social,10
7746,I feel emotionally numb,Actively interacts with family,3
7747,I feel tired and hopeless,Shows signs of irritability,1
7748,I feel tired and hopeless,Seems happy and social,6
7749,I feel motivated and energetic,Behavior appears normal,7
7750,I feel tired and hopeless,Mood fluctuates frequently,3
7751,I feel calm and normal,Appears emotionally distant,7
7752,I feel worried about everything,She seems withdrawn and quiet,4
7753,I feel anxious most of the day,Behavior appears normal,8
7754,I feel emotionally numb,Appears emotionally distant,6
7755,I feel anxious most of the day,Often prefers to stay alone,9
7756,I feel sad without any clear reason,He avoids family and sleeps a lot,7
7757,I feel worried about everything,Appears emotionally distant,4
7758,I feel motivated and energetic,Actively interacts with family,1
7759,I feel worried about everything,Often prefers to stay alone,6
7760,I feel stressed and overwhelmed,She seems withdrawn and quiet,7
7761,I feel stressed and overwhelmed,She seems withdrawn and quiet,2
7762,I feel stressed and overwhelmed,Often prefers to stay alone,6
7763,I feel emotionally numb,Seems happy and social,3
7764,I feel emotionally numb,Often prefers to stay alone,5
7765,I feel tired and hopeless,Appears emotionally distant,5
7766,I feel motivated and energetic,Often prefers to stay alone,5
7767,I feel tired and hopeless,Shows signs of irritability,9
7768,I feel emotionally numb,She seems withdrawn and quiet,9
7769,I feel emotionally numb,Actively interacts with family,1
7770,I feel tired and hopeless,He avoids family and sleeps a lot,9
7771,I feel stressed and overwhelmed,Behavior appears normal,1
7772,I feel motivated and energetic,Appears emotionally distant,5
7773,I feel sad without any clear reason,Seems happy and social,4
7774,I feel tired and hopeless,She seems withdrawn and quiet,9
7775,I feel anxious most of the day,Shows signs of irritability,6
7776,I feel sad without any clear reason,He avoids family and sleeps a lot,2
7777,I feel tired and hopeless,Shows signs of irritability,1
7778,I feel motivated and energetic,She seems withdrawn and quiet,6
7779,I feel disconnected from people,Often prefers to stay alone,3
7780,I feel motivated and energetic,Seems happy and social,5
7781,I feel tired and hopeless,No major change noticed,4
7782,I feel anxious most of the day,No major change noticed,7
7783,I feel tired and hopeless,Appears emotionally distant,5
7784,I feel worried about everything,Often prefers to stay alone,2
7785,I feel fine and stable,Actively interacts with family,1
7786,I feel calm and normal,Often prefers to stay alone,5
7787,I feel disconnected from people,Mood fluctuates frequently,6
7788,I feel tired and hopeless,Shows signs of irritability,2
7789,I feel emotionally numb,He avoids family and sleeps a lot,2
7790,I feel tired and hopeless,Often prefers to stay alone,3
7791,I feel emotionally numb,Actively interacts with family,2
7792,I feel motivated and energetic,Often prefers to stay alone,9
7793,I feel tired and hopeless,No major change noticed,4
7794,I feel motivated and energetic,He avoids family and sleeps a lot,10
7795,I feel disconnected from people,Actively interacts with family,1
7796,I feel calm and normal,Mood fluctuates frequently,5
7797,I feel disconnected from people,Seems happy and social,4
7798,I feel emotionally numb,Seems happy and social,7
7799,I feel motivated and energetic,She seems withdrawn and quiet,4
7800,I feel stressed and overwhelmed,No major change noticed,6
7801,I feel calm and normal,He avoids family and sleeps a lot,9
7802,I feel anxious most of the day,Shows signs of irritability,5
7803,I feel tired and hopeless,No major change noticed,9
7804,I feel calm and normal,Often prefers to stay alone,7
7805,I feel calm and normal,Shows signs of irritability,5
7806,I feel motivated and energetic,She seems withdrawn and quiet,5
7807,I feel motivated and energetic,She seems withdrawn and quiet,1
7808,I feel calm and normal,He avoids family and sleeps a lot,5
7809,I feel disconnected from people,He avoids family and sleeps a lot,7
7810,I feel stressed and overwhelmed,Seems happy and social,3
7811,I feel stressed and overwhelmed,No major change noticed,1
7812,I feel disconnected from people,Actively interacts with family,3
7813,I feel emotionally numb,She seems withdrawn and quiet,6
7814,I feel sad without any clear reason,Behavior appears normal,8
7815,I feel sad without any clear reason,Appears emotionally distant,5
7816,I feel stressed and overwhelmed,Shows signs of irritability,6
7817,I feel emotionally numb,Often prefers to stay alone,10
7818,I feel stressed and overwhelmed,Seems happy and social,2
7819,I feel worried about everything,Behavior appears normal,5
7820,I feel calm and normal,No major change noticed,6
7821,I feel stressed and overwhelmed,Appears emotionally distant,7
7822,I feel tired and hopeless,Seems happy and social,5
7823,I feel emotionally numb,Appears emotionally distant,5
7824,I feel fine and stable,No major change noticed,4
7825,I feel fine and stable,She seems withdrawn and quiet,4
7826,I feel disconnected from people,She seems withdrawn and quiet,5
7827,I feel anxious most of the day,Actively interacts with family,10
7828,I feel disconnected from people,Often prefers to stay alone,3
7829,I feel anxious most of the day,Actively interacts with family,1
7830,I feel emotionally numb,Appears emotionally distant,9
7831,I feel fine and stable,Behavior appears normal,1
7832,I feel fine and stable,He avoids family and sleeps a lot,8
7833,I feel calm and normal,Often prefers to stay alone,4
7834,I feel fine and stable,No major change noticed,2
7835,I feel stressed and overwhelmed,Mood fluctuates frequently,4
7836,I feel motivated and energetic,He avoids family and sleeps a lot,5
7837,I feel tired and hopeless,She seems withdrawn and quiet,9
7838,I feel stressed and overwhelmed,No major change noticed,7
7839,I feel anxious most of the day,Mood fluctuates frequently,8
7840,I feel disconnected from people,Behavior appears normal,9
7841,I feel sad without any clear reason,Behavior appears normal,7
7842,I feel sad without any clear reason,Shows signs of irritability,4
7843,I feel anxious most of the day,No major change noticed,4
7844,I feel sad without any clear reason,Seems happy and social,5
7845,I feel motivated and energetic,No major change noticed,3
7846,I feel calm and normal,Actively interacts with family,10
7847,I feel fine and stable,Often prefers to stay alone,8
7848,I feel motivated and energetic,Actively interacts with family,6
7849,I feel fine and stable,Appears emotionally distant,10
7850,I feel sad without any clear reason,Shows signs of irritability,7
7851,I feel anxious most of the day,Appears emotionally distant,3
7852,I feel worried about everything,Mood fluctuates frequently,8
7853,I feel anxious most of the day,Appears emotionally distant,3
7854,I feel tired and hopeless,She seems withdrawn and quiet,7
7855,I feel sad without any clear reason,Actively interacts with family,4
7856,I feel disconnected from people,Behavior appears normal,6
7857,I feel emotionally numb,Actively interacts with family,7
7858,I feel fine and stable,Shows signs of irritability,1
7859,I feel anxious most of the day,Often prefers to stay alone,3
7860,I feel fine and stable,She seems withdrawn and quiet,9
7861,I feel fine and stable,No major change noticed,8
7862,I feel tired and hopeless,Seems happy and social,3
7863,I feel disconnected from people,Appears emotionally distant,6
7864,I feel sad without any clear reason,Actively interacts with family,8
7865,I feel tired and hopeless,He avoids family and sleeps a lot,6
7866,I feel tired and hopeless,Actively interacts with family,3
7867,I feel fine and stable,Often prefers to stay alone,8
7868,I feel fine and stable,No major change noticed,3
7869,I feel stressed and overwhelmed,No major change noticed,4
7870,I feel anxious most of the day,Often prefers to stay alone,6
7871,I feel calm and normal,Seems happy and social,3
7872,I feel sad without any clear reason,She seems withdrawn and quiet,4
7873,I feel motivated and energetic,No major change noticed,9
7874,I feel emotionally numb,Actively interacts with family,7
7875,I feel worried about everything,No major change noticed,1
7876,I feel tired and hopeless,No major change noticed,10
7877,I feel stressed and overwhelmed,No major change noticed,5
7878,I feel tired and hopeless,She seems withdrawn and quiet,3
7879,I feel emotionally numb,He avoids family and sleeps a lot,5
7880,I feel emotionally numb,Appears emotionally distant,8
7881,I feel calm and normal,Seems happy and social,2
7882,I feel disconnected from people,Shows signs of irritability,4
7883,I feel tired and hopeless,Seems happy and social,8
7884,I feel motivated and energetic,He avoids family and sleeps a lot,2
7885,I feel fine and stable,Appears emotionally distant,10
7886,I feel calm and normal,No major change noticed,10
7887,I feel stressed and overwhelmed,Appears emotionally distant,9
7888,I feel emotionally numb,Mood fluctuates frequently,10
7889,I feel anxious most of the day,Mood fluctuates frequently,6
7890,I feel tired and hopeless,Mood fluctuates frequently,1
7891,I feel tired and hopeless,Mood fluctuates frequently,3
7892,I feel anxious most of the day,Mood fluctuates frequently,8
7893,I feel emotionally numb,Often prefers to stay alone,5
7894,I feel anxious most of the day,Behavior appears normal,9
7895,I feel worried about everything,Mood fluctuates frequently,4
7896,I feel calm and normal,Mood fluctuates frequently,5
7897,I feel emotionally numb,He avoids family and sleeps a lot,3
7898,I feel sad without any clear reason,She seems withdrawn and quiet,2
7899,I feel fine and stable,Actively interacts with family,8
7900,I feel sad without any clear reason,She seems withdrawn and quiet,5
7901,I feel emotionally numb,He avoids family and sleeps a lot,5
7902,I feel emotionally numb,Often prefers to stay alone,7
7903,I feel calm and normal,He avoids family and sleeps a lot,3
7904,I feel sad without any clear reason,Behavior appears normal,9
7905,I feel tired and hopeless,Actively interacts with family,6
7906,I feel emotionally numb,Appears emotionally distant,3
7907,I feel fine and stable,Mood fluctuates frequently,6
7908,I feel worried about everything,Shows signs of irritability,1
7909,I feel worried about everything,Shows signs of irritability,3
7910,I feel calm and normal,She seems withdrawn and quiet,3
7911,I feel disconnected from people,No major change noticed,4
7912,I feel worried about everything,Mood fluctuates frequently,9
7913,I feel fine and stable,No major change noticed,1
7914,I feel motivated and energetic,No major change noticed,4
7915,I feel tired and hopeless,Seems happy and social,1
7916,I feel motivated and energetic,No major change noticed,7
7917,I feel stressed and overwhelmed,Seems happy and social,1
7918,I feel calm and normal,Behavior appears normal,9
7919,I feel emotionally numb,Mood fluctuates frequently,8
7920,I feel worried about everything,She seems withdrawn and quiet,10
7921,I feel emotionally numb,Shows signs of irritability,1
7922,I feel fine and stable,He avoids family and sleeps a lot,1
7923,I feel stressed and overwhelmed,Actively interacts with family,6
7924,I feel tired and hopeless,Appears emotionally distant,5
7925,I feel anxious most of the day,Appears emotionally distant,8
7926,I feel sad without any clear reason,Shows signs of irritability,8
7927,I feel fine and stable,He avoids family and sleeps a lot,5
7928,I feel disconnected from people,Seems happy and social,1
7929,I feel worried about everything,Behavior appears normal,6
7930,I feel fine and stable,Shows signs of irritability,4
7931,I feel disconnected from people,Seems happy and social,1
7932,I feel worried about everything,He avoids family and sleeps a lot,4
7933,I feel emotionally numb,Seems happy and social,9
7934,I feel stressed and overwhelmed,No major change noticed,8
7935,I feel calm and normal,Seems happy and social,5
7936,I feel worried about everything,She seems withdrawn and quiet,7
7937,I feel disconnected from people,Mood fluctuates frequently,2
7938,I feel tired and hopeless,Often prefers to stay alone,4
7939,I feel disconnected from people,He avoids family and sleeps a lot,9
7940,I feel worried about everything,Behavior appears normal,1
7941,I feel anxious most of the day,No major change noticed,4
7942,I feel motivated and energetic,She seems withdrawn and quiet,3
7943,I feel sad without any clear reason,She seems withdrawn and quiet,2
7944,I feel fine and stable,Shows signs of irritability,10
7945,I feel calm and normal,Behavior appears normal,8
7946,I feel calm and normal,She seems withdrawn and quiet,1
7947,I feel worried about everything,Actively interacts with family,10
7948,I feel fine and stable,He avoids family and sleeps a lot,4
7949,I feel sad without any clear reason,Often prefers to stay alone,8
7950,I feel tired and hopeless,Seems happy and social,2
7951,I feel anxious most of the day,Behavior appears normal,7
7952,I feel stressed and overwhelmed,Actively interacts with family,3
7953,I feel tired and hopeless,Actively interacts with family,7
7954,I feel fine and stable,Actively interacts with family,2
7955,I feel calm and normal,She seems withdrawn and quiet,8
7956,I feel disconnected from people,He avoids family and sleeps a lot,6
7957,I feel disconnected from people,No major change noticed,5
7958,I feel anxious most of the day,Shows signs of irritability,9
7959,I feel sad without any clear reason,Often prefers to stay alone,9
7960,I feel worried about everything,Often prefers to stay alone,1
7961,I feel motivated and energetic,Behavior appears normal,5
7962,I feel anxious most of the day,Actively interacts with family,7
7963,I feel sad without any clear reason,Seems happy and social,3
7964,I feel emotionally numb,Behavior appears normal,10
7965,I feel sad without any clear reason,He avoids family and sleeps a lot,2
7966,I feel anxious most of the day,No major change noticed,7
7967,I feel motivated and energetic,Mood fluctuates frequently,1
7968,I feel anxious most of the day,Mood fluctuates frequently,4
7969,I feel anxious most of the day,She seems withdrawn and quiet,2
7970,I feel emotionally numb,He avoids family and sleeps a lot,7
7971,I feel tired and hopeless,Appears emotionally distant,8
7972,I feel sad without any clear reason,No major change noticed,1
7973,I feel stressed and overwhelmed,Behavior appears normal,3
7974,I feel motivated and energetic,She seems withdrawn and quiet,5
7975,I feel anxious most of the day,He avoids family and sleeps a lot,1
7976,I feel worried about everything,Appears emotionally distant,1
7977,I feel disconnected from people,He avoids family and sleeps a lot,4
7978,I feel calm and normal,He avoids family and sleeps a lot,4
7979,I feel tired and hopeless,Shows signs of irritability,8
7980,I feel worried about everything,Mood fluctuates frequently,10
7981,I feel disconnected from people,Behavior appears normal,8
7982,I feel tired and hopeless,No major change noticed,2
7983,I feel worried about everything,Shows signs of irritability,10
7984,I feel anxious most of the day,Actively interacts with family,1
7985,I feel tired and hopeless,No major change noticed,1
7986,I feel disconnected from people,Mood fluctuates frequently,5
7987,I feel stressed and overwhelmed,Seems happy and social,9
7988,I feel motivated and energetic,Behavior appears normal,5
7989,I feel sad without any clear reason,Often prefers to stay alone,8
7990,I feel anxious most of the day,Mood fluctuates frequently,7
7991,I feel fine and stable,Appears emotionally distant,10
7992,I feel emotionally numb,Mood fluctuates frequently,7
7993,I feel stressed and overwhelmed,No major change noticed,4
7994,I feel tired and hopeless,She seems withdrawn and quiet,3
7995,I feel anxious most of the day,He avoids family and sleeps a lot,8
7996,I feel disconnected from people,He avoids family and sleeps a lot,10
7997,I feel tired and hopeless,Behavior appears normal,2
7998,I feel calm and normal,Mood fluctuates frequently,3
7999,I feel anxious most of the day,She seems withdrawn and quiet,6
8000,I feel motivated and energetic,Actively interacts with family,1
8001,I feel emotionally numb,Mood fluctuates frequently,1
8002,I feel fine and stable,Behavior appears normal,10
8003,I feel calm and normal,Appears emotionally distant,9
8004,I feel worried about everything,She seems withdrawn and quiet,1
8005,I feel emotionally numb,She seems withdrawn and quiet,5
8006,I feel worried about everything,Mood fluctuates frequently,8
8007,I feel calm and normal,Actively interacts with family,10
8008,I feel fine and stable,Often prefers to stay alone,8
8009,I feel emotionally numb,Seems happy and social,9
8010,I feel motivated and energetic,Seems happy and social,2
8011,I feel tired and hopeless,She seems withdrawn and quiet,6
8012,I feel tired and hopeless,Often prefers to stay alone,2
8013,I feel worried about everything,Actively interacts with family,6
8014,I feel anxious most of the day,Behavior appears normal,8
8015,I feel anxious most of the day,Seems happy and social,7
8016,I feel emotionally numb,Seems happy and social,3
8017,I feel motivated and energetic,Behavior appears normal,8
8018,I feel disconnected from people,She seems withdrawn and quiet,9
8019,I feel disconnected from people,Mood fluctuates frequently,4
8020,I feel worried about everything,Shows signs of irritability,7
8021,I feel disconnected from people,She seems withdrawn and quiet,2
8022,I feel worried about everything,Appears emotionally distant,4
8023,I feel fine and stable,Often prefers to stay alone,1
8024,I feel worried about everything,Appears emotionally distant,5
8025,I feel worried about everything,Often prefers to stay alone,7
8026,I feel stressed and overwhelmed,Actively interacts with family,2
8027,I feel anxious most of the day,Often prefers to stay alone,1
8028,I feel emotionally numb,Appears emotionally distant,8
8029,I feel calm and normal,Actively interacts with family,8
8030,I feel disconnected from people,Mood fluctuates frequently,9
8031,I feel sad without any clear reason,Often prefers to stay alone,7
8032,I feel motivated and energetic,Mood fluctuates frequently,10
8033,I feel emotionally numb,Appears emotionally distant,9
8034,I feel emotionally numb,Mood fluctuates frequently,5
8035,I feel calm and normal,Often prefers to stay alone,4
8036,I feel tired and hopeless,No major change noticed,10
8037,I feel fine and stable,No major change noticed,9
8038,I feel calm and normal,Appears emotionally distant,9
8039,I feel worried about everything,Often prefers to stay alone,4
8040,I feel emotionally numb,Behavior appears normal,1
8041,I feel disconnected from people,Mood fluctuates frequently,1
8042,I feel tired and hopeless,He avoids family and sleeps a lot,6
8043,I feel anxious most of the day,Often prefers to stay alone,6
8044,I feel anxious most of the day,Seems happy and social,1
8045,I feel disconnected from people,He avoids family and sleeps a lot,1
8046,I feel motivated and energetic,Shows signs of irritability,8
8047,I feel worried about everything,She seems withdrawn and quiet,10
8048,I feel motivated and energetic,Appears emotionally distant,4
8049,I feel disconnected from people,No major change noticed,8
8050,I feel anxious most of the day,Shows signs of irritability,8
8051,I feel anxious most of the day,Mood fluctuates frequently,1
8052,I feel anxious most of the day,Seems happy and social,8
8053,I feel calm and normal,Often prefers to stay alone,9
8054,I feel sad without any clear reason,She seems withdrawn and quiet,7
8055,I feel sad without any clear reason,Seems happy and social,6
8056,I feel sad without any clear reason,Mood fluctuates frequently,9
8057,I feel worried about everything,Behavior appears normal,5
8058,I feel sad without any clear reason,She seems withdrawn and quiet,6
8059,I feel fine and stable,Mood fluctuates frequently,6
8060,I feel anxious most of the day,Often prefers to stay alone,10
8061,I feel emotionally numb,Often prefers to stay alone,6
8062,I feel tired and hopeless,Behavior appears normal,3
8063,I feel anxious most of the day,No major change noticed,6
8064,I feel emotionally numb,Often prefers to stay alone,5
8065,I feel calm and normal,She seems withdrawn and quiet,1
8066,I feel motivated and energetic,She seems withdrawn and quiet,9
8067,I feel fine and stable,Actively interacts with family,3
8068,I feel fine and stable,He avoids family and sleeps a lot,4
8069,I feel calm and normal,He avoids family and sleeps a lot,3
8070,I feel worried about everything,Seems happy and social,6
8071,I feel tired and hopeless,Seems happy and social,1
8072,I feel tired and hopeless,He avoids family and sleeps a lot,10
8073,I feel motivated and energetic,Actively interacts with family,1
8074,I feel anxious most of the day,Behavior appears normal,2
8075,I feel emotionally numb,Mood fluctuates frequently,6
8076,I feel disconnected from people,He avoids family and sleeps a lot,1
8077,I feel fine and stable,Seems happy and social,5
8078,I feel tired and hopeless,He avoids family and sleeps a lot,6
8079,I feel tired and hopeless,Shows signs of irritability,7
8080,I feel anxious most of the day,He avoids family and sleeps a lot,3
8081,I feel emotionally numb,Appears emotionally distant,4
8082,I feel emotionally numb,Actively interacts with family,6
8083,I feel sad without any clear reason,Actively interacts with family,5
8084,I feel anxious most of the day,Seems happy and social,4
8085,I feel anxious most of the day,No major change noticed,9
8086,I feel stressed and overwhelmed,He avoids family and sleeps a lot,10
8087,I feel motivated and energetic,Behavior appears normal,5
8088,I feel stressed and overwhelmed,No major change noticed,7
8089,I feel anxious most of the day,Appears emotionally distant,6
8090,I feel motivated and energetic,Behavior appears normal,10
8091,I feel disconnected from people,Seems happy and social,8
8092,I feel fine and stable,Actively interacts with family,8
8093,I feel anxious most of the day,Appears emotionally distant,9
8094,I feel fine and stable,He avoids family and sleeps a lot,1
8095,I feel tired and hopeless,She seems withdrawn and quiet,9
8096,I feel sad without any clear reason,She seems withdrawn and quiet,4
8097,I feel tired and hopeless,Mood fluctuates frequently,10
8098,I feel fine and stable,Behavior appears normal,2
8099,I feel emotionally numb,He avoids family and sleeps a lot,6
8100,I feel calm and normal,No major change noticed,8
8101,I feel anxious most of the day,She seems withdrawn and quiet,1
8102,I feel emotionally numb,No major change noticed,2
8103,I feel disconnected from people,Shows signs of irritability,9
8104,I feel calm and normal,Appears emotionally distant,8
8105,I feel sad without any clear reason,Seems happy and social,7
8106,I feel calm and normal,No major change noticed,9
8107,I feel motivated and energetic,Actively interacts with family,4
8108,I feel tired and hopeless,Behavior appears normal,4
8109,I feel motivated and energetic,Shows signs of irritability,2
8110,I feel tired and hopeless,Appears emotionally distant,1
8111,I feel disconnected from people,Shows signs of irritability,9
8112,I feel sad without any clear reason,Often prefers to stay alone,4
8113,I feel emotionally numb,Mood fluctuates frequently,5
8114,I feel calm and normal,Often prefers to stay alone,4
8115,I feel anxious most of the day,Actively interacts with family,7
8116,I feel fine and stable,Shows signs of irritability,10
8117,I feel fine and stable,Often prefers to stay alone,9
8118,I feel emotionally numb,Behavior appears normal,6
8119,I feel calm and normal,No major change noticed,8
8120,I feel disconnected from people,Often prefers to stay alone,6
8121,I feel anxious most of the day,Shows signs of irritability,1
8122,I feel motivated and energetic,Seems happy and social,9
8123,I feel emotionally numb,No major change noticed,2
8124,I feel emotionally numb,She seems withdrawn and quiet,5
8125,I feel motivated and energetic,Actively interacts with family,3
8126,I feel anxious most of the day,Appears emotionally distant,1
8127,I feel calm and normal,Behavior appears normal,9
8128,I feel disconnected from people,Seems happy and social,4
8129,I feel calm and normal,Appears emotionally distant,9
8130,I feel calm and normal,Behavior appears normal,3
8131,I feel motivated and energetic,Appears emotionally distant,7
8132,I feel motivated and energetic,Behavior appears normal,9
8133,I feel worried about everything,Behavior appears normal,4
8134,I feel fine and stable,Behavior appears normal,5
8135,I feel fine and stable,He avoids family and sleeps a lot,7
8136,I feel fine and stable,She seems withdrawn and quiet,9
8137,I feel stressed and overwhelmed,Shows signs of irritability,7
8138,I feel emotionally numb,He avoids family and sleeps a lot,10
8139,I feel sad without any clear reason,Often prefers to stay alone,10
8140,I feel calm and normal,Appears emotionally distant,5
8141,I feel fine and stable,Appears emotionally distant,9
8142,I feel calm and normal,Often prefers to stay alone,7
8143,I feel fine and stable,Seems happy and social,9
8144,I feel anxious most of the day,Actively interacts with family,5
8145,I feel sad without any clear reason,No major change noticed,6
8146,I feel fine and stable,He avoids family and sleeps a lot,8
8147,I feel tired and hopeless,Shows signs of irritability,6
8148,I feel stressed and overwhelmed,Often prefers to stay alone,6
8149,I feel calm and normal,Appears emotionally distant,4
8150,I feel emotionally numb,Actively interacts with family,7
8151,I feel disconnected from people,He avoids family and sleeps a lot,1
8152,I feel emotionally numb,Actively interacts with family,2
8153,I feel emotionally numb,No major change noticed,2
8154,I feel worried about everything,Behavior appears normal,10
8155,I feel tired and hopeless,Appears emotionally distant,3
8156,I feel emotionally numb,He avoids family and sleeps a lot,3
8157,I feel worried about everything,She seems withdrawn and quiet,7
8158,I feel stressed and overwhelmed,Appears emotionally distant,2
8159,I feel stressed and overwhelmed,Actively interacts with family,9
8160,I feel disconnected from people,Behavior appears normal,2
8161,I feel worried about everything,Mood fluctuates frequently,1
8162,I feel calm and normal,She seems withdrawn and quiet,7
8163,I feel anxious most of the day,Mood fluctuates frequently,5
8164,I feel anxious most of the day,He avoids family and sleeps a lot,4
8165,I feel tired and hopeless,He avoids family and sleeps a lot,2
8166,I feel disconnected from people,Appears emotionally distant,6
8167,I feel sad without any clear reason,Appears emotionally distant,4
8168,I feel tired and hopeless,Shows signs of irritability,4
8169,I feel motivated and energetic,Actively interacts with family,8
8170,I feel anxious most of the day,Shows signs of irritability,9
8171,I feel disconnected from people,Appears emotionally distant,10
8172,I feel calm and normal,Behavior appears normal,2
8173,I feel anxious most of the day,Mood fluctuates frequently,7
8174,I feel calm and normal,She seems withdrawn and quiet,5
8175,I feel disconnected from people,She seems withdrawn and quiet,7
8176,I feel anxious most of the day,Mood fluctuates frequently,3
8177,I feel calm and normal,Mood fluctuates frequently,2
8178,I feel tired and hopeless,Behavior appears normal,9
8179,I feel disconnected from people,Behavior appears normal,4
8180,I feel fine and stable,Behavior appears normal,2
8181,I feel worried about everything,Actively interacts with family,10
8182,I feel calm and normal,Shows signs of irritability,1
8183,I feel fine and stable,Actively interacts with family,8
8184,I feel sad without any clear reason,No major change noticed,2
8185,I feel emotionally numb,Mood fluctuates frequently,10
8186,I feel calm and normal,No major change noticed,1
8187,I feel stressed and overwhelmed,Shows signs of irritability,8
8188,I feel worried about everything,Seems happy and social,6
8189,I feel worried about everything,Appears emotionally distant,7
8190,I feel emotionally numb,Actively interacts with family,9
8191,I feel disconnected from people,Behavior appears normal,7
8192,I feel stressed and overwhelmed,Mood fluctuates frequently,2
8193,I feel stressed and overwhelmed,Often prefers to stay alone,4
8194,I feel motivated and energetic,Shows signs of irritability,10
8195,I feel calm and normal,She seems withdrawn and quiet,9
8196,I feel fine and stable,Behavior appears normal,5
8197,I feel motivated and energetic,Appears emotionally distant,8
8198,I feel emotionally numb,She seems withdrawn and quiet,8
8199,I feel anxious most of the day,Seems happy and social,9
8200,I feel emotionally numb,Often prefers to stay alone,8
8201,I feel disconnected from people,Behavior appears normal,9
8202,I feel disconnected from people,Seems happy and social,8
8203,I feel fine and stable,Mood fluctuates frequently,4
8204,I feel emotionally numb,Mood fluctuates frequently,7
8205,I feel tired and hopeless,He avoids family and sleeps a lot,5
8206,I feel worried about everything,Shows signs of irritability,10
8207,I feel motivated and energetic,Behavior appears normal,8
8208,I feel motivated and energetic,Seems happy and social,10
8209,I feel stressed and overwhelmed,No major change noticed,1
8210,I feel sad without any clear reason,Seems happy and social,3
8211,I feel calm and normal,Behavior appears normal,10
8212,I feel worried about everything,Often prefers to stay alone,7
8213,I feel sad without any clear reason,Behavior appears normal,6
8214,I feel calm and normal,Seems happy and social,8
8215,I feel motivated and energetic,She seems withdrawn and quiet,7
8216,I feel worried about everything,Mood fluctuates frequently,6
8217,I feel tired and hopeless,Shows signs of irritability,4
8218,I feel sad without any clear reason,Often prefers to stay alone,3
8219,I feel calm and normal,She seems withdrawn and quiet,4
8220,I feel emotionally numb,She seems withdrawn and quiet,7
8221,I feel worried about everything,Appears emotionally distant,2
8222,I feel tired and hopeless,No major change noticed,10
8223,I feel emotionally numb,No major change noticed,5
8224,I feel motivated and energetic,Mood fluctuates frequently,8
8225,I feel tired and hopeless,Behavior appears normal,6
8226,I feel stressed and overwhelmed,Often prefers to stay alone,9
8227,I feel calm and normal,Mood fluctuates frequently,2
8228,I feel calm and normal,He avoids family and sleeps a lot,8
8229,I feel stressed and overwhelmed,Actively interacts with family,7
8230,I feel motivated and energetic,Seems happy and social,1
8231,I feel motivated and energetic,No major change noticed,6
8232,I feel sad without any clear reason,Behavior appears normal,8
8233,I feel fine and stable,No major change noticed,4
8234,I feel disconnected from people,Behavior appears normal,10
8235,I feel emotionally numb,She seems withdrawn and quiet,3
8236,I feel fine and stable,Appears emotionally distant,7
8237,I feel stressed and overwhelmed,No major change noticed,10
8238,I feel stressed and overwhelmed,Seems happy and social,10
8239,I feel calm and normal,Seems happy and social,10
8240,I feel anxious most of the day,Behavior appears normal,10
8241,I feel sad without any clear reason,Appears emotionally distant,2
8242,I feel emotionally numb,Appears emotionally distant,10
8243,I feel stressed and overwhelmed,Often prefers to stay alone,9
8244,I feel sad without any clear reason,He avoids family and sleeps a lot,3
8245,I feel worried about everything,Seems happy and social,4
8246,I feel tired and hopeless,Actively interacts with family,4
8247,I feel anxious most of the day,Often prefers to stay alone,7
8248,I feel disconnected from people,No major change noticed,9
8249,I feel sad without any clear reason,Mood fluctuates frequently,6
8250,I feel disconnected from people,Actively interacts with family,6
8251,I feel motivated and energetic,Mood fluctuates frequently,3
8252,I feel emotionally numb,Actively interacts with family,10
8253,I feel sad without any clear reason,Behavior appears normal,10
8254,I feel stressed and overwhelmed,Often prefers to stay alone,6
8255,I feel worried about everything,She seems withdrawn and quiet,5
8256,I feel worried about everything,She seems withdrawn and quiet,1
8257,I feel stressed and overwhelmed,She seems withdrawn and quiet,1
8258,I feel sad without any clear reason,He avoids family and sleeps a lot,5
8259,I feel emotionally numb,Behavior appears normal,7
8260,I feel tired and hopeless,Appears emotionally distant,10
8261,I feel fine and stable,Seems happy and social,3
8262,I feel sad without any clear reason,Behavior appears normal,8
8263,I feel calm and normal,He avoids family and sleeps a lot,4
8264,I feel calm and normal,Behavior appears normal,2
8265,I feel sad without any clear reason,Behavior appears normal,10
8266,I feel sad without any clear reason,Behavior appears normal,5
8267,I feel motivated and energetic,She seems withdrawn and quiet,5
8268,I feel emotionally numb,Seems happy and social,10
8269,I feel worried about everything,No major change noticed,1
8270,I feel tired and hopeless,Shows signs of irritability,4
8271,I feel fine and stable,She seems withdrawn and quiet,3
8272,I feel calm and normal,He avoids family and sleeps a lot,8
8273,I feel fine and stable,Behavior appears normal,9
8274,I feel stressed and overwhelmed,Appears emotionally distant,9
8275,I feel stressed and overwhelmed,He avoids family and sleeps a lot,8
8276,I feel tired and hopeless,Often prefers to stay alone,10
8277,I feel sad without any clear reason,Appears emotionally distant,10
8278,I feel motivated and energetic,Often prefers to stay alone,2
8279,I feel emotionally numb,Appears emotionally distant,8
8280,I feel calm and normal,Behavior appears normal,6
8281,I feel sad without any clear reason,Seems happy and social,8
8282,I feel emotionally numb,No major change noticed,10
8283,I feel calm and normal,She seems withdrawn and quiet,4
8284,I feel disconnected from people,Behavior appears normal,7
8285,I feel disconnected from people,She seems withdrawn and quiet,3
8286,I feel anxious most of the day,Seems happy and social,5
8287,I feel sad without any clear reason,Seems happy and social,7
8288,I feel disconnected from people,Behavior appears normal,9
8289,I feel fine and stable,No major change noticed,7
8290,I feel tired and hopeless,Mood fluctuates frequently,5
8291,I feel tired and hopeless,Actively interacts with family,1
8292,I feel tired and hopeless,Shows signs of irritability,8
8293,I feel tired and hopeless,Behavior appears normal,9
8294,I feel calm and normal,Shows signs of irritability,4
8295,I feel motivated and energetic,Mood fluctuates frequently,10
8296,I feel anxious most of the day,She seems withdrawn and quiet,9
8297,I feel anxious most of the day,Seems happy and social,7
8298,I feel calm and normal,She seems withdrawn and quiet,9
8299,I feel motivated and energetic,Behavior appears normal,4
8300,I feel sad without any clear reason,Often prefers to stay alone,8
8301,I feel sad without any clear reason,Often prefers to stay alone,8
8302,I feel disconnected from people,Often prefers to stay alone,5
8303,I feel stressed and overwhelmed,Shows signs of irritability,4
8304,I feel anxious most of the day,Behavior appears normal,6
8305,I feel sad without any clear reason,Behavior appears normal,1
8306,I feel sad without any clear reason,Often prefers to stay alone,3
8307,I feel stressed and overwhelmed,Actively interacts with family,5
8308,I feel worried about everything,Appears emotionally distant,7
8309,I feel worried about everything,Actively interacts with family,10
8310,I feel fine and stable,Shows signs of irritability,2
8311,I feel fine and stable,Behavior appears normal,2
8312,I feel motivated and energetic,Actively interacts with family,8
8313,I feel stressed and overwhelmed,Actively interacts with family,3
8314,I feel tired and hopeless,Often prefers to stay alone,5
8315,I feel calm and normal,Shows signs of irritability,5
8316,I feel calm and normal,She seems withdrawn and quiet,7
8317,I feel worried about everything,Behavior appears normal,1
8318,I feel worried about everything,Seems happy and social,8
8319,I feel stressed and overwhelmed,Behavior appears normal,3
8320,I feel motivated and energetic,Often prefers to stay alone,10
8321,I feel stressed and overwhelmed,No major change noticed,2
8322,I feel worried about everything,Mood fluctuates frequently,8
8323,I feel stressed and overwhelmed,Appears emotionally distant,10
8324,I feel tired and hopeless,Behavior appears normal,2
8325,I feel sad without any clear reason,She seems withdrawn and quiet,7
8326,I feel stressed and overwhelmed,Seems happy and social,9
8327,I feel stressed and overwhelmed,No major change noticed,9
8328,I feel tired and hopeless,Actively interacts with family,5
8329,I feel sad without any clear reason,Seems happy and social,9
8330,I feel disconnected from people,He avoids family and sleeps a lot,1
8331,I feel disconnected from people,Appears emotionally distant,4
8332,I feel sad without any clear reason,She seems withdrawn and quiet,8
8333,I feel anxious most of the day,She seems withdrawn and quiet,9
8334,I feel worried about everything,She seems withdrawn and quiet,3
8335,I feel tired and hopeless,Actively interacts with family,6
8336,I feel motivated and energetic,Shows signs of irritability,10
8337,I feel fine and stable,Appears emotionally distant,10
8338,I feel sad without any clear reason,Mood fluctuates frequently,7
8339,I feel fine and stable,Behavior appears normal,4
8340,I feel fine and stable,Behavior appears normal,5
8341,I feel fine and stable,She seems withdrawn and quiet,10
8342,I feel worried about everything,Seems happy and social,1
8343,I feel fine and stable,No major change noticed,1
8344,I feel anxious most of the day,He avoids family and sleeps a lot,2
8345,I feel anxious most of the day,Behavior appears normal,6
8346,I feel fine and stable,Shows signs of irritability,5
8347,I feel sad without any clear reason,Actively interacts with family,8
8348,I feel sad without any clear reason,No major change noticed,8
8349,I feel tired and hopeless,He avoids family and sleeps a lot,6
8350,I feel sad without any clear reason,Mood fluctuates frequently,5
8351,I feel sad without any clear reason,Actively interacts with family,9
8352,I feel motivated and energetic,Often prefers to stay alone,10
8353,I feel disconnected from people,Appears emotionally distant,4
8354,I feel motivated and energetic,Often prefers to stay alone,6
8355,I feel sad without any clear reason,Mood fluctuates frequently,9
8356,I feel anxious most of the day,Shows signs of irritability,1
8357,I feel anxious most of the day,Seems happy and social,6
8358,I feel sad without any clear reason,No major change noticed,9
8359,I feel emotionally numb,She seems withdrawn and quiet,6
8360,I feel disconnected from people,Mood fluctuates frequently,10
8361,I feel anxious most of the day,Mood fluctuates frequently,1
8362,I feel emotionally numb,Often prefers to stay alone,4
8363,I feel fine and stable,Appears emotionally distant,9
8364,I feel motivated and energetic,Mood fluctuates frequently,3
8365,I feel sad without any clear reason,Seems happy and social,9
8366,I feel tired and hopeless,Behavior appears normal,5
8367,I feel disconnected from people,Often prefers to stay alone,5
8368,I feel worried about everything,Mood fluctuates frequently,2
8369,I feel fine and stable,Seems happy and social,7
8370,I feel disconnected from people,Appears emotionally distant,5
8371,I feel emotionally numb,Shows signs of irritability,1
8372,I feel anxious most of the day,She seems withdrawn and quiet,5
8373,I feel calm and normal,Shows signs of irritability,5
8374,I feel anxious most of the day,Appears emotionally distant,10
8375,I feel disconnected from people,She seems withdrawn and quiet,6
8376,I feel anxious most of the day,No major change noticed,1
8377,I feel disconnected from people,Often prefers to stay alone,9
8378,I feel anxious most of the day,Seems happy and social,4
8379,I feel fine and stable,She seems withdrawn and quiet,3
8380,I feel stressed and overwhelmed,She seems withdrawn and quiet,4
8381,I feel motivated and energetic,Behavior appears normal,2
8382,I feel stressed and overwhelmed,Actively interacts with family,6
8383,I feel stressed and overwhelmed,Often prefers to stay alone,7
8384,I feel motivated and energetic,Mood fluctuates frequently,5
8385,I feel tired and hopeless,No major change noticed,10
8386,I feel anxious most of the day,Actively interacts with family,2
8387,I feel stressed and overwhelmed,Often prefers to stay alone,6
8388,I feel motivated and energetic,Appears emotionally distant,5
8389,I feel worried about everything,Seems happy and social,6
8390,I feel anxious most of the day,Shows signs of irritability,6
8391,I feel calm and normal,Shows signs of irritability,8
8392,I feel stressed and overwhelmed,Behavior appears normal,3
8393,I feel sad without any clear reason,Actively interacts with family,4
8394,I feel anxious most of the day,Appears emotionally distant,7
8395,I feel worried about everything,Appears emotionally distant,9
8396,I feel sad without any clear reason,Appears emotionally distant,3
8397,I feel motivated and energetic,He avoids family and sleeps a lot,10
8398,I feel stressed and overwhelmed,Actively interacts with family,5
8399,I feel stressed and overwhelmed,Shows signs of irritability,8
8400,I feel tired and hopeless,No major change noticed,8
8401,I feel anxious most of the day,Shows signs of irritability,6
8402,I feel emotionally numb,Behavior appears normal,9
8403,I feel calm and normal,No major change noticed,2
8404,I feel worried about everything,Actively interacts with family,7
8405,I feel stressed and overwhelmed,Often prefers to stay alone,5
8406,I feel tired and hopeless,Actively interacts with family,10
8407,I feel sad without any clear reason,Behavior appears normal,6
8408,I feel fine and stable,Mood fluctuates frequently,10
8409,I feel tired and hopeless,He avoids family and sleeps a lot,8
8410,I feel stressed and overwhelmed,She seems withdrawn and quiet,10
8411,I feel stressed and overwhelmed,Shows signs of irritability,3
8412,I feel stressed and overwhelmed,She seems withdrawn and quiet,9
8413,I feel fine and stable,Appears emotionally distant,9
8414,I feel stressed and overwhelmed,Seems happy and social,6
8415,I feel sad without any clear reason,Shows signs of irritability,6
8416,I feel worried about everything,She seems withdrawn and quiet,2
8417,I feel worried about everything,Actively interacts with family,7
8418,I feel worried about everything,No major change noticed,6
8419,I feel motivated and energetic,Shows signs of irritability,4
8420,I feel anxious most of the day,Often prefers to stay alone,2
8421,I feel emotionally numb,Appears emotionally distant,8
8422,I feel anxious most of the day,Shows signs of irritability,1
8423,I feel calm and normal,No major change noticed,2
8424,I feel sad without any clear reason,Seems happy and social,6
8425,I feel anxious most of the day,Often prefers to stay alone,6
8426,I feel stressed and overwhelmed,No major change noticed,10
8427,I feel fine and stable,She seems withdrawn and quiet,8
8428,I feel calm and normal,He avoids family and sleeps a lot,6
8429,I feel sad without any clear reason,Actively interacts with family,6
8430,I feel worried about everything,Often prefers to stay alone,2
8431,I feel anxious most of the day,Appears emotionally distant,2
8432,I feel anxious most of the day,Appears emotionally distant,1
8433,I feel tired and hopeless,He avoids family and sleeps a lot,2
8434,I feel motivated and energetic,Actively interacts with family,9
8435,I feel worried about everything,Appears emotionally distant,9
8436,I feel calm and normal,Mood fluctuates frequently,3
8437,I feel emotionally numb,Seems happy and social,7
8438,I feel fine and stable,Often prefers to stay alone,9
8439,I feel disconnected from people,He avoids family and sleeps a lot,6
8440,I feel disconnected from people,Mood fluctuates frequently,3
8441,I feel calm and normal,Appears emotionally distant,10
8442,I feel stressed and overwhelmed,Often prefers to stay alone,2
8443,I feel emotionally numb,Appears emotionally distant,7
8444,I feel disconnected from people,Shows signs of irritability,5
8445,I feel disconnected from people,Shows signs of irritability,9
8446,I feel sad without any clear reason,He avoids family and sleeps a lot,9
8447,I feel motivated and energetic,He avoids family and sleeps a lot,2
8448,I feel fine and stable,Actively interacts with family,6
8449,I feel tired and hopeless,Seems happy and social,5
8450,I feel worried about everything,She seems withdrawn and quiet,8
8451,I feel fine and stable,No major change noticed,3
8452,I feel fine and stable,Often prefers to stay alone,2
8453,I feel motivated and energetic,Shows signs of irritability,1
8454,I feel calm and normal,He avoids family and sleeps a lot,5
8455,I feel anxious most of the day,She seems withdrawn and quiet,7
8456,I feel worried about everything,No major change noticed,2
8457,I feel tired and hopeless,Behavior appears normal,7
8458,I feel stressed and overwhelmed,Behavior appears normal,10
8459,I feel tired and hopeless,Behavior appears normal,4
8460,I feel disconnected from people,Mood fluctuates frequently,8
8461,I feel motivated and energetic,Appears emotionally distant,4
8462,I feel sad without any clear reason,Actively interacts with family,5
8463,I feel motivated and energetic,He avoids family and sleeps a lot,6
8464,I feel fine and stable,Behavior appears normal,10
8465,I feel worried about everything,He avoids family and sleeps a lot,5
8466,I feel fine and stable,Behavior appears normal,4
8467,I feel stressed and overwhelmed,Actively interacts with family,2
8468,I feel sad without any clear reason,Seems happy and social,2
8469,I feel worried about everything,Mood fluctuates frequently,9
8470,I feel emotionally numb,Shows signs of irritability,8
8471,I feel emotionally numb,Mood fluctuates frequently,3
8472,I feel stressed and overwhelmed,Appears emotionally distant,10
8473,I feel fine and stable,Actively interacts with family,4
8474,I feel sad without any clear reason,He avoids family and sleeps a lot,7
8475,I feel emotionally numb,Mood fluctuates frequently,6
8476,I feel fine and stable,Behavior appears normal,1
8477,I feel disconnected from people,She seems withdrawn and quiet,9
8478,I feel disconnected from people,Shows signs of irritability,5
8479,I feel disconnected from people,He avoids family and sleeps a lot,6
8480,I feel fine and stable,Mood fluctuates frequently,5
8481,I feel tired and hopeless,Mood fluctuates frequently,9
8482,I feel disconnected from people,Appears emotionally distant,4
8483,I feel motivated and energetic,Mood fluctuates frequently,1
8484,I feel sad without any clear reason,Actively interacts with family,10
8485,I feel anxious most of the day,Actively interacts with family,2
8486,I feel tired and hopeless,Actively interacts with family,4
8487,I feel tired and hopeless,Appears emotionally distant,5
8488,I feel fine and stable,Often prefers to stay alone,2
8489,I feel calm and normal,Mood fluctuates frequently,5
8490,I feel worried about everything,Often prefers to stay alone,5
8491,I feel stressed and overwhelmed,Mood fluctuates frequently,5
8492,I feel anxious most of the day,No major change noticed,5
8493,I feel disconnected from people,She seems withdrawn and quiet,7
8494,I feel calm and normal,Mood fluctuates frequently,8
8495,I feel tired and hopeless,Seems happy and social,1
8496,I feel motivated and energetic,Seems happy and social,10
8497,I feel stressed and overwhelmed,She seems withdrawn and quiet,4
8498,I feel emotionally numb,She seems withdrawn and quiet,4
8499,I feel stressed and overwhelmed,Behavior appears normal,7
8500,I feel fine and stable,Actively interacts with family,7
8501,I feel anxious most of the day,Often prefers to stay alone,8
8502,I feel worried about everything,She seems withdrawn and quiet,1
8503,I feel calm and normal,Often prefers to stay alone,3
8504,I feel tired and hopeless,She seems withdrawn and quiet,8
8505,I feel sad without any clear reason,Appears emotionally distant,5
8506,I feel emotionally numb,Often prefers to stay alone,2
8507,I feel stressed and overwhelmed,Behavior appears normal,3
8508,I feel anxious most of the day,He avoids family and sleeps a lot,10
8509,I feel calm and normal,Actively interacts with family,2
8510,I feel stressed and overwhelmed,He avoids family and sleeps a lot,2
8511,I feel sad without any clear reason,Seems happy and social,1
8512,I feel anxious most of the day,No major change noticed,4
8513,I feel tired and hopeless,He avoids family and sleeps a lot,2
8514,I feel worried about everything,She seems withdrawn and quiet,5
8515,I feel motivated and energetic,Actively interacts with family,4
8516,I feel emotionally numb,Mood fluctuates frequently,10
8517,I feel calm and normal,Shows signs of irritability,7
8518,I feel sad without any clear reason,Seems happy and social,9
8519,I feel worried about everything,No major change noticed,8
8520,I feel anxious most of the day,She seems withdrawn and quiet,6
8521,I feel worried about everything,No major change noticed,9
8522,I feel fine and stable,Often prefers to stay alone,3
8523,I feel motivated and energetic,No major change noticed,7
8524,I feel fine and stable,No major change noticed,3
8525,I feel fine and stable,Shows signs of irritability,3
8526,I feel stressed and overwhelmed,Seems happy and social,10
8527,I feel worried about everything,Actively interacts with family,10
8528,I feel anxious most of the day,Seems happy and social,1
8529,I feel anxious most of the day,Often prefers to stay alone,9
8530,I feel calm and normal,No major change noticed,3
8531,I feel emotionally numb,Mood fluctuates frequently,1
8532,I feel disconnected from people,Seems happy and social,9
8533,I feel tired and hopeless,No major change noticed,6
8534,I feel stressed and overwhelmed,Shows signs of irritability,8
8535,I feel sad without any clear reason,Shows signs of irritability,8
8536,I feel worried about everything,No major change noticed,1
8537,I feel anxious most of the day,Actively interacts with family,7
8538,I feel emotionally numb,Seems happy and social,9
8539,I feel anxious most of the day,Mood fluctuates frequently,8
8540,I feel tired and hopeless,No major change noticed,1
8541,I feel tired and hopeless,Seems happy and social,4
8542,I feel anxious most of the day,Often prefers to stay alone,3
8543,I feel tired and hopeless,Behavior appears normal,2
8544,I feel motivated and energetic,She seems withdrawn and quiet,5
8545,I feel stressed and overwhelmed,Seems happy and social,3
8546,I feel fine and stable,Often prefers to stay alone,4
8547,I feel worried about everything,Mood fluctuates frequently,1
8548,I feel stressed and overwhelmed,Actively interacts with family,9
8549,I feel worried about everything,He avoids family and sleeps a lot,8
8550,I feel disconnected from people,Appears emotionally distant,8
8551,I feel disconnected from people,Mood fluctuates frequently,9
8552,I feel emotionally numb,Actively interacts with family,10
8553,I feel fine and stable,Behavior appears normal,9
8554,I feel fine and stable,Appears emotionally distant,6
8555,I feel stressed and overwhelmed,Behavior appears normal,4
8556,I feel fine and stable,Often prefers to stay alone,6
8557,I feel calm and normal,Seems happy and social,8
8558,I feel emotionally numb,He avoids family and sleeps a lot,4
8559,I feel emotionally numb,She seems withdrawn and quiet,6
8560,I feel worried about everything,Mood fluctuates frequently,8
8561,I feel fine and stable,Mood fluctuates frequently,9
8562,I feel tired and hopeless,No major change noticed,7
8563,I feel motivated and energetic,Shows signs of irritability,3
8564,I feel anxious most of the day,Mood fluctuates frequently,3
8565,I feel fine and stable,Behavior appears normal,9
8566,I feel worried about everything,Often prefers to stay alone,7
8567,I feel worried about everything,Shows signs of irritability,6
8568,I feel emotionally numb,He avoids family and sleeps a lot,6
8569,I feel sad without any clear reason,He avoids family and sleeps a lot,8
8570,I feel anxious most of the day,Behavior appears normal,6
8571,I feel fine and stable,No major change noticed,10
8572,I feel fine and stable,Behavior appears normal,2
8573,I feel tired and hopeless,Mood fluctuates frequently,2
8574,I feel fine and stable,No major change noticed,2
8575,I feel tired and hopeless,Mood fluctuates frequently,4
8576,I feel emotionally numb,She seems withdrawn and quiet,7
8577,I feel emotionally numb,He avoids family and sleeps a lot,10
8578,I feel sad without any clear reason,Seems happy and social,2
8579,I feel calm and normal,He avoids family and sleeps a lot,1
8580,I feel motivated and energetic,No major change noticed,6
8581,I feel calm and normal,No major change noticed,9
8582,I feel emotionally numb,Behavior appears normal,5
8583,I feel sad without any clear reason,He avoids family and sleeps a lot,7
8584,I feel stressed and overwhelmed,Actively interacts with family,3
8585,I feel anxious most of the day,Seems happy and social,2
8586,I feel tired and hopeless,Appears emotionally distant,6
8587,I feel tired and hopeless,Actively interacts with family,5
8588,I feel tired and hopeless,No major change noticed,3
8589,I feel disconnected from people,He avoids family and sleeps a lot,7
8590,I feel worried about everything,She seems withdrawn and quiet,10
8591,I feel tired and hopeless,Often prefers to stay alone,2
8592,I feel stressed and overwhelmed,Mood fluctuates frequently,6
8593,I feel tired and hopeless,She seems withdrawn and quiet,4
8594,I feel sad without any clear reason,Mood fluctuates frequently,1
8595,I feel calm and normal,No major change noticed,3
8596,I feel fine and stable,She seems withdrawn and quiet,5
8597,I feel sad without any clear reason,Actively interacts with family,8
8598,I feel worried about everything,Mood fluctuates frequently,8
8599,I feel disconnected from people,Actively interacts with family,4
8600,I feel sad without any clear reason,Actively interacts with family,6
8601,I feel fine and stable,Actively interacts with family,3
8602,I feel tired and hopeless,Shows signs of irritability,1
8603,I feel stressed and overwhelmed,Shows signs of irritability,10
8604,I feel stressed and overwhelmed,Behavior appears normal,2
8605,I feel tired and hopeless,Actively interacts with family,1
8606,I feel sad without any clear reason,Behavior appears normal,9
8607,I feel tired and hopeless,Shows signs of irritability,5
8608,I feel anxious most of the day,She seems withdrawn and quiet,7
8609,I feel worried about everything,She seems withdrawn and quiet,1
8610,I feel anxious most of the day,Appears emotionally distant,10
8611,I feel emotionally numb,He avoids family and sleeps a lot,10
8612,I feel fine and stable,Seems happy and social,8
8613,I feel tired and hopeless,Actively interacts with family,6
8614,I feel calm and normal,Actively interacts with family,2
8615,I feel stressed and overwhelmed,Often prefers to stay alone,2
8616,I feel sad without any clear reason,Seems happy and social,8
8617,I feel motivated and energetic,Mood fluctuates frequently,8
8618,I feel stressed and overwhelmed,She seems withdrawn and quiet,1
8619,I feel motivated and energetic,Appears emotionally distant,9
8620,I feel calm and normal,Actively interacts with family,10
8621,I feel worried about everything,Mood fluctuates frequently,6
8622,I feel anxious most of the day,Often prefers to stay alone,2
8623,I feel motivated and energetic,Often prefers to stay alone,3
8624,I feel motivated and energetic,Appears emotionally distant,6
8625,I feel emotionally numb,Shows signs of irritability,5
8626,I feel emotionally numb,He avoids family and sleeps a lot,8
8627,I feel anxious most of the day,Often prefers to stay alone,2
8628,I feel anxious most of the day,No major change noticed,10
8629,I feel disconnected from people,Often prefers to stay alone,4
8630,I feel sad without any clear reason,Actively interacts with family,7
8631,I feel disconnected from people,Behavior appears normal,10
8632,I feel anxious most of the day,Seems happy and social,9
8633,I feel disconnected from people,Mood fluctuates frequently,9
8634,I feel worried about everything,Seems happy and social,6
8635,I feel tired and hopeless,Behavior appears normal,7
8636,I feel sad without any clear reason,She seems withdrawn and quiet,8
8637,I feel stressed and overwhelmed,Seems happy and social,2
8638,I feel stressed and overwhelmed,She seems withdrawn and quiet,1
8639,I feel motivated and energetic,Shows signs of irritability,2
8640,I feel calm and normal,Mood fluctuates frequently,6
8641,I feel calm and normal,She seems withdrawn and quiet,5
8642,I feel tired and hopeless,Mood fluctuates frequently,8
8643,I feel calm and normal,Appears emotionally distant,9
8644,I feel worried about everything,Often prefers to stay alone,4
8645,I feel worried about everything,Shows signs of irritability,6
8646,I feel worried about everything,Seems happy and social,9
8647,I feel tired and hopeless,Actively interacts with family,6
8648,I feel motivated and energetic,No major change noticed,10
8649,I feel motivated and energetic,Seems happy and social,5
8650,I feel disconnected from people,Often prefers to stay alone,5
8651,I feel tired and hopeless,She seems withdrawn and quiet,2
8652,I feel disconnected from people,Appears emotionally distant,5
8653,I feel emotionally numb,She seems withdrawn and quiet,2
8654,I feel anxious most of the day,He avoids family and sleeps a lot,9
8655,I feel sad without any clear reason,He avoids family and sleeps a lot,7
8656,I feel sad without any clear reason,Seems happy and social,8
8657,I feel worried about everything,Behavior appears normal,2
8658,I feel emotionally numb,Appears emotionally distant,9
8659,I feel tired and hopeless,No major change noticed,1
8660,I feel sad without any clear reason,Actively interacts with family,3
8661,I feel motivated and energetic,Actively interacts with family,5
8662,I feel tired and hopeless,Actively interacts with family,2
8663,I feel stressed and overwhelmed,Seems happy and social,3
8664,I feel sad without any clear reason,Shows signs of irritability,10
8665,I feel anxious most of the day,Behavior appears normal,3
8666,I feel tired and hopeless,Seems happy and social,2
8667,I feel motivated and energetic,Actively interacts with family,3
8668,I feel fine and stable,Behavior appears normal,7
8669,I feel emotionally numb,Mood fluctuates frequently,2
8670,I feel disconnected from people,Often prefers to stay alone,6
8671,I feel fine and stable,Shows signs of irritability,5
8672,I feel calm and normal,Appears emotionally distant,4
8673,I feel anxious most of the day,Shows signs of irritability,3
8674,I feel sad without any clear reason,She seems withdrawn and quiet,9
8675,I feel stressed and overwhelmed,Seems happy and social,7
8676,I feel fine and stable,Behavior appears normal,10
8677,I feel stressed and overwhelmed,Behavior appears normal,5
8678,I feel fine and stable,Behavior appears normal,5
8679,I feel calm and normal,He avoids family and sleeps a lot,9
8680,I feel stressed and overwhelmed,Mood fluctuates frequently,9
8681,I feel fine and stable,Seems happy and social,10
8682,I feel stressed and overwhelmed,He avoids family and sleeps a lot,4
8683,I feel worried about everything,Behavior appears normal,6
8684,I feel calm and normal,Actively interacts with family,10
8685,I feel stressed and overwhelmed,She seems withdrawn and quiet,7
8686,I feel worried about everything,Behavior appears normal,10
8687,I feel motivated and energetic,Shows signs of irritability,10
8688,I feel emotionally numb,Actively interacts with family,3
8689,I feel calm and normal,No major change noticed,6
8690,I feel emotionally numb,Actively interacts with family,6
8691,I feel sad without any clear reason,No major change noticed,5
8692,I feel tired and hopeless,She seems withdrawn and quiet,7
8693,I feel motivated and energetic,Actively interacts with family,5
8694,I feel anxious most of the day,Seems happy and social,1
8695,I feel emotionally numb,Often prefers to stay alone,7
8696,I feel motivated and energetic,Often prefers to stay alone,4
8697,I feel worried about everything,Mood fluctuates frequently,9
8698,I feel worried about everything,Often prefers to stay alone,2
8699,I feel fine and stable,No major change noticed,6
8700,I feel disconnected from people,She seems withdrawn and quiet,9
8701,I feel tired and hopeless,Behavior appears normal,10
8702,I feel stressed and overwhelmed,Mood fluctuates frequently,8
8703,I feel disconnected from people,Mood fluctuates frequently,4
8704,I feel anxious most of the day,Often prefers to stay alone,1
8705,I feel motivated and energetic,Seems happy and social,3
8706,I feel stressed and overwhelmed,Often prefers to stay alone,3
8707,I feel disconnected from people,Shows signs of irritability,7
8708,I feel calm and normal,Actively interacts with family,2
8709,I feel sad without any clear reason,Appears emotionally distant,10
8710,I feel motivated and energetic,Shows signs of irritability,5
8711,I feel stressed and overwhelmed,Actively interacts with family,9
8712,I feel worried about everything,Appears emotionally distant,7
8713,I feel sad without any clear reason,No major change noticed,10
8714,I feel fine and stable,Mood fluctuates frequently,10
8715,I feel disconnected from people,Shows signs of irritability,8
8716,I feel calm and normal,Mood fluctuates frequently,1
8717,I feel tired and hopeless,Mood fluctuates frequently,10
8718,I feel disconnected from people,She seems withdrawn and quiet,1
8719,I feel anxious most of the day,Seems happy and social,4
8720,I feel motivated and energetic,She seems withdrawn and quiet,8
8721,I feel anxious most of the day,Appears emotionally distant,2
8722,I feel disconnected from people,She seems withdrawn and quiet,6
8723,I feel tired and hopeless,Appears emotionally distant,1
8724,I feel stressed and overwhelmed,Mood fluctuates frequently,10
8725,I feel anxious most of the day,Mood fluctuates frequently,2
8726,I feel anxious most of the day,Mood fluctuates frequently,4
8727,I feel sad without any clear reason,Behavior appears normal,10
8728,I feel emotionally numb,Seems happy and social,3
8729,I feel anxious most of the day,Mood fluctuates frequently,9
8730,I feel worried about everything,Mood fluctuates frequently,2
8731,I feel calm and normal,She seems withdrawn and quiet,10
8732,I feel disconnected from people,Seems happy and social,4
8733,I feel sad without any clear reason,No major change noticed,4
8734,I feel fine and stable,No major change noticed,6
8735,I feel anxious most of the day,Shows signs of irritability,9
8736,I feel disconnected from people,Often prefers to stay alone,2
8737,I feel sad without any clear reason,Seems happy and social,10
8738,I feel calm and normal,Appears emotionally distant,10
8739,I feel calm and normal,Appears emotionally distant,5
8740,I feel sad without any clear reason,She seems withdrawn and quiet,6
8741,I feel sad without any clear reason,No major change noticed,10
8742,I feel stressed and overwhelmed,Mood fluctuates frequently,3
8743,I feel calm and normal,Shows signs of irritability,9
8744,I feel calm and normal,Actively interacts with family,10
8745,I feel tired and hopeless,No major change noticed,3
8746,I feel fine and stable,Often prefers to stay alone,6
8747,I feel emotionally numb,Shows signs of irritability,2
8748,I feel fine and stable,No major change noticed,4
8749,I feel anxious most of the day,No major change noticed,10
8750,I feel tired and hopeless,Mood fluctuates frequently,1
8751,I feel motivated and energetic,Appears emotionally distant,1
8752,I feel motivated and energetic,Mood fluctuates frequently,4
8753,I feel sad without any clear reason,Shows signs of irritability,10
8754,I feel anxious most of the day,Often prefers to stay alone,9
8755,I feel worried about everything,He avoids family and sleeps a lot,2
8756,I feel tired and hopeless,Seems happy and social,10
8757,I feel disconnected from people,Shows signs of irritability,1
8758,I feel anxious most of the day,Appears emotionally distant,9
8759,I feel tired and hopeless,He avoids family and sleeps a lot,7
8760,I feel anxious most of the day,Shows signs of irritability,10
8761,I feel worried about everything,No major change noticed,4
8762,I feel sad without any clear reason,No major change noticed,3
8763,I feel tired and hopeless,Actively interacts with family,3
8764,I feel tired and hopeless,Often prefers to stay alone,1
8765,I feel sad without any clear reason,He avoids family and sleeps a lot,3
8766,I feel anxious most of the day,Mood fluctuates frequently,1
8767,I feel worried about everything,Appears emotionally distant,10
8768,I feel emotionally numb,Shows signs of irritability,8
8769,I feel disconnected from people,Seems happy and social,1
8770,I feel calm and normal,Appears emotionally distant,8
8771,I feel emotionally numb,Seems happy and social,4
8772,I feel disconnected from people,He avoids family and sleeps a lot,1
8773,I feel sad without any clear reason,No major change noticed,10
8774,I feel anxious most of the day,Often prefers to stay alone,5
8775,I feel fine and stable,Shows signs of irritability,8
8776,I feel anxious most of the day,Appears emotionally distant,10
8777,I feel tired and hopeless,Behavior appears normal,3
8778,I feel sad without any clear reason,She seems withdrawn and quiet,7
8779,I feel motivated and energetic,She seems withdrawn and quiet,1
8780,I feel worried about everything,No major change noticed,8
8781,I feel stressed and overwhelmed,No major change noticed,8
8782,I feel disconnected from people,Shows signs of irritability,9
8783,I feel tired and hopeless,Often prefers to stay alone,10
8784,I feel anxious most of the day,Actively interacts with family,2
8785,I feel fine and stable,Shows signs of irritability,10
8786,I feel sad without any clear reason,No major change noticed,9
8787,I feel stressed and overwhelmed,Behavior appears normal,8
8788,I feel motivated and energetic,She seems withdrawn and quiet,3
8789,I feel emotionally numb,Seems happy and social,10
8790,I feel stressed and overwhelmed,Actively interacts with family,10
8791,I feel motivated and energetic,Mood fluctuates frequently,2
8792,I feel tired and hopeless,Appears emotionally distant,5
8793,I feel fine and stable,Shows signs of irritability,5
8794,I feel worried about everything,Mood fluctuates frequently,1
8795,I feel disconnected from people,He avoids family and sleeps a lot,3
8796,I feel tired and hopeless,Seems happy and social,2
8797,I feel tired and hopeless,No major change noticed,8
8798,I feel emotionally numb,Mood fluctuates frequently,9
8799,I feel calm and normal,Behavior appears normal,2
8800,I feel disconnected from people,Appears emotionally distant,8
8801,I feel emotionally numb,Actively interacts with family,6
8802,I feel emotionally numb,Seems happy and social,5
8803,I feel motivated and energetic,She seems withdrawn and quiet,7
8804,I feel worried about everything,No major change noticed,3
8805,I feel tired and hopeless,She seems withdrawn and quiet,5
8806,I feel emotionally numb,Actively interacts with family,5
8807,I feel calm and normal,Behavior appears normal,9
8808,I feel fine and stable,She seems withdrawn and quiet,9
8809,I feel emotionally numb,Mood fluctuates frequently,6
8810,I feel disconnected from people,Appears emotionally distant,5
8811,I feel disconnected from people,No major change noticed,10
8812,I feel fine and stable,Actively interacts with family,6
8813,I feel disconnected from people,Actively interacts with family,10
8814,I feel worried about everything,Shows signs of irritability,5
8815,I feel anxious most of the day,Behavior appears normal,1
8816,I feel fine and stable,Appears emotionally distant,3
8817,I feel disconnected from people,Behavior appears normal,4
8818,I feel tired and hopeless,Mood fluctuates frequently,10
8819,I feel tired and hopeless,Seems happy and social,3
8820,I feel anxious most of the day,Behavior appears normal,6
8821,I feel worried about everything,Behavior appears normal,9
8822,I feel emotionally numb,Actively interacts with family,9
8823,I feel tired and hopeless,He avoids family and sleeps a lot,2
8824,I feel sad without any clear reason,Seems happy and social,2
8825,I feel emotionally numb,Behavior appears normal,10
8826,I feel fine and stable,Shows signs of irritability,3
8827,I feel anxious most of the day,Behavior appears normal,10
8828,I feel tired and hopeless,Seems happy and social,1
8829,I feel tired and hopeless,Seems happy and social,7
8830,I feel fine and stable,Actively interacts with family,2
8831,I feel disconnected from people,Seems happy and social,3
8832,I feel worried about everything,Shows signs of irritability,5
8833,I feel calm and normal,Seems happy and social,4
8834,I feel disconnected from people,Mood fluctuates frequently,7
8835,I feel disconnected from people,Actively interacts with family,8
8836,I feel worried about everything,No major change noticed,5
8837,I feel disconnected from people,Actively interacts with family,2
8838,I feel worried about everything,No major change noticed,10
8839,I feel disconnected from people,Appears emotionally distant,2
8840,I feel anxious most of the day,Mood fluctuates frequently,7
8841,I feel tired and hopeless,Appears emotionally distant,7
8842,I feel anxious most of the day,No major change noticed,2
8843,I feel disconnected from people,Often prefers to stay alone,4
8844,I feel sad without any clear reason,He avoids family and sleeps a lot,10
8845,I feel tired and hopeless,She seems withdrawn and quiet,6
8846,I feel emotionally numb,Appears emotionally distant,2
8847,I feel tired and hopeless,Behavior appears normal,2
8848,I feel tired and hopeless,Behavior appears normal,4
8849,I feel disconnected from people,Mood fluctuates frequently,8
8850,I feel fine and stable,Often prefers to stay alone,9
8851,I feel calm and normal,Actively interacts with family,10
8852,I feel emotionally numb,Actively interacts with family,1
8853,I feel fine and stable,Behavior appears normal,1
8854,I feel stressed and overwhelmed,Shows signs of irritability,9
8855,I feel anxious most of the day,He avoids family and sleeps a lot,10
8856,I feel tired and hopeless,Seems happy and social,8
8857,I feel tired and hopeless,She seems withdrawn and quiet,1
8858,I feel anxious most of the day,Often prefers to stay alone,1
8859,I feel stressed and overwhelmed,No major change noticed,6
8860,I feel calm and normal,No major change noticed,6
8861,I feel emotionally numb,Seems happy and social,3
8862,I feel emotionally numb,Seems happy and social,8
8863,I feel motivated and energetic,Mood fluctuates frequently,9
8864,I feel disconnected from people,Shows signs of irritability,7
8865,I feel anxious most of the day,She seems withdrawn and quiet,9
8866,I feel stressed and overwhelmed,Appears emotionally distant,8
8867,I feel tired and hopeless,Behavior appears normal,10
8868,I feel stressed and overwhelmed,Often prefers to stay alone,4
8869,I feel worried about everything,Shows signs of irritability,2
8870,I feel anxious most of the day,Actively interacts with family,3
8871,I feel disconnected from people,Seems happy and social,5
8872,I feel fine and stable,No major change noticed,7
8873,I feel sad without any clear reason,Seems happy and social,1
8874,I feel fine and stable,Seems happy and social,3
8875,I feel fine and stable,He avoids family and sleeps a lot,5
8876,I feel anxious most of the day,Seems happy and social,7
8877,I feel disconnected from people,Appears emotionally distant,2
8878,I feel worried about everything,Appears emotionally distant,4
8879,I feel fine and stable,Actively interacts with family,10
8880,I feel emotionally numb,Shows signs of irritability,3
8881,I feel sad without any clear reason,Seems happy and social,3
8882,I feel anxious most of the day,He avoids family and sleeps a lot,1
8883,I feel fine and stable,Actively interacts with family,7
8884,I feel emotionally numb,Mood fluctuates frequently,4
8885,I feel fine and stable,He avoids family and sleeps a lot,9
8886,I feel fine and stable,Often prefers to stay alone,9
8887,I feel disconnected from people,No major change noticed,8
8888,I feel motivated and energetic,Shows signs of irritability,6
8889,I feel calm and normal,Actively interacts with family,8
8890,I feel disconnected from people,No major change noticed,1
8891,I feel anxious most of the day,No major change noticed,4
8892,I feel disconnected from people,Shows signs of irritability,4
8893,I feel worried about everything,Often prefers to stay alone,4
8894,I feel anxious most of the day,Seems happy and social,3
8895,I feel worried about everything,Shows signs of irritability,4
8896,I feel sad without any clear reason,She seems withdrawn and quiet,7
8897,I feel disconnected from people,Behavior appears normal,1
8898,I feel motivated and energetic,Behavior appears normal,8
8899,I feel fine and stable,Appears emotionally distant,1
8900,I feel worried about everything,He avoids family and sleeps a lot,2
8901,I feel disconnected from people,Shows signs of irritability,4
8902,I feel stressed and overwhelmed,Mood fluctuates frequently,1
8903,I feel stressed and overwhelmed,Shows signs of irritability,2
8904,I feel sad without any clear reason,Shows signs of irritability,6
8905,I feel stressed and overwhelmed,Seems happy and social,1
8906,I feel calm and normal,Shows signs of irritability,1
8907,I feel worried about everything,Appears emotionally distant,4
8908,I feel stressed and overwhelmed,Seems happy and social,4
8909,I feel worried about everything,Often prefers to stay alone,8
8910,I feel calm and normal,Often prefers to stay alone,8
8911,I feel disconnected from people,Seems happy and social,4
8912,I feel motivated and energetic,She seems withdrawn and quiet,7
8913,I feel anxious most of the day,Mood fluctuates frequently,4
8914,I feel stressed and overwhelmed,Mood fluctuates frequently,6
8915,I feel sad without any clear reason,Shows signs of irritability,5
8916,I feel worried about everything,No major change noticed,3
8917,I feel stressed and overwhelmed,Behavior appears normal,1
8918,I feel stressed and overwhelmed,Mood fluctuates frequently,5
8919,I feel fine and stable,Behavior appears normal,1
8920,I feel disconnected from people,Actively interacts with family,8
8921,I feel stressed and overwhelmed,No major change noticed,8
8922,I feel motivated and energetic,Behavior appears normal,10
8923,I feel anxious most of the day,Behavior appears normal,8
8924,I feel sad without any clear reason,Behavior appears normal,2
8925,I feel calm and normal,Behavior appears normal,5
8926,I feel sad without any clear reason,Seems happy and social,10
8927,I feel fine and stable,No major change noticed,5
8928,I feel stressed and overwhelmed,Actively interacts with family,5
8929,I feel fine and stable,Appears emotionally distant,6
8930,I feel emotionally numb,Seems happy and social,5
8931,I feel tired and hopeless,Actively interacts with family,4
8932,I feel calm and normal,Often prefers to stay alone,5
8933,I feel stressed and overwhelmed,Shows signs of irritability,1
8934,I feel tired and hopeless,Actively interacts with family,3
8935,I feel sad without any clear reason,He avoids family and sleeps a lot,4
8936,I feel tired and hopeless,He avoids family and sleeps a lot,6
8937,I feel anxious most of the day,Behavior appears normal,9
8938,I feel worried about everything,Mood fluctuates frequently,10
8939,I feel disconnected from people,Actively interacts with family,7
8940,I feel tired and hopeless,She seems withdrawn and quiet,4
8941,I feel stressed and overwhelmed,Often prefers to stay alone,3
8942,I feel emotionally numb,Behavior appears normal,4
8943,I feel disconnected from people,Actively interacts with family,7
8944,I feel tired and hopeless,Appears emotionally distant,9
8945,I feel emotionally numb,Behavior appears normal,1
8946,I feel motivated and energetic,Shows signs of irritability,8
8947,I feel fine and stable,Mood fluctuates frequently,1
8948,I feel motivated and energetic,Mood fluctuates frequently,5
8949,I feel calm and normal,Behavior appears normal,9
8950,I feel tired and hopeless,She seems withdrawn and quiet,1
8951,I feel worried about everything,No major change noticed,8
8952,I feel motivated and energetic,Behavior appears normal,9
8953,I feel fine and stable,Actively interacts with family,1
8954,I feel disconnected from people,She seems withdrawn and quiet,9
8955,I feel fine and stable,Appears emotionally distant,7
8956,I feel anxious most of the day,Actively interacts with family,10
8957,I feel worried about everything,Shows signs of irritability,2
8958,I feel tired and hopeless,Actively interacts with family,10
8959,I feel calm and normal,Seems happy and social,10
8960,I feel tired and hopeless,Seems happy and social,9
8961,I feel anxious most of the day,Mood fluctuates frequently,5
8962,I feel motivated and energetic,Actively interacts with family,6
8963,I feel fine and stable,He avoids family and sleeps a lot,1
8964,I feel calm and normal,She seems withdrawn and quiet,10
8965,I feel emotionally numb,Shows signs of irritability,5
8966,I feel emotionally numb,No major change noticed,8
8967,I feel tired and hopeless,Seems happy and social,1
8968,I feel calm and normal,Mood fluctuates frequently,8
8969,I feel tired and hopeless,Shows signs of irritability,9
8970,I feel stressed and overwhelmed,Often prefers to stay alone,9
8971,I feel calm and normal,Appears emotionally distant,10
8972,I feel anxious most of the day,Mood fluctuates frequently,8
8973,I feel emotionally numb,Often prefers to stay alone,3
8974,I feel motivated and energetic,He avoids family and sleeps a lot,9
8975,I feel calm and normal,Mood fluctuates frequently,7
8976,I feel sad without any clear reason,Seems happy and social,2
8977,I feel sad without any clear reason,Behavior appears normal,5
8978,I feel calm and normal,Actively interacts with family,9
8979,I feel worried about everything,Actively interacts with family,8
8980,I feel sad without any clear reason,Seems happy and social,3
8981,I feel anxious most of the day,Often prefers to stay alone,10
8982,I feel stressed and overwhelmed,She seems withdrawn and quiet,6
8983,I feel worried about everything,He avoids family and sleeps a lot,10
8984,I feel emotionally numb,Mood fluctuates frequently,4
8985,I feel disconnected from people,Often prefers to stay alone,9
8986,I feel motivated and energetic,Seems happy and social,10
8987,I feel tired and hopeless,Seems happy and social,3
8988,I feel emotionally numb,Often prefers to stay alone,5
8989,I feel anxious most of the day,No major change noticed,3
8990,I feel disconnected from people,Shows signs of irritability,1
8991,I feel emotionally numb,She seems withdrawn and quiet,5
8992,I feel tired and hopeless,Behavior appears normal,7
8993,I feel tired and hopeless,No major change noticed,2
8994,I feel fine and stable,Behavior appears normal,6
8995,I feel calm and normal,Often prefers to stay alone,6
8996,I feel anxious most of the day,Seems happy and social,5
8997,I feel tired and hopeless,Shows signs of irritability,5
8998,I feel motivated and energetic,Seems happy and social,1
8999,I feel emotionally numb,Actively interacts with family,7
9000,I feel calm and normal,Appears emotionally distant,10
9001,I feel worried about everything,He avoids family and sleeps a lot,10
9002,I feel calm and normal,Often prefers to stay alone,10
9003,I feel stressed and overwhelmed,No major change noticed,4
9004,I feel worried about everything,Shows signs of irritability,5
9005,I feel tired and hopeless,Shows signs of irritability,7
9006,I feel stressed and overwhelmed,Shows signs of irritability,3
9007,I feel worried about everything,Mood fluctuates frequently,4
9008,I feel stressed and overwhelmed,She seems withdrawn and quiet,5
9009,I feel motivated and energetic,Seems happy and social,10
9010,I feel sad without any clear reason,Seems happy and social,9
9011,I feel tired and hopeless,Appears emotionally distant,2
9012,I feel emotionally numb,Seems happy and social,9
9013,I feel anxious most of the day,Actively interacts with family,6
9014,I feel sad without any clear reason,He avoids family and sleeps a lot,3
9015,I feel motivated and energetic,He avoids family and sleeps a lot,5
9016,I feel disconnected from people,Appears emotionally distant,8
9017,I feel stressed and overwhelmed,No major change noticed,9
9018,I feel fine and stable,Actively interacts with family,7
9019,I feel motivated and energetic,Shows signs of irritability,8
9020,I feel disconnected from people,She seems withdrawn and quiet,10
9021,I feel anxious most of the day,He avoids family and sleeps a lot,3
9022,I feel anxious most of the day,She seems withdrawn and quiet,10
9023,I feel fine and stable,Shows signs of irritability,9
9024,I feel disconnected from people,Often prefers to stay alone,8
9025,I feel emotionally numb,No major change noticed,6
9026,I feel sad without any clear reason,Shows signs of irritability,5
9027,I feel tired and hopeless,Seems happy and social,10
9028,I feel anxious most of the day,Often prefers to stay alone,1
9029,I feel disconnected from people,Often prefers to stay alone,6
9030,I feel disconnected from people,He avoids family and sleeps a lot,1
9031,I feel calm and normal,Actively interacts with family,10
9032,I feel sad without any clear reason,Behavior appears normal,6
9033,I feel stressed and overwhelmed,Seems happy and social,3
9034,I feel sad without any clear reason,Actively interacts with family,10
9035,I feel stressed and overwhelmed,No major change noticed,1
9036,I feel tired and hopeless,Seems happy and social,6
9037,I feel disconnected from people,Seems happy and social,2
9038,I feel motivated and energetic,She seems withdrawn and quiet,2
9039,I feel fine and stable,Behavior appears normal,2
9040,I feel stressed and overwhelmed,She seems withdrawn and quiet,9
9041,I feel calm and normal,Behavior appears normal,5
9042,I feel worried about everything,She seems withdrawn and quiet,3
9043,I feel anxious most of the day,Seems happy and social,10
9044,I feel emotionally numb,Actively interacts with family,10
9045,I feel fine and stable,Appears emotionally distant,4
9046,I feel calm and normal,He avoids family and sleeps a lot,1
9047,I feel emotionally numb,No major change noticed,2
9048,I feel tired and hopeless,Appears emotionally distant,1
9049,I feel stressed and overwhelmed,Seems happy and social,10
9050,I feel emotionally numb,Appears emotionally distant,1
9051,I feel stressed and overwhelmed,Seems happy and social,4
9052,I feel stressed and overwhelmed,No major change noticed,9
9053,I feel sad without any clear reason,He avoids family and sleeps a lot,8
9054,I feel tired and hopeless,Mood fluctuates frequently,2
9055,I feel motivated and energetic,Shows signs of irritability,2
9056,I feel emotionally numb,No major change noticed,7
9057,I feel disconnected from people,Actively interacts with family,6
9058,I feel anxious most of the day,No major change noticed,8
9059,I feel emotionally numb,She seems withdrawn and quiet,3
9060,I feel stressed and overwhelmed,Behavior appears normal,5
9061,I feel anxious most of the day,She seems withdrawn and quiet,10
9062,I feel emotionally numb,Actively interacts with family,7
9063,I feel tired and hopeless,Seems happy and social,4
9064,I feel sad without any clear reason,Actively interacts with family,7
9065,I feel worried about everything,Appears emotionally distant,1
9066,I feel anxious most of the day,Mood fluctuates frequently,9
9067,I feel anxious most of the day,No major change noticed,1
9068,I feel tired and hopeless,He avoids family and sleeps a lot,8
9069,I feel tired and hopeless,He avoids family and sleeps a lot,3
9070,I feel fine and stable,Actively interacts with family,8
9071,I feel sad without any clear reason,Appears emotionally distant,1
9072,I feel disconnected from people,No major change noticed,9
9073,I feel anxious most of the day,Mood fluctuates frequently,4
9074,I feel emotionally numb,No major change noticed,7
9075,I feel fine and stable,She seems withdrawn and quiet,1
9076,I feel fine and stable,Mood fluctuates frequently,1
9077,I feel tired and hopeless,Actively interacts with family,6
9078,I feel disconnected from people,Often prefers to stay alone,10
9079,I feel calm and normal,Behavior appears normal,5
9080,I feel tired and hopeless,Appears emotionally distant,1
9081,I feel anxious most of the day,Actively interacts with family,8
9082,I feel tired and hopeless,She seems withdrawn and quiet,6
9083,I feel anxious most of the day,Mood fluctuates frequently,6
9084,I feel anxious most of the day,Seems happy and social,4
9085,I feel disconnected from people,Behavior appears normal,5
9086,I feel worried about everything,She seems withdrawn and quiet,2
9087,I feel calm and normal,Appears emotionally distant,10
9088,I feel emotionally numb,Often prefers to stay alone,10
9089,I feel worried about everything,Seems happy and social,1
9090,I feel tired and hopeless,Shows signs of irritability,2
9091,I feel tired and hopeless,Actively interacts with family,5
9092,I feel emotionally numb,Shows signs of irritability,8
9093,I feel motivated and energetic,Mood fluctuates frequently,7
9094,I feel anxious most of the day,Seems happy and social,5
9095,I feel stressed and overwhelmed,Mood fluctuates frequently,5
9096,I feel fine and stable,Shows signs of irritability,10
9097,I feel anxious most of the day,Appears emotionally distant,10
9098,I feel fine and stable,Often prefers to stay alone,8
9099,I feel sad without any clear reason,She seems withdrawn and quiet,9
9100,I feel calm and normal,Actively interacts with family,9
9101,I feel disconnected from people,Actively interacts with family,1
9102,I feel sad without any clear reason,Behavior appears normal,10
9103,I feel stressed and overwhelmed,Seems happy and social,1
9104,I feel sad without any clear reason,Mood fluctuates frequently,8
9105,I feel anxious most of the day,Shows signs of irritability,2
9106,I feel disconnected from people,No major change noticed,2
9107,I feel calm and normal,Seems happy and social,4
9108,I feel stressed and overwhelmed,Actively interacts with family,3
9109,I feel stressed and overwhelmed,Appears emotionally distant,9
9110,I feel stressed and overwhelmed,Behavior appears normal,4
9111,I feel emotionally numb,Behavior appears normal,6
9112,I feel stressed and overwhelmed,Seems happy and social,1
9113,I feel fine and stable,Actively interacts with family,8
9114,I feel worried about everything,Mood fluctuates frequently,3
9115,I feel worried about everything,Seems happy and social,5
9116,I feel sad without any clear reason,Often prefers to stay alone,8
9117,I feel emotionally numb,Mood fluctuates frequently,9
9118,I feel motivated and energetic,No major change noticed,4
9119,I feel stressed and overwhelmed,Shows signs of irritability,10
9120,I feel emotionally numb,Shows signs of irritability,2
9121,I feel tired and hopeless,Seems happy and social,10
9122,I feel anxious most of the day,No major change noticed,3
9123,I feel fine and stable,Shows signs of irritability,7
9124,I feel disconnected from people,Seems happy and social,9
9125,I feel calm and normal,Shows signs of irritability,5
9126,I feel emotionally numb,Shows signs of irritability,8
9127,I feel sad without any clear reason,He avoids family and sleeps a lot,7
9128,I feel disconnected from people,He avoids family and sleeps a lot,2
9129,I feel tired and hopeless,Often prefers to stay alone,7
9130,I feel motivated and energetic,Shows signs of irritability,4
9131,I feel sad without any clear reason,Appears emotionally distant,1
9132,I feel calm and normal,He avoids family and sleeps a lot,4
9133,I feel motivated and energetic,Often prefers to stay alone,7
9134,I feel stressed and overwhelmed,He avoids family and sleeps a lot,4
9135,I feel disconnected from people,Actively interacts with family,1
9136,I feel worried about everything,Often prefers to stay alone,5
9137,I feel motivated and energetic,She seems withdrawn and quiet,10
9138,I feel stressed and overwhelmed,He avoids family and sleeps a lot,4
9139,I feel fine and stable,Actively interacts with family,4
9140,I feel stressed and overwhelmed,Behavior appears normal,1
9141,I feel sad without any clear reason,Seems happy and social,3
9142,I feel calm and normal,Seems happy and social,9
9143,I feel disconnected from people,Appears emotionally distant,9
9144,I feel tired and hopeless,Actively interacts with family,4
9145,I feel tired and hopeless,She seems withdrawn and quiet,3
9146,I feel sad without any clear reason,He avoids family and sleeps a lot,4
9147,I feel sad without any clear reason,Actively interacts with family,4
9148,I feel worried about everything,Seems happy and social,3
9149,I feel anxious most of the day,Mood fluctuates frequently,1
9150,I feel fine and stable,He avoids family and sleeps a lot,8
9151,I feel tired and hopeless,Shows signs of irritability,1
9152,I feel motivated and energetic,He avoids family and sleeps a lot,5
9153,I feel worried about everything,Behavior appears normal,3
9154,I feel anxious most of the day,Mood fluctuates frequently,6
9155,I feel emotionally numb,He avoids family and sleeps a lot,6
9156,I feel calm and normal,No major change noticed,5
9157,I feel calm and normal,No major change noticed,9
9158,I feel anxious most of the day,Behavior appears normal,1
9159,I feel worried about everything,Seems happy and social,1
9160,I feel stressed and overwhelmed,Seems happy and social,1
9161,I feel sad without any clear reason,Appears emotionally distant,2
9162,I feel fine and stable,Behavior appears normal,4
9163,I feel calm and normal,Behavior appears normal,1
9164,I feel emotionally numb,Often prefers to stay alone,4
9165,I feel tired and hopeless,Actively interacts with family,10
9166,I feel sad without any clear reason,Mood fluctuates frequently,9
9167,I feel worried about everything,No major change noticed,8
9168,I feel stressed and overwhelmed,Mood fluctuates frequently,8
9169,I feel stressed and overwhelmed,Mood fluctuates frequently,8
9170,I feel fine and stable,She seems withdrawn and quiet,6
9171,I feel motivated and energetic,Appears emotionally distant,10
9172,I feel calm and normal,He avoids family and sleeps a lot,3
9173,I feel fine and stable,She seems withdrawn and quiet,7
9174,I feel worried about everything,No major change noticed,10
9175,I feel motivated and energetic,Actively interacts with family,9
9176,I feel anxious most of the day,She seems withdrawn and quiet,5
9177,I feel tired and hopeless,No major change noticed,5
9178,I feel worried about everything,Behavior appears normal,8
9179,I feel tired and hopeless,He avoids family and sleeps a lot,2
9180,I feel disconnected from people,She seems withdrawn and quiet,10
9181,I feel motivated and energetic,He avoids family and sleeps a lot,6
9182,I feel disconnected from people,She seems withdrawn and quiet,9
9183,I feel calm and normal,Seems happy and social,3
9184,I feel calm and normal,Often prefers to stay alone,8
9185,I feel emotionally numb,Shows signs of irritability,9
9186,I feel stressed and overwhelmed,Behavior appears normal,8
9187,I feel fine and stable,Appears emotionally distant,4
9188,I feel fine and stable,Shows signs of irritability,2
9189,I feel emotionally numb,Seems happy and social,9
9190,I feel motivated and energetic,He avoids family and sleeps a lot,5
9191,I feel tired and hopeless,She seems withdrawn and quiet,8
9192,I feel worried about everything,Actively interacts with family,5
9193,I feel tired and hopeless,Behavior appears normal,6
9194,I feel motivated and energetic,Often prefers to stay alone,6
9195,I feel tired and hopeless,No major change noticed,2
9196,I feel anxious most of the day,Often prefers to stay alone,3
9197,I feel fine and stable,Appears emotionally distant,1
9198,I feel anxious most of the day,Often prefers to stay alone,5
9199,I feel stressed and overwhelmed,Seems happy and social,9
9200,I feel calm and normal,She seems withdrawn and quiet,10
9201,I feel stressed and overwhelmed,Seems happy and social,8
9202,I feel emotionally numb,Seems happy and social,5
9203,I feel fine and stable,Appears emotionally distant,9
9204,I feel fine and stable,No major change noticed,5
9205,I feel emotionally numb,Often prefers to stay alone,9
9206,I feel emotionally numb,Often prefers to stay alone,5
9207,I feel motivated and energetic,Often prefers to stay alone,4
9208,I feel stressed and overwhelmed,Actively interacts with family,9
9209,I feel sad without any clear reason,Actively interacts with family,9
9210,I feel stressed and overwhelmed,She seems withdrawn and quiet,10
9211,I feel emotionally numb,Often prefers to stay alone,8
9212,I feel sad without any clear reason,Actively interacts with family,7
9213,I feel calm and normal,She seems withdrawn and quiet,8
9214,I feel sad without any clear reason,Mood fluctuates frequently,5
9215,I feel worried about everything,Seems happy and social,10
9216,I feel disconnected from people,Often prefers to stay alone,7
9217,I feel sad without any clear reason,He avoids family and sleeps a lot,5
9218,I feel fine and stable,He avoids family and sleeps a lot,1
9219,I feel motivated and energetic,Behavior appears normal,1
9220,I feel worried about everything,Appears emotionally distant,10
9221,I feel fine and stable,Behavior appears normal,4
9222,I feel worried about everything,No major change noticed,1
9223,I feel motivated and energetic,Shows signs of irritability,4
9224,I feel tired and hopeless,She seems withdrawn and quiet,4
9225,I feel emotionally numb,Seems happy and social,7
9226,I feel emotionally numb,Seems happy and social,5
9227,I feel calm and normal,He avoids family and sleeps a lot,1
9228,I feel stressed and overwhelmed,Shows signs of irritability,6
9229,I feel anxious most of the day,Behavior appears normal,5
9230,I feel worried about everything,Seems happy and social,5
9231,I feel tired and hopeless,Appears emotionally distant,8
9232,I feel emotionally numb,Often prefers to stay alone,1
9233,I feel motivated and energetic,She seems withdrawn and quiet,9
9234,I feel fine and stable,No major change noticed,2
9235,I feel worried about everything,No major change noticed,5
9236,I feel fine and stable,Seems happy and social,9
9237,I feel anxious most of the day,He avoids family and sleeps a lot,2
9238,I feel worried about everything,Mood fluctuates frequently,2
9239,I feel fine and stable,Actively interacts with family,4
9240,I feel anxious most of the day,Behavior appears normal,4
9241,I feel emotionally numb,He avoids family and sleeps a lot,2
9242,I feel fine and stable,He avoids family and sleeps a lot,4
9243,I feel motivated and energetic,Appears emotionally distant,9
9244,I feel sad without any clear reason,Actively interacts with family,5
9245,I feel disconnected from people,Behavior appears normal,4
9246,I feel anxious most of the day,Actively interacts with family,5
9247,I feel emotionally numb,Shows signs of irritability,1
9248,I feel worried about everything,Behavior appears normal,9
9249,I feel tired and hopeless,No major change noticed,7
9250,I feel tired and hopeless,Behavior appears normal,10
9251,I feel sad without any clear reason,Appears emotionally distant,10
9252,I feel tired and hopeless,Often prefers to stay alone,2
9253,I feel fine and stable,Behavior appears normal,7
9254,I feel calm and normal,Seems happy and social,2
9255,I feel sad without any clear reason,Mood fluctuates frequently,1
9256,I feel sad without any clear reason,Behavior appears normal,6
9257,I feel calm and normal,Mood fluctuates frequently,7
9258,I feel stressed and overwhelmed,She seems withdrawn and quiet,9
9259,I feel motivated and energetic,No major change noticed,6
9260,I feel motivated and energetic,She seems withdrawn and quiet,7
9261,I feel fine and stable,Often prefers to stay alone,5
9262,I feel motivated and energetic,Behavior appears normal,6
9263,I feel emotionally numb,Behavior appears normal,3
9264,I feel calm and normal,Shows signs of irritability,1
9265,I feel disconnected from people,She seems withdrawn and quiet,6
9266,I feel worried about everything,Behavior appears normal,1
9267,I feel anxious most of the day,Shows signs of irritability,7
9268,I feel fine and stable,He avoids family and sleeps a lot,9
9269,I feel fine and stable,He avoids family and sleeps a lot,2
9270,I feel fine and stable,Seems happy and social,7
9271,I feel worried about everything,Behavior appears normal,3
9272,I feel emotionally numb,He avoids family and sleeps a lot,5
9273,I feel stressed and overwhelmed,Appears emotionally distant,1
9274,I feel anxious most of the day,Appears emotionally distant,8
9275,I feel sad without any clear reason,Actively interacts with family,9
9276,I feel disconnected from people,Behavior appears normal,7
9277,I feel fine and stable,Behavior appears normal,10
9278,I feel sad without any clear reason,Behavior appears normal,6
9279,I feel anxious most of the day,Behavior appears normal,9
9280,I feel calm and normal,Actively interacts with family,2
9281,I feel disconnected from people,Shows signs of irritability,4
9282,I feel fine and stable,Behavior appears normal,7
9283,I feel sad without any clear reason,She seems withdrawn and quiet,4
9284,I feel stressed and overwhelmed,Seems happy and social,9
9285,I feel tired and hopeless,No major change noticed,2
9286,I feel tired and hopeless,He avoids family and sleeps a lot,1
9287,I feel worried about everything,Mood fluctuates frequently,3
9288,I feel calm and normal,Behavior appears normal,6
9289,I feel sad without any clear reason,She seems withdrawn and quiet,4
9290,I feel stressed and overwhelmed,Appears emotionally distant,2
9291,I feel anxious most of the day,Often prefers to stay alone,4
9292,I feel calm and normal,Mood fluctuates frequently,9
9293,I feel worried about everything,Mood fluctuates frequently,5
9294,I feel anxious most of the day,Mood fluctuates frequently,7
9295,I feel anxious most of the day,Appears emotionally distant,10
9296,I feel tired and hopeless,Seems happy and social,2
9297,I feel anxious most of the day,She seems withdrawn and quiet,9
9298,I feel emotionally numb,Shows signs of irritability,4
9299,I feel tired and hopeless,No major change noticed,3
9300,I feel stressed and overwhelmed,Mood fluctuates frequently,7
9301,I feel stressed and overwhelmed,He avoids family and sleeps a lot,9
9302,I feel stressed and overwhelmed,Behavior appears normal,2
9303,I feel emotionally numb,No major change noticed,7
9304,I feel motivated and energetic,Actively interacts with family,10
9305,I feel motivated and energetic,Appears emotionally distant,8
9306,I feel disconnected from people,No major change noticed,9
9307,I feel tired and hopeless,Often prefers to stay alone,5
9308,I feel disconnected from people,He avoids family and sleeps a lot,10
9309,I feel calm and normal,Appears emotionally distant,8
9310,I feel calm and normal,Behavior appears normal,3
9311,I feel sad without any clear reason,She seems withdrawn and quiet,6
9312,I feel anxious most of the day,No major change noticed,1
9313,I feel worried about everything,Actively interacts with family,8
9314,I feel worried about everything,Behavior appears normal,5
9315,I feel fine and stable,Often prefers to stay alone,7
9316,I feel fine and stable,Mood fluctuates frequently,9
9317,I feel disconnected from people,She seems withdrawn and quiet,5
9318,I feel anxious most of the day,Shows signs of irritability,8
9319,I feel tired and hopeless,Often prefers to stay alone,5
9320,I feel disconnected from people,Behavior appears normal,5
9321,I feel emotionally numb,He avoids family and sleeps a lot,4
9322,I feel calm and normal,Behavior appears normal,8
9323,I feel stressed and overwhelmed,She seems withdrawn and quiet,2
9324,I feel worried about everything,Shows signs of irritability,10
9325,I feel worried about everything,Often prefers to stay alone,5
9326,I feel anxious most of the day,Mood fluctuates frequently,5
9327,I feel sad without any clear reason,She seems withdrawn and quiet,9
9328,I feel emotionally numb,Often prefers to stay alone,3
9329,I feel sad without any clear reason,Behavior appears normal,10
9330,I feel tired and hopeless,He avoids family and sleeps a lot,5
9331,I feel tired and hopeless,No major change noticed,9
9332,I feel calm and normal,Actively interacts with family,5
9333,I feel anxious most of the day,Appears emotionally distant,5
9334,I feel sad without any clear reason,Mood fluctuates frequently,1
9335,I feel emotionally numb,Mood fluctuates frequently,1
9336,I feel tired and hopeless,Often prefers to stay alone,6
9337,I feel disconnected from people,He avoids family and sleeps a lot,4
9338,I feel stressed and overwhelmed,Seems happy and social,9
9339,I feel sad without any clear reason,Behavior appears normal,6
9340,I feel stressed and overwhelmed,Seems happy and social,8
9341,I feel emotionally numb,Appears emotionally distant,2
9342,I feel worried about everything,Appears emotionally distant,4
9343,I feel anxious most of the day,No major change noticed,10
9344,I feel sad without any clear reason,He avoids family and sleeps a lot,8
9345,I feel emotionally numb,Seems happy and social,9
9346,I feel emotionally numb,She seems withdrawn and quiet,6
9347,I feel anxious most of the day,Often prefers to stay alone,10
9348,I feel tired and hopeless,She seems withdrawn and quiet,5
9349,I feel calm and normal,Behavior appears normal,3
9350,I feel worried about everything,Appears emotionally distant,8
9351,I feel calm and normal,Behavior appears normal,3
9352,I feel stressed and overwhelmed,He avoids family and sleeps a lot,8
9353,I feel motivated and energetic,She seems withdrawn and quiet,7
9354,I feel calm and normal,Often prefers to stay alone,1
9355,I feel emotionally numb,No major change noticed,6
9356,I feel worried about everything,Seems happy and social,3
9357,I feel stressed and overwhelmed,Mood fluctuates frequently,8
9358,I feel anxious most of the day,Often prefers to stay alone,6
9359,I feel anxious most of the day,Shows signs of irritability,7
9360,I feel worried about everything,Often prefers to stay alone,4
9361,I feel motivated and energetic,No major change noticed,5
9362,I feel tired and hopeless,Seems happy and social,10
9363,I feel sad without any clear reason,Shows signs of irritability,3
9364,I feel worried about everything,Actively interacts with family,6
9365,I feel disconnected from people,No major change noticed,3
9366,I feel motivated and energetic,Often prefers to stay alone,9
9367,I feel disconnected from people,Shows signs of irritability,10
9368,I feel worried about everything,Actively interacts with family,4
9369,I feel anxious most of the day,Actively interacts with family,1
9370,I feel worried about everything,Often prefers to stay alone,3
9371,I feel emotionally numb,Actively interacts with family,6
9372,I feel worried about everything,He avoids family and sleeps a lot,1
9373,I feel fine and stable,Actively interacts with family,2
9374,I feel emotionally numb,Often prefers to stay alone,6
9375,I feel sad without any clear reason,Actively interacts with family,2
9376,I feel stressed and overwhelmed,Appears emotionally distant,10
9377,I feel emotionally numb,She seems withdrawn and quiet,8
9378,I feel motivated and energetic,Shows signs of irritability,10
9379,I feel stressed and overwhelmed,He avoids family and sleeps a lot,4
9380,I feel tired and hopeless,Behavior appears normal,8
9381,I feel worried about everything,She seems withdrawn and quiet,8
9382,I feel motivated and energetic,Actively interacts with family,5
9383,I feel emotionally numb,No major change noticed,2
9384,I feel sad without any clear reason,Actively interacts with family,5
9385,I feel worried about everything,Behavior appears normal,1
9386,I feel disconnected from people,Actively interacts with family,2
9387,I feel calm and normal,Behavior appears normal,9
9388,I feel stressed and overwhelmed,Appears emotionally distant,3
9389,I feel sad without any clear reason,Behavior appears normal,4
9390,I feel anxious most of the day,No major change noticed,2
9391,I feel motivated and energetic,He avoids family and sleeps a lot,8
9392,I feel calm and normal,Seems happy and social,3
9393,I feel calm and normal,Mood fluctuates frequently,9
9394,I feel stressed and overwhelmed,Mood fluctuates frequently,4
9395,I feel sad without any clear reason,Appears emotionally distant,4
9396,I feel worried about everything,No major change noticed,7
9397,I feel stressed and overwhelmed,No major change noticed,8
9398,I feel tired and hopeless,Often prefers to stay alone,4
9399,I feel motivated and energetic,She seems withdrawn and quiet,10
9400,I feel fine and stable,Behavior appears normal,2
9401,I feel motivated and energetic,She seems withdrawn and quiet,4
9402,I feel calm and normal,She seems withdrawn and quiet,3
9403,I feel calm and normal,Appears emotionally distant,3
9404,I feel calm and normal,Shows signs of irritability,4
9405,I feel emotionally numb,Behavior appears normal,9
9406,I feel sad without any clear reason,Seems happy and social,1
9407,I feel stressed and overwhelmed,Seems happy and social,1
9408,I feel stressed and overwhelmed,Mood fluctuates frequently,3
9409,I feel anxious most of the day,He avoids family and sleeps a lot,10
9410,I feel sad without any clear reason,No major change noticed,5
9411,I feel worried about everything,Appears emotionally distant,3
9412,I feel emotionally numb,No major change noticed,10
9413,I feel disconnected from people,No major change noticed,5
9414,I feel anxious most of the day,Actively interacts with family,6
9415,I feel emotionally numb,Seems happy and social,4
9416,I feel calm and normal,He avoids family and sleeps a lot,5
9417,I feel calm and normal,Often prefers to stay alone,2
9418,I feel emotionally numb,Mood fluctuates frequently,2
9419,I feel tired and hopeless,He avoids family and sleeps a lot,9
9420,I feel motivated and energetic,He avoids family and sleeps a lot,4
9421,I feel anxious most of the day,Mood fluctuates frequently,3
9422,I feel calm and normal,Often prefers to stay alone,5
9423,I feel sad without any clear reason,Mood fluctuates frequently,8
9424,I feel emotionally numb,She seems withdrawn and quiet,1
9425,I feel emotionally numb,Seems happy and social,5
9426,I feel anxious most of the day,Mood fluctuates frequently,6
9427,I feel fine and stable,Appears emotionally distant,2
9428,I feel tired and hopeless,Actively interacts with family,6
9429,I feel tired and hopeless,Actively interacts with family,4
9430,I feel anxious most of the day,Mood fluctuates frequently,1
9431,I feel disconnected from people,Appears emotionally distant,10
9432,I feel fine and stable,He avoids family and sleeps a lot,6
9433,I feel fine and stable,Appears emotionally distant,3
9434,I feel disconnected from people,Appears emotionally distant,4
9435,I feel calm and normal,Seems happy and social,9
9436,I feel motivated and energetic,She seems withdrawn and quiet,3
9437,I feel emotionally numb,Mood fluctuates frequently,5
9438,I feel worried about everything,Seems happy and social,8
9439,I feel fine and stable,Shows signs of irritability,8
9440,I feel stressed and overwhelmed,She seems withdrawn and quiet,9
9441,I feel disconnected from people,Often prefers to stay alone,5
9442,I feel fine and stable,Mood fluctuates frequently,9
9443,I feel disconnected from people,Seems happy and social,6
9444,I feel emotionally numb,Actively interacts with family,7
9445,I feel emotionally numb,He avoids family and sleeps a lot,9
9446,I feel disconnected from people,He avoids family and sleeps a lot,9
9447,I feel sad without any clear reason,Seems happy and social,2
9448,I feel emotionally numb,Shows signs of irritability,4
9449,I feel tired and hopeless,Seems happy and social,7
9450,I feel motivated and energetic,She seems withdrawn and quiet,2
9451,I feel calm and normal,Behavior appears normal,8
9452,I feel tired and hopeless,Mood fluctuates frequently,9
9453,I feel stressed and overwhelmed,Seems happy and social,5
9454,I feel stressed and overwhelmed,Appears emotionally distant,7
9455,I feel sad without any clear reason,Often prefers to stay alone,3
9456,I feel calm and normal,Behavior appears normal,7
9457,I feel anxious most of the day,He avoids family and sleeps a lot,9
9458,I feel fine and stable,Often prefers to stay alone,10
9459,I feel tired and hopeless,He avoids family and sleeps a lot,8
9460,I feel stressed and overwhelmed,Seems happy and social,3
9461,I feel anxious most of the day,Appears emotionally distant,6
9462,I feel motivated and energetic,Behavior appears normal,8
9463,I feel tired and hopeless,Often prefers to stay alone,8
9464,I feel emotionally numb,Mood fluctuates frequently,10
9465,I feel tired and hopeless,Shows signs of irritability,6
9466,I feel worried about everything,Often prefers to stay alone,1
9467,I feel tired and hopeless,Shows signs of irritability,9
9468,I feel emotionally numb,Behavior appears normal,8
9469,I feel sad without any clear reason,Appears emotionally distant,1
9470,I feel tired and hopeless,Behavior appears normal,8
9471,I feel calm and normal,She seems withdrawn and quiet,10
9472,I feel worried about everything,She seems withdrawn and quiet,6
9473,I feel sad without any clear reason,Appears emotionally distant,8
9474,I feel worried about everything,Shows signs of irritability,7
9475,I feel tired and hopeless,Appears emotionally distant,9
9476,I feel disconnected from people,Often prefers to stay alone,1
9477,I feel motivated and energetic,Appears emotionally distant,10
9478,I feel calm and normal,Often prefers to stay alone,9
9479,I feel calm and normal,He avoids family and sleeps a lot,1
9480,I feel tired and hopeless,Often prefers to stay alone,9
9481,I feel emotionally numb,No major change noticed,2
9482,I feel disconnected from people,No major change noticed,4
9483,I feel motivated and energetic,Appears emotionally distant,9
9484,I feel sad without any clear reason,Actively interacts with family,3
9485,I feel anxious most of the day,Often prefers to stay alone,3
9486,I feel fine and stable,Shows signs of irritability,3
9487,I feel sad without any clear reason,Mood fluctuates frequently,3
9488,I feel tired and hopeless,Actively interacts with family,8
9489,I feel calm and normal,She seems withdrawn and quiet,8
9490,I feel anxious most of the day,Appears emotionally distant,9
9491,I feel anxious most of the day,Shows signs of irritability,9
9492,I feel emotionally numb,Often prefers to stay alone,2
9493,I feel calm and normal,He avoids family and sleeps a lot,5
9494,I feel stressed and overwhelmed,Behavior appears normal,8
9495,I feel emotionally numb,No major change noticed,5
9496,I feel emotionally numb,Mood fluctuates frequently,6
9497,I feel stressed and overwhelmed,Seems happy and social,8
9498,I feel sad without any clear reason,No major change noticed,3
9499,I feel tired and hopeless,He avoids family and sleeps a lot,7
9500,I feel worried about everything,Actively interacts with family,9
9501,I feel emotionally numb,Seems happy and social,6
9502,I feel fine and stable,Often prefers to stay alone,6
9503,I feel sad without any clear reason,He avoids family and sleeps a lot,9
9504,I feel stressed and overwhelmed,Mood fluctuates frequently,4
9505,I feel sad without any clear reason,Often prefers to stay alone,1
9506,I feel disconnected from people,No major change noticed,6
9507,I feel tired and hopeless,Actively interacts with family,6
9508,I feel anxious most of the day,He avoids family and sleeps a lot,10
9509,I feel emotionally numb,She seems withdrawn and quiet,8
9510,I feel calm and normal,Actively interacts with family,3
9511,I feel sad without any clear reason,Actively interacts with family,10
9512,I feel sad without any clear reason,Actively interacts with family,6
9513,I feel tired and hopeless,Shows signs of irritability,3
9514,I feel motivated and energetic,Mood fluctuates frequently,2
9515,I feel stressed and overwhelmed,Mood fluctuates frequently,7
9516,I feel anxious most of the day,He avoids family and sleeps a lot,8
9517,I feel stressed and overwhelmed,No major change noticed,7
9518,I feel disconnected from people,Mood fluctuates frequently,2
9519,I feel calm and normal,Appears emotionally distant,10
9520,I feel anxious most of the day,No major change noticed,5
9521,I feel worried about everything,Mood fluctuates frequently,6
9522,I feel motivated and energetic,He avoids family and sleeps a lot,6
9523,I feel motivated and energetic,Actively interacts with family,10
9524,I feel stressed and overwhelmed,No major change noticed,1
9525,I feel anxious most of the day,She seems withdrawn and quiet,2
9526,I feel anxious most of the day,Actively interacts with family,10
9527,I feel fine and stable,Appears emotionally distant,4
9528,I feel stressed and overwhelmed,Seems happy and social,6
9529,I feel emotionally numb,Appears emotionally distant,9
9530,I feel worried about everything,Seems happy and social,8
9531,I feel calm and normal,She seems withdrawn and quiet,8
9532,I feel sad without any clear reason,He avoids family and sleeps a lot,8
9533,I feel anxious most of the day,No major change noticed,5
9534,I feel motivated and energetic,Often prefers to stay alone,6
9535,I feel sad without any clear reason,Appears emotionally distant,9
9536,I feel calm and normal,No major change noticed,5
9537,I feel motivated and energetic,Behavior appears normal,3
9538,I feel emotionally numb,Seems happy and social,1
9539,I feel anxious most of the day,Shows signs of irritability,7
9540,I feel anxious most of the day,Appears emotionally distant,10
9541,I feel sad without any clear reason,Behavior appears normal,2
9542,I feel anxious most of the day,Behavior appears normal,3
9543,I feel calm and normal,He avoids family and sleeps a lot,7
9544,I feel fine and stable,Appears emotionally distant,9
9545,I feel sad without any clear reason,Mood fluctuates frequently,4
9546,I feel disconnected from people,Actively interacts with family,9
9547,I feel emotionally numb,Behavior appears normal,6
9548,I feel stressed and overwhelmed,Shows signs of irritability,3
9549,I feel stressed and overwhelmed,Seems happy and social,9
9550,I feel tired and hopeless,No major change noticed,9
9551,I feel tired and hopeless,No major change noticed,7
9552,I feel anxious most of the day,No major change noticed,3
9553,I feel anxious most of the day,Mood fluctuates frequently,6
9554,I feel calm and normal,Often prefers to stay alone,9
9555,I feel calm and normal,Often prefers to stay alone,7
9556,I feel anxious most of the day,Seems happy and social,7
9557,I feel motivated and energetic,She seems withdrawn and quiet,10
9558,I feel sad without any clear reason,Actively interacts with family,5
9559,I feel fine and stable,Appears emotionally distant,5
9560,I feel stressed and overwhelmed,No major change noticed,9
9561,I feel sad without any clear reason,Mood fluctuates frequently,6
9562,I feel sad without any clear reason,No major change noticed,1
9563,I feel fine and stable,Appears emotionally distant,5
9564,I feel tired and hopeless,No major change noticed,8
9565,I feel disconnected from people,She seems withdrawn and quiet,5
9566,I feel fine and stable,Actively interacts with family,10
9567,I feel sad without any clear reason,No major change noticed,5
9568,I feel calm and normal,He avoids family and sleeps a lot,1
9569,I feel motivated and energetic,Behavior appears normal,4
9570,I feel tired and hopeless,He avoids family and sleeps a lot,3
9571,I feel tired and hopeless,Appears emotionally distant,9
9572,I feel fine and stable,Seems happy and social,10
9573,I feel fine and stable,He avoids family and sleeps a lot,5
9574,I feel fine and stable,He avoids family and sleeps a lot,9
9575,I feel fine and stable,She seems withdrawn and quiet,4
9576,I feel motivated and energetic,Shows signs of irritability,10
9577,I feel calm and normal,She seems withdrawn and quiet,1
9578,I feel stressed and overwhelmed,Actively interacts with family,6
9579,I feel emotionally numb,Often prefers to stay alone,9
9580,I feel tired and hopeless,No major change noticed,6
9581,I feel calm and normal,Often prefers to stay alone,6
9582,I feel fine and stable,Mood fluctuates frequently,1
9583,I feel fine and stable,Mood fluctuates frequently,8
9584,I feel disconnected from people,Appears emotionally distant,1
9585,I feel motivated and energetic,Shows signs of irritability,10
9586,I feel anxious most of the day,Appears emotionally distant,6
9587,I feel sad without any clear reason,She seems withdrawn and quiet,1
9588,I feel anxious most of the day,Seems happy and social,4
9589,I feel emotionally numb,She seems withdrawn and quiet,1
9590,I feel anxious most of the day,Seems happy and social,2
9591,I feel worried about everything,Often prefers to stay alone,10
9592,I feel fine and stable,Appears emotionally distant,7
9593,I feel motivated and energetic,Often prefers to stay alone,7
9594,I feel fine and stable,No major change noticed,6
9595,I feel sad without any clear reason,Appears emotionally distant,4
9596,I feel tired and hopeless,No major change noticed,6
9597,I feel stressed and overwhelmed,Often prefers to stay alone,9
9598,I feel motivated and energetic,No major change noticed,9
9599,I feel calm and normal,Behavior appears normal,7
9600,I feel emotionally numb,Shows signs of irritability,10
9601,I feel motivated and energetic,She seems withdrawn and quiet,8
9602,I feel tired and hopeless,Mood fluctuates frequently,6
9603,I feel calm and normal,Behavior appears normal,3
9604,I feel disconnected from people,He avoids family and sleeps a lot,2
9605,I feel disconnected from people,Often prefers to stay alone,1
9606,I feel motivated and energetic,Appears emotionally distant,1
9607,I feel fine and stable,Mood fluctuates frequently,8
9608,I feel calm and normal,Actively interacts with family,8
9609,I feel stressed and overwhelmed,Seems happy and social,8
9610,I feel emotionally numb,Actively interacts with family,2
9611,I feel anxious most of the day,Behavior appears normal,7
9612,I feel emotionally numb,Seems happy and social,4
9613,I feel sad without any clear reason,Shows signs of irritability,9
9614,I feel stressed and overwhelmed,Seems happy and social,2
9615,I feel fine and stable,Mood fluctuates frequently,7
9616,I feel tired and hopeless,Actively interacts with family,10
9617,I feel sad without any clear reason,Actively interacts with family,3
9618,I feel emotionally numb,Appears emotionally distant,2
9619,I feel tired and hopeless,Often prefers to stay alone,1
9620,I feel worried about everything,Actively interacts with family,6
9621,I feel tired and hopeless,Actively interacts with family,1
9622,I feel fine and stable,Appears emotionally distant,4
9623,I feel motivated and energetic,Often prefers to stay alone,10
9624,I feel motivated and energetic,Appears emotionally distant,9
9625,I feel sad without any clear reason,Actively interacts with family,3
9626,I feel worried about everything,No major change noticed,3
9627,I feel fine and stable,She seems withdrawn and quiet,1
9628,I feel tired and hopeless,Behavior appears normal,8
9629,I feel disconnected from people,He avoids family and sleeps a lot,6
9630,I feel calm and normal,No major change noticed,6
9631,I feel emotionally numb,Mood fluctuates frequently,6
9632,I feel emotionally numb,Actively interacts with family,8
9633,I feel stressed and overwhelmed,She seems withdrawn and quiet,2
9634,I feel disconnected from people,No major change noticed,7
9635,I feel anxious most of the day,Appears emotionally distant,6
9636,I feel disconnected from people,Appears emotionally distant,9
9637,I feel motivated and energetic,Often prefers to stay alone,8
9638,I feel motivated and energetic,Mood fluctuates frequently,2
9639,I feel emotionally numb,Actively interacts with family,1
9640,I feel fine and stable,She seems withdrawn and quiet,7
9641,I feel calm and normal,No major change noticed,2
9642,I feel calm and normal,Mood fluctuates frequently,2
9643,I feel fine and stable,Often prefers to stay alone,10
9644,I feel stressed and overwhelmed,Behavior appears normal,10
9645,I feel tired and hopeless,Appears emotionally distant,10
9646,I feel fine and stable,Appears emotionally distant,4
9647,I feel worried about everything,Mood fluctuates frequently,3
9648,I feel anxious most of the day,He avoids family and sleeps a lot,4
9649,I feel fine and stable,Behavior appears normal,2
9650,I feel motivated and energetic,He avoids family and sleeps a lot,8
9651,I feel stressed and overwhelmed,Often prefers to stay alone,9
9652,I feel sad without any clear reason,Appears emotionally distant,4
9653,I feel disconnected from people,Actively interacts with family,7
9654,I feel stressed and overwhelmed,Seems happy and social,5
9655,I feel tired and hopeless,Often prefers to stay alone,1
9656,I feel calm and normal,Behavior appears normal,6
9657,I feel sad without any clear reason,Often prefers to stay alone,2
9658,I feel stressed and overwhelmed,Often prefers to stay alone,2
9659,I feel stressed and overwhelmed,Mood fluctuates frequently,10
9660,I feel emotionally numb,Mood fluctuates frequently,5
9661,I feel anxious most of the day,Seems happy and social,3
9662,I feel calm and normal,She seems withdrawn and quiet,2
9663,I feel disconnected from people,Seems happy and social,6
9664,I feel sad without any clear reason,Mood fluctuates frequently,7
9665,I feel calm and normal,He avoids family and sleeps a lot,5
9666,I feel fine and stable,Actively interacts with family,1
9667,I feel worried about everything,Shows signs of irritability,7
9668,I feel worried about everything,Mood fluctuates frequently,7
9669,I feel worried about everything,Appears emotionally distant,2
9670,I feel sad without any clear reason,Seems happy and social,4
9671,I feel stressed and overwhelmed,Seems happy and social,1
9672,I feel motivated and energetic,Mood fluctuates frequently,1
9673,I feel disconnected from people,Shows signs of irritability,5
9674,I feel fine and stable,Mood fluctuates frequently,1
9675,I feel stressed and overwhelmed,Shows signs of irritability,3
9676,I feel motivated and energetic,Appears emotionally distant,9
9677,I feel fine and stable,Often prefers to stay alone,2
9678,I feel tired and hopeless,Seems happy and social,3
9679,I feel anxious most of the day,Mood fluctuates frequently,3
9680,I feel calm and normal,He avoids family and sleeps a lot,5
9681,I feel worried about everything,Mood fluctuates frequently,5
9682,I feel fine and stable,Often prefers to stay alone,3
9683,I feel anxious most of the day,Seems happy and social,9
9684,I feel anxious most of the day,Appears emotionally distant,8
9685,I feel anxious most of the day,Behavior appears normal,10
9686,I feel emotionally numb,He avoids family and sleeps a lot,8
9687,I feel fine and stable,Seems happy and social,2
9688,I feel worried about everything,Behavior appears normal,9
9689,I feel tired and hopeless,Often prefers to stay alone,6
9690,I feel worried about everything,Seems happy and social,4
9691,I feel calm and normal,He avoids family and sleeps a lot,9
9692,I feel anxious most of the day,Appears emotionally distant,3
9693,I feel emotionally numb,Mood fluctuates frequently,6
9694,I feel stressed and overwhelmed,He avoids family and sleeps a lot,1
9695,I feel tired and hopeless,No major change noticed,4
9696,I feel fine and stable,She seems withdrawn and quiet,3
9697,I feel tired and hopeless,Mood fluctuates frequently,3
9698,I feel anxious most of the day,Often prefers to stay alone,10
9699,I feel worried about everything,No major change noticed,6
9700,I feel anxious most of the day,He avoids family and sleeps a lot,7
9701,I feel emotionally numb,He avoids family and sleeps a lot,3
9702,I feel anxious most of the day,Appears emotionally distant,10
9703,I feel calm and normal,Often prefers to stay alone,6
9704,I feel stressed and overwhelmed,No major change noticed,4
9705,I feel fine and stable,He avoids family and sleeps a lot,8
9706,I feel disconnected from people,Mood fluctuates frequently,7
9707,I feel fine and stable,Shows signs of irritability,2
9708,I feel sad without any clear reason,She seems withdrawn and quiet,6
9709,I feel tired and hopeless,She seems withdrawn and quiet,3
9710,I feel emotionally numb,Mood fluctuates frequently,8
9711,I feel stressed and overwhelmed,Appears emotionally distant,2
9712,I feel anxious most of the day,Often prefers to stay alone,5
9713,I feel motivated and energetic,She seems withdrawn and quiet,10
9714,I feel worried about everything,Behavior appears normal,4
9715,I feel worried about everything,Seems happy and social,3
9716,I feel calm and normal,No major change noticed,7
9717,I feel disconnected from people,She seems withdrawn and quiet,1
9718,I feel fine and stable,Seems happy and social,7
9719,I feel disconnected from people,Actively interacts with family,3
9720,I feel disconnected from people,Often prefers to stay alone,2
9721,I feel disconnected from people,She seems withdrawn and quiet,10
9722,I feel fine and stable,She seems withdrawn and quiet,1
9723,I feel calm and normal,No major change noticed,4
9724,I feel stressed and overwhelmed,Often prefers to stay alone,7
9725,I feel tired and hopeless,Seems happy and social,10
9726,I feel calm and normal,She seems withdrawn and quiet,7
9727,I feel stressed and overwhelmed,Behavior appears normal,3
9728,I feel sad without any clear reason,Appears emotionally distant,2
9729,I feel calm and normal,Shows signs of irritability,9
9730,I feel anxious most of the day,Behavior appears normal,2
9731,I feel tired and hopeless,Often prefers to stay alone,10
9732,I feel tired and hopeless,Seems happy and social,7
9733,I feel worried about everything,Seems happy and social,2
9734,I feel tired and hopeless,He avoids family and sleeps a lot,1
9735,I feel worried about everything,Seems happy and social,3
9736,I feel stressed and overwhelmed,Actively interacts with family,1
9737,I feel tired and hopeless,Mood fluctuates frequently,5
9738,I feel stressed and overwhelmed,He avoids family and sleeps a lot,7
9739,I feel sad without any clear reason,Often prefers to stay alone,6
9740,I feel motivated and energetic,Shows signs of irritability,8
9741,I feel disconnected from people,No major change noticed,4
9742,I feel stressed and overwhelmed,No major change noticed,9
9743,I feel fine and stable,Appears emotionally distant,2
9744,I feel stressed and overwhelmed,Shows signs of irritability,5
9745,I feel emotionally numb,He avoids family and sleeps a lot,4
9746,I feel tired and hopeless,Appears emotionally distant,3
9747,I feel motivated and energetic,Mood fluctuates frequently,1
9748,I feel motivated and energetic,Behavior appears normal,5
9749,I feel motivated and energetic,Behavior appears normal,3
9750,I feel disconnected from people,Actively interacts with family,8
9751,I feel disconnected from people,Shows signs of irritability,9
9752,I feel anxious most of the day,Appears emotionally distant,2
9753,I feel fine and stable,He avoids family and sleeps a lot,2
9754,I feel stressed and overwhelmed,She seems withdrawn and quiet,7
9755,I feel calm and normal,Actively interacts with family,7
9756,I feel emotionally numb,Behavior appears normal,2
9757,I feel worried about everything,Appears emotionally distant,9
9758,I feel emotionally numb,Appears emotionally distant,7
9759,I feel worried about everything,He avoids family and sleeps a lot,3
9760,I feel tired and hopeless,No major change noticed,3
9761,I feel motivated and energetic,Behavior appears normal,6
9762,I feel disconnected from people,Seems happy and social,5
9763,I feel disconnected from people,Appears emotionally distant,5
9764,I feel worried about everything,Appears emotionally distant,6
9765,I feel motivated and energetic,Often prefers to stay alone,4
9766,I feel stressed and overwhelmed,Often prefers to stay alone,5
9767,I feel disconnected from people,Shows signs of irritability,3
9768,I feel fine and stable,Behavior appears normal,7
9769,I feel tired and hopeless,He avoids family and sleeps a lot,8
9770,I feel anxious most of the day,She seems withdrawn and quiet,1
9771,I feel calm and normal,Appears emotionally distant,3
9772,I feel calm and normal,Often prefers to stay alone,9
9773,I feel anxious most of the day,He avoids family and sleeps a lot,7
9774,I feel sad without any clear reason,He avoids family and sleeps a lot,1
9775,I feel motivated and energetic,Behavior appears normal,3
9776,I feel calm and normal,Often prefers to stay alone,1
9777,I feel calm and normal,Seems happy and social,8
9778,I feel emotionally numb,Often prefers to stay alone,9
9779,I feel worried about everything,Mood fluctuates frequently,1
9780,I feel worried about everything,No major change noticed,3
9781,I feel sad without any clear reason,He avoids family and sleeps a lot,2
9782,I feel anxious most of the day,Shows signs of irritability,7
9783,I feel worried about everything,Behavior appears normal,9
9784,I feel tired and hopeless,Appears emotionally distant,4
9785,I feel tired and hopeless,Behavior appears normal,7
9786,I feel disconnected from people,No major change noticed,1
9787,I feel motivated and energetic,Actively interacts with family,2
9788,I feel calm and normal,Often prefers to stay alone,5
9789,I feel emotionally numb,She seems withdrawn and quiet,1
9790,I feel anxious most of the day,Seems happy and social,10
9791,I feel motivated and energetic,Often prefers to stay alone,10
9792,I feel disconnected from people,Shows signs of irritability,8
9793,I feel stressed and overwhelmed,Seems happy and social,5
9794,I feel sad without any clear reason,She seems withdrawn and quiet,7
9795,I feel motivated and energetic,She seems withdrawn and quiet,3
9796,I feel disconnected from people,Seems happy and social,6
9797,I feel tired and hopeless,She seems withdrawn and quiet,7
9798,I feel calm and normal,Often prefers to stay alone,8
9799,I feel calm and normal,Behavior appears normal,8
9800,I feel fine and stable,Mood fluctuates frequently,4
9801,I feel disconnected from people,Actively interacts with family,9
9802,I feel sad without any clear reason,Seems happy and social,5
9803,I feel tired and hopeless,Appears emotionally distant,6
9804,I feel tired and hopeless,Appears emotionally distant,6
9805,I feel fine and stable,Often prefers to stay alone,4
9806,I feel sad without any clear reason,He avoids family and sleeps a lot,5
9807,I feel worried about everything,Often prefers to stay alone,9
9808,I feel tired and hopeless,Mood fluctuates frequently,4
9809,I feel anxious most of the day,Shows signs of irritability,9
9810,I feel fine and stable,Behavior appears normal,5
9811,I feel motivated and energetic,He avoids family and sleeps a lot,2
9812,I feel emotionally numb,She seems withdrawn and quiet,8
9813,I feel emotionally numb,Often prefers to stay alone,1
9814,I feel calm and normal,Seems happy and social,1
9815,I feel tired and hopeless,No major change noticed,9
9816,I feel anxious most of the day,No major change noticed,5
9817,I feel sad without any clear reason,Often prefers to stay alone,1
9818,I feel disconnected from people,No major change noticed,7
9819,I feel motivated and energetic,He avoids family and sleeps a lot,2
9820,I feel sad without any clear reason,Shows signs of irritability,2
9821,I feel disconnected from people,Appears emotionally distant,8
9822,I feel fine and stable,Seems happy and social,6
9823,I feel stressed and overwhelmed,Actively interacts with family,10
9824,I feel disconnected from people,Often prefers to stay alone,7
9825,I feel motivated and energetic,Shows signs of irritability,5
9826,I feel fine and stable,No major change noticed,4
9827,I feel disconnected from people,Shows signs of irritability,5
9828,I feel disconnected from people,She seems withdrawn and quiet,9
9829,I feel motivated and energetic,Appears emotionally distant,9
9830,I feel sad without any clear reason,He avoids family and sleeps a lot,5
9831,I feel calm and normal,Often prefers to stay alone,1
9832,I feel fine and stable,Appears emotionally distant,9
9833,I feel fine and stable,She seems withdrawn and quiet,5
9834,I feel disconnected from people,He avoids family and sleeps a lot,1
9835,I feel emotionally numb,Shows signs of irritability,4
9836,I feel anxious most of the day,Seems happy and social,2
9837,I feel tired and hopeless,Mood fluctuates frequently,10
9838,I feel tired and hopeless,Seems happy and social,6
9839,I feel tired and hopeless,Mood fluctuates frequently,3
9840,I feel tired and hopeless,Actively interacts with family,1
9841,I feel fine and stable,She seems withdrawn and quiet,9
9842,I feel disconnected from people,Mood fluctuates frequently,7
9843,I feel stressed and overwhelmed,Actively interacts with family,4
9844,I feel anxious most of the day,Often prefers to stay alone,8
9845,I feel motivated and energetic,Shows signs of irritability,9
9846,I feel disconnected from people,Shows signs of irritability,7
9847,I feel sad without any clear reason,No major change noticed,6
9848,I feel fine and stable,Behavior appears normal,9
9849,I feel worried about everything,She seems withdrawn and quiet,9
9850,I feel sad without any clear reason,Mood fluctuates frequently,2
9851,I feel stressed and overwhelmed,Seems happy and social,3
9852,I feel worried about everything,She seems withdrawn and quiet,9
9853,I feel fine and stable,Often prefers to stay alone,7
9854,I feel tired and hopeless,He avoids family and sleeps a lot,7
9855,I feel calm and normal,Actively interacts with family,7
9856,I feel stressed and overwhelmed,Often prefers to stay alone,6
9857,I feel sad without any clear reason,He avoids family and sleeps a lot,9
9858,I feel tired and hopeless,Shows signs of irritability,10
9859,I feel calm and normal,Actively interacts with family,10
9860,I feel calm and normal,Seems happy and social,7
9861,I feel disconnected from people,Seems happy and social,9
9862,I feel tired and hopeless,He avoids family and sleeps a lot,5
9863,I feel fine and stable,No major change noticed,8
9864,I feel sad without any clear reason,No major change noticed,10
9865,I feel fine and stable,No major change noticed,9
9866,I feel emotionally numb,Mood fluctuates frequently,4
9867,I feel fine and stable,Mood fluctuates frequently,1
9868,I feel calm and normal,He avoids family and sleeps a lot,8
9869,I feel disconnected from people,No major change noticed,3
9870,I feel stressed and overwhelmed,No major change noticed,3
9871,I feel motivated and energetic,Mood fluctuates frequently,10
9872,I feel tired and hopeless,Appears emotionally distant,4
9873,I feel calm and normal,Mood fluctuates frequently,9
9874,I feel calm and normal,Mood fluctuates frequently,4
9875,I feel fine and stable,Appears emotionally distant,2
9876,I feel stressed and overwhelmed,Appears emotionally distant,5
9877,I feel calm and normal,Actively interacts with family,6
9878,I feel anxious most of the day,Mood fluctuates frequently,8
9879,I feel motivated and energetic,Shows signs of irritability,7
9880,I feel sad without any clear reason,Behavior appears normal,5
9881,I feel tired and hopeless,He avoids family and sleeps a lot,7
9882,I feel emotionally numb,Behavior appears normal,1
9883,I feel calm and normal,No major change noticed,7
9884,I feel disconnected from people,Appears emotionally distant,2
9885,I feel emotionally numb,Behavior appears normal,5
9886,I feel motivated and energetic,She seems withdrawn and quiet,9
9887,I feel sad without any clear reason,Actively interacts with family,10
9888,I feel anxious most of the day,She seems withdrawn and quiet,8
9889,I feel tired and hopeless,Behavior appears normal,4
9890,I feel sad without any clear reason,Often prefers to stay alone,3
9891,I feel disconnected from people,She seems withdrawn and quiet,1
9892,I feel motivated and energetic,Often prefers to stay alone,2
9893,I feel fine and stable,She seems withdrawn and quiet,8
9894,I feel calm and normal,Shows signs of irritability,9
9895,I feel sad without any clear reason,He avoids family and sleeps a lot,3
9896,I feel calm and normal,Behavior appears normal,5
9897,I feel worried about everything,Mood fluctuates frequently,1
9898,I feel tired and hopeless,No major change noticed,3
9899,I feel disconnected from people,Shows signs of irritability,2
9900,I feel stressed and overwhelmed,Behavior appears normal,10
9901,I feel fine and stable,Appears emotionally distant,6
9902,I feel emotionally numb,Seems happy and social,5
9903,I feel fine and stable,Seems happy and social,7
9904,I feel disconnected from people,He avoids family and sleeps a lot,9
9905,I feel worried about everything,No major change noticed,2
9906,I feel stressed and overwhelmed,She seems withdrawn and quiet,6
9907,I feel sad without any clear reason,Mood fluctuates frequently,10
9908,I feel motivated and energetic,She seems withdrawn and quiet,8
9909,I feel anxious most of the day,She seems withdrawn and quiet,9
9910,I feel calm and normal,Often prefers to stay alone,3
9911,I feel tired and hopeless,Behavior appears normal,5
9912,I feel disconnected from people,He avoids family and sleeps a lot,1
9913,I feel tired and hopeless,Mood fluctuates frequently,2
9914,I feel emotionally numb,Behavior appears normal,1
9915,I feel disconnected from people,Actively interacts with family,10
9916,I feel anxious most of the day,She seems withdrawn and quiet,3
9917,I feel emotionally numb,He avoids family and sleeps a lot,10
9918,I feel fine and stable,Seems happy and social,10
9919,I feel tired and hopeless,No major change noticed,5
9920,I feel sad without any clear reason,Mood fluctuates frequently,2
9921,I feel motivated and energetic,Shows signs of irritability,5
9922,I feel disconnected from people,Actively interacts with family,2
9923,I feel worried about everything,Shows signs of irritability,3
9924,I feel anxious most of the day,Actively interacts with family,2
9925,I feel stressed and overwhelmed,He avoids family and sleeps a lot,4
9926,I feel worried about everything,Seems happy and social,8
9927,I feel fine and stable,Mood fluctuates frequently,3
9928,I feel sad without any clear reason,Shows signs of irritability,1
9929,I feel emotionally numb,No major change noticed,5
9930,I feel sad without any clear reason,Behavior appears normal,1
9931,I feel anxious most of the day,Shows signs of irritability,2
9932,I feel motivated and energetic,Actively interacts with family,1
9933,I feel disconnected from people,Shows signs of irritability,8
9934,I feel worried about everything,Actively interacts with family,6
9935,I feel anxious most of the day,Mood fluctuates frequently,6
9936,I feel fine and stable,Seems happy and social,5
9937,I feel motivated and energetic,Often prefers to stay alone,10
9938,I feel motivated and energetic,Often prefers to stay alone,3
9939,I feel anxious most of the day,He avoids family and sleeps a lot,1
9940,I feel fine and stable,Actively interacts with family,8
9941,I feel anxious most of the day,Behavior appears normal,8
9942,I feel fine and stable,He avoids family and sleeps a lot,7
9943,I feel stressed and overwhelmed,She seems withdrawn and quiet,1
9944,I feel stressed and overwhelmed,No major change noticed,6
9945,I feel anxious most of the day,Seems happy and social,9
9946,I feel emotionally numb,Behavior appears normal,6
9947,I feel worried about everything,Appears emotionally distant,4
9948,I feel calm and normal,Actively interacts with family,5
9949,I feel worried about everything,Actively interacts with family,8
9950,I feel emotionally numb,Appears emotionally distant,10
9951,I feel fine and stable,Mood fluctuates frequently,5
9952,I feel worried about everything,Appears emotionally distant,9
9953,I feel motivated and energetic,Behavior appears normal,7
9954,I feel stressed and overwhelmed,No major change noticed,7
9955,I feel calm and normal,She seems withdrawn and quiet,1
9956,I feel disconnected from people,Behavior appears normal,10
9957,I feel tired and hopeless,Actively interacts with family,7
9958,I feel emotionally numb,No major change noticed,2
9959,I feel anxious most of the day,No major change noticed,7
9960,I feel stressed and overwhelmed,Behavior appears normal,8
9961,I feel calm and normal,Often prefers to stay alone,2
9962,I feel motivated and energetic,Actively interacts with family,6
9963,I feel motivated and energetic,Actively interacts with family,1
9964,I feel calm and normal,No major change noticed,5
9965,I feel calm and normal,Often prefers to stay alone,4
9966,I feel tired and hopeless,Seems happy and social,5
9967,I feel motivated and energetic,Shows signs of irritability,2
9968,I feel calm and normal,Often prefers to stay alone,5
9969,I feel disconnected from people,Shows signs of irritability,8
9970,I feel tired and hopeless,Appears emotionally distant,8
9971,I feel emotionally numb,Shows signs of irritability,2
9972,I feel anxious most of the day,Seems happy and social,10
9973,I feel worried about everything,She seems withdrawn and quiet,2
9974,I feel sad without any clear reason,She seems withdrawn and quiet,2
9975,I feel fine and stable,Behavior appears normal,6
9976,I feel sad without any clear reason,She seems withdrawn and quiet,8
9977,I feel motivated and energetic,Seems happy and social,5
9978,I feel fine and stable,Behavior appears normal,1
9979,I feel emotionally numb,No major change noticed,9
9980,I feel emotionally numb,Actively interacts with family,3
9981,I feel tired and hopeless,Often prefers to stay alone,9
9982,I feel sad without any clear reason,Behavior appears normal,6
9983,I feel motivated and energetic,Appears emotionally distant,4
9984,I feel disconnected from people,Behavior appears normal,5
9985,I feel stressed and overwhelmed,Shows signs of irritability,1
9986,I feel fine and stable,She seems withdrawn and quiet,2
9987,I feel worried about everything,Actively interacts with family,4
9988,I feel disconnected from people,She seems withdrawn and quiet,4
9989,I feel calm and normal,Actively interacts with family,9
9990,I feel motivated and energetic,Appears emotionally distant,5
9991,I feel fine and stable,No major change noticed,6
9992,I feel tired and hopeless,Appears emotionally distant,3
9993,I feel calm and normal,He avoids family and sleeps a lot,2
9994,I feel fine and stable,Actively interacts with family,8
9995,I feel stressed and overwhelmed,Seems happy and social,6
9996,I feel calm and normal,He avoids family and sleeps a lot,4
9997,I feel tired and hopeless,Seems happy and social,1
9998,I feel sad without any clear reason,Seems happy and social,1
9999,I feel disconnected from people,She seems withdrawn and quiet,8
10000,I feel stressed and overwhelmed,Mood fluctuates frequently,1
